AlertID,EventID,Timestamp,ThreatScore,RiskLevel,Severity,Priority,Status,AssignedTo,AlertCategory,RecommendedAction
ALT-006073,234747,2026-07-26 06:21:05,30.96,Medium,Low,P3,Open,Tier-1 SOC Analyst,Abnormal Traffic,Investigate suspicious activity
ALT-000530,19835,2026-07-26 06:21:18,98.91,Critical,Critical,P1,Resolved,Incident Response Team,Privilege Escalation,Immediately isolate the endpoint
ALT-004630,185980,2026-07-26 06:22:04,20.51,Medium,Low,P3,Investigating,Tier-1 SOC Analyst,Policy Violation,Investigate suspicious activity
ALT-005130,204253,2026-07-26 06:22:05,100.0,Critical,Critical,P1,Open,Incident Response Team,Privilege Escalation,Immediately isolate the endpoint
ALT-002031,69530,2026-07-26 06:22:44,100.0,Critical,Critical,P1,Open,Incident Response Team,Privilege Escalation,Immediately isolate the endpoint
ALT-004818,200747,2026-07-26 06:22:47,100.0,Critical,Critical,P1,Open,Incident Response Team,Data Exfiltration,Immediately isolate the endpoint
ALT-000828,31054,2026-07-26 06:23:05,100.0,Critical,Critical,P1,Open,Incident Response Team,Malware Infection,Immediately isolate the endpoint
ALT-000116,4177,2026-07-26 06:23:32,100.0,Critical,Critical,P1,Investigating,Incident Response Team,Data Exfiltration,Immediately isolate the endpoint
ALT-000893,34303,2026-07-26 06:23:52,100.0,Critical,Critical,P1,Investigating,Incident Response Team,Data Exfiltration,Immediately isolate the endpoint
ALT-004754,194040,2026-07-26 06:23:57,100.0,Critical,Critical,P1,Investigating,Incident Response Team,Malware Infection,Immediately isolate the endpoint
ALT-004454,180528,2026-07-26 06:24:20,100.0,Critical,Critical,P1,Open,Incident Response Team,Privilege Escalation,Immediately isolate the endpoint
ALT-004796,199617,2026-07-26 06:24:21,100.0,Critical,Critical,P1,Resolved,Incident Response Team,Ransomware,Immediately isolate the endpoint
ALT-003338,120113,2026-07-26 06:24:34,96.97,Critical,Critical,P1,Investigating,Incident Response Team,Malware Infection,Immediately isolate the endpoint
ALT-002571,90975,2026-07-26 06:25:10,100.0,Critical,Critical,P1,Open,Incident Response Team,Data Exfiltration,Immediately isolate the endpoint
ALT-005548,217555,2026-07-26 06:25:22,98.91,Critical,Critical,P1,Open,Incident Response Team,Data Exfiltration,Immediately isolate the endpoint
ALT-005235,207289,2026-07-26 06:25:27,100.0,Critical,Critical,P1,Open,Incident Response Team,Privilege Escalation,Immediately isolate the endpoint
ALT-004806,199627,2026-07-26 06:25:39,100.0,Critical,Critical,P1,Open,Incident Response Team,Privilege Escalation,Immediately isolate the endpoint
ALT-002877,104020,2026-07-26 06:25:46,100.0,Critical,Critical,P1,Open,Incident Response Team,Privilege Escalation,Immediately isolate the endpoint
ALT-005754,229613,2026-07-26 06:26:14,100.0,Critical,Critical,P1,Open,Incident Response Team,Privilege Escalation,Immediately isolate the endpoint
ALT-004201,166161,2026-07-26 06:27:09,100.0,Critical,Critical,P1,Open,Incident Response Team,Malware Infection,Immediately isolate the endpoint
ALT-004325,172388,2026-07-26 06:27:37,100.0,Critical,Critical,P1,Investigating,Incident Response Team,Malware Infection,Immediately isolate the endpoint
ALT-003105,112184,2026-07-26 06:27:38,37.64,Medium,Low,P3,Open,Tier-1 SOC Analyst,Port Scan,Investigate suspicious activity
ALT-003803,140903,2026-07-26 06:27:44,100.0,Critical,Critical,P1,Open,Incident Response Team,Privilege Escalation,Immediately isolate the endpoint
ALT-000203,5740,2026-07-26 06:28:07,100.0,Critical,Critical,P1,Open,Incident Response Team,Privilege Escalation,Immediately isolate the endpoint
ALT-001555,55755,2026-07-26 06:28:37,100.0,Critical,Critical,P1,Open,Incident Response Team,Data Exfiltration,Immediately isolate the endpoint
ALT-005114,204237,2026-07-26 06:28:45,100.0,Critical,Critical,P1,Investigating,Incident Response Team,Malware Infection,Immediately isolate the endpoint
ALT-000079,2630,2026-07-26 06:28:55,98.98,Critical,Critical,P1,Open,Incident Response Team,Malware Infection,Immediately isolate the endpoint
ALT-001241,46339,2026-07-26 06:28:58,41.65,Medium,Low,P3,Open,Tier-1 SOC Analyst,Port Scan,Investigate suspicious activity
ALT-003704,136961,2026-07-26 06:28:59,100.0,Critical,Critical,P1,Open,Incident Response Team,Privilege Escalation,Immediately isolate the endpoint
ALT-005452,213286,2026-07-26 06:29:52,100.0,Critical,Critical,P1,Open,Incident Response Team,Data Exfiltration,Immediately isolate the endpoint
ALT-004149,159368,2026-07-26 06:29:54,99.39,Critical,Critical,P1,Investigating,Incident Response Team,Ransomware,Immediately isolate the endpoint
ALT-001647,58829,2026-07-26 06:29:58,100.0,Critical,Critical,P1,Open,Incident Response Team,Malware Infection,Immediately isolate the endpoint
ALT-004510,181883,2026-07-26 06:30:01,100.0,Critical,Critical,P1,Open,Incident Response Team,Privilege Escalation,Immediately isolate the endpoint
ALT-005987,233152,2026-07-26 06:30:14,100.0,Critical,Critical,P1,Resolved,Incident Response Team,Malware Infection,Immediately isolate the endpoint
ALT-005374,212558,2026-07-26 06:30:16,20.17,Medium,Low,P3,Resolved,Tier-1 SOC Analyst,Abnormal Traffic,Investigate suspicious activity
ALT-000098,2649,2026-07-26 06:30:21,99.07,Critical,Critical,P1,Investigating,Incident Response Team,Privilege Escalation,Immediately isolate the endpoint
ALT-006094,235238,2026-07-26 06:30:53,100.0,Critical,Critical,P1,Open,Incident Response Team,Ransomware,Immediately isolate the endpoint
ALT-001630,57700,2026-07-26 06:31:05,99.98,Critical,Critical,P1,Open,Incident Response Team,Ransomware,Immediately isolate the endpoint
ALT-003826,140926,2026-07-26 06:31:51,100.0,Critical,Critical,P1,Investigating,Incident Response Team,Data Exfiltration,Immediately isolate the endpoint
ALT-000126,4187,2026-07-26 06:31:59,100.0,Critical,Critical,P1,Open,Incident Response Team,Malware Infection,Immediately isolate the endpoint
ALT-002859,104002,2026-07-26 06:32:09,100.0,Critical,Critical,P1,Open,Incident Response Team,Privilege Escalation,Immediately isolate the endpoint
ALT-003041,109494,2026-07-26 06:32:10,100.0,Critical,Critical,P1,Open,Incident Response Team,Data Exfiltration,Immediately isolate the endpoint
ALT-005021,203191,2026-07-26 06:32:17,21.83,Medium,Low,P3,Open,Tier-1 SOC Analyst,Abnormal Traffic,Investigate suspicious activity
ALT-002458,85083,2026-07-26 06:32:31,100.0,Critical,Critical,P1,Resolved,Incident Response Team,Data Exfiltration,Immediately isolate the endpoint
ALT-003682,136425,2026-07-26 06:32:36,100.0,Critical,Critical,P1,Open,Incident Response Team,Ransomware,Immediately isolate the endpoint
ALT-005272,208414,2026-07-26 06:33:27,100.0,Critical,Critical,P1,Investigating,Incident Response Team,Data Exfiltration,Immediately isolate the endpoint
ALT-001698,60034,2026-07-26 06:33:34,100.0,Critical,Critical,P1,Open,Incident Response Team,Malware Infection,Immediately isolate the endpoint
ALT-004452,180526,2026-07-26 06:33:35,100.0,Critical,Critical,P1,Open,Incident Response Team,Malware Infection,Immediately isolate the endpoint
ALT-004262,167137,2026-07-26 06:33:40,100.0,Critical,Critical,P1,Open,Incident Response Team,Data Exfiltration,Immediately isolate the endpoint
ALT-002036,69535,2026-07-26 06:33:46,99.55,Critical,Critical,P1,Open,Incident Response Team,Malware Infection,Immediately isolate the endpoint
ALT-003358,120133,2026-07-26 06:34:06,97.84,Critical,Critical,P1,Resolved,Incident Response Team,Ransomware,Immediately isolate the endpoint
ALT-003856,142660,2026-07-26 06:34:17,100.0,Critical,Critical,P1,Investigating,Incident Response Team,Ransomware,Immediately isolate the endpoint
ALT-003686,136943,2026-07-26 06:34:46,100.0,Critical,Critical,P1,Resolved,Incident Response Team,Malware Infection,Immediately isolate the endpoint
ALT-004965,202497,2026-07-26 06:34:55,100.0,Critical,Critical,P1,Investigating,Incident Response Team,Ransomware,Immediately isolate the endpoint
ALT-001897,64105,2026-07-26 06:35:15,97.12,Critical,Critical,P1,Open,Incident Response Team,Malware Infection,Immediately isolate the endpoint
ALT-003812,140912,2026-07-26 06:35:17,100.0,Critical,Critical,P1,Resolved,Incident Response Team,Data Exfiltration,Immediately isolate the endpoint
ALT-002447,85072,2026-07-26 06:35:21,100.0,Critical,Critical,P1,Open,Incident Response Team,Privilege Escalation,Immediately isolate the endpoint
ALT-004138,159357,2026-07-26 06:35:35,100.0,Critical,Critical,P1,Open,Incident Response Team,Malware Infection,Immediately isolate the endpoint
ALT-001303,49239,2026-07-26 06:35:59,99.46,Critical,Critical,P1,Open,Incident Response Team,Data Exfiltration,Immediately isolate the endpoint
ALT-001252,46350,2026-07-26 06:36:29,22.37,Medium,Low,P3,Open,Tier-1 SOC Analyst,Port Scan,Investigate suspicious activity
ALT-002998,108752,2026-07-26 06:36:40,99.97,Critical,Critical,P1,Open,Incident Response Team,Privilege Escalation,Immediately isolate the endpoint
ALT-003953,149284,2026-07-26 06:36:41,99.95,Critical,Critical,P1,Open,Incident Response Team,Malware Infection,Immediately isolate the endpoint
ALT-002296,81726,2026-07-26 06:36:45,100.0,Critical,Critical,P1,Investigating,Incident Response Team,Data Exfiltration,Immediately isolate the endpoint
ALT-003237,115147,2026-07-26 06:36:49,100.0,Critical,Critical,P1,Open,Incident Response Team,Data Exfiltration,Immediately isolate the endpoint
ALT-001427,52851,2026-07-26 06:37:07,49.45,Medium,Low,P3,Open,Tier-1 SOC Analyst,Port Scan,Investigate suspicious activity
ALT-000881,34291,2026-07-26 06:37:09,100.0,Critical,Critical,P1,Open,Incident Response Team,Malware Infection,Immediately isolate the endpoint
ALT-002652,95371,2026-07-26 06:37:30,39.87,Medium,Low,P3,Open,Tier-1 SOC Analyst,Port Scan,Investigate suspicious activity
ALT-005284,208426,2026-07-26 06:38:05,100.0,Critical,Critical,P1,Investigating,Incident Response Team,Privilege Escalation,Immediately isolate the endpoint
ALT-000865,32757,2026-07-26 06:38:06,100.0,Critical,Critical,P1,Open,Incident Response Team,Privilege Escalation,Immediately isolate the endpoint
ALT-005137,205575,2026-07-26 06:38:09,98.71,Critical,Critical,P1,Resolved,Incident Response Team,Malware Infection,Immediately isolate the endpoint
ALT-001465,53793,2026-07-26 06:38:15,60.23,High,Medium,P2,Investigating,Tier-2 SOC Analyst,Unauthorized Access,Notify security team
ALT-002753,98853,2026-07-26 06:38:26,100.0,Critical,Critical,P1,Open,Incident Response Team,Data Exfiltration,Immediately isolate the endpoint
ALT-005350,210999,2026-07-26 06:38:33,50.8,High,Medium,P2,Open,Tier-2 SOC Analyst,Brute Force Attack,Notify security team
ALT-003430,121725,2026-07-26 06:38:38,68.62,High,Medium,P2,Investigating,Tier-2 SOC Analyst,Network Intrusion,Notify security team
ALT-000402,13779,2026-07-26 06:39:06,31.39,Medium,Low,P3,Investigating,Tier-1 SOC Analyst,Policy Violation,Investigate suspicious activity
ALT-003617,131724,2026-07-26 06:39:19,100.0,Critical,Critical,P1,Investigating,Incident Response Team,Privilege Escalation,Immediately isolate the endpoint
ALT-003058,110865,2026-07-26 06:39:24,100.0,Critical,Critical,P1,Investigating,Incident Response Team,Ransomware,Immediately isolate the endpoint
ALT-002337,82780,2026-07-26 06:39:25,100.0,Critical,Critical,P1,Open,Incident Response Team,Malware Infection,Immediately isolate the endpoint
ALT-003946,148420,2026-07-26 06:39:32,99.86,Critical,Critical,P1,Open,Incident Response Team,Privilege Escalation,Immediately isolate the endpoint
ALT-000360,13163,2026-07-26 06:40:15,100.0,Critical,Critical,P1,Open,Incident Response Team,Ransomware,Immediately isolate the endpoint
ALT-005040,203212,2026-07-26 06:40:15,25.88,Medium,Low,P3,Investigating,Tier-1 SOC Analyst,Port Scan,Investigate suspicious activity
ALT-006151,238105,2026-07-26 06:40:51,100.0,Critical,Critical,P1,Investigating,Incident Response Team,Privilege Escalation,Immediately isolate the endpoint
ALT-001192,45471,2026-07-26 06:40:58,100.0,Critical,Critical,P1,Open,Incident Response Team,Data Exfiltration,Immediately isolate the endpoint
ALT-005125,204248,2026-07-26 06:41:21,100.0,Critical,Critical,P1,Open,Incident Response Team,Malware Infection,Immediately isolate the endpoint
ALT-001212,45491,2026-07-26 06:41:25,100.0,Critical,Critical,P1,Open,Incident Response Team,Privilege Escalation,Immediately isolate the endpoint
ALT-005775,229983,2026-07-26 06:41:38,100.0,Critical,Critical,P1,Open,Incident Response Team,Data Exfiltration,Immediately isolate the endpoint
ALT-002370,83781,2026-07-26 06:41:40,45.12,Medium,Low,P3,Investigating,Tier-1 SOC Analyst,Port Scan,Investigate suspicious activity
ALT-004432,177896,2026-07-26 06:41:49,84.37,Critical,Critical,P1,Investigating,Incident Response Team,Malware Infection,Immediately isolate the endpoint
ALT-002179,75899,2026-07-26 06:42:02,26.2,Medium,Low,P3,Investigating,Tier-1 SOC Analyst,Port Scan,Investigate suspicious activity
ALT-000190,5727,2026-07-26 06:42:26,99.99,Critical,Critical,P1,Open,Incident Response Team,Ransomware,Immediately isolate the endpoint
ALT-005871,231211,2026-07-26 06:42:30,100.0,Critical,Critical,P1,Open,Incident Response Team,Privilege Escalation,Immediately isolate the endpoint
ALT-004688,189098,2026-07-26 06:42:35,100.0,Critical,Critical,P1,Investigating,Incident Response Team,Malware Infection,Immediately isolate the endpoint
ALT-001068,43587,2026-07-26 06:42:37,100.0,Critical,Critical,P1,Investigating,Incident Response Team,Data Exfiltration,Immediately isolate the endpoint
ALT-001610,57496,2026-07-26 06:43:03,100.0,Critical,Critical,P1,Open,Incident Response Team,Privilege Escalation,Immediately isolate the endpoint
ALT-005128,204251,2026-07-26 06:43:20,100.0,Critical,Critical,P1,Investigating,Incident Response Team,Ransomware,Immediately isolate the endpoint
ALT-002962,108716,2026-07-26 06:43:26,100.0,Critical,Critical,P1,Open,Incident Response Team,Ransomware,Immediately isolate the endpoint
ALT-004126,158864,2026-07-26 06:43:38,100.0,Critical,Critical,P1,Open,Incident Response Team,Malware Infection,Immediately isolate the endpoint
ALT-003119,112198,2026-07-26 06:44:00,30.15,Medium,Low,P3,Open,Tier-1 SOC Analyst,Port Scan,Investigate suspicious activity
ALT-003402,121282,2026-07-26 06:44:04,100.0,Critical,Critical,P1,Open,Incident Response Team,Ransomware,Immediately isolate the endpoint
ALT-003502,126659,2026-07-26 06:44:15,99.1,Critical,Critical,P1,Open,Incident Response Team,Privilege Escalation,Immediately isolate the endpoint
ALT-002886,105094,2026-07-26 06:44:21,100.0,Critical,Critical,P1,Open,Incident Response Team,Ransomware,Immediately isolate the endpoint
ALT-004309,169614,2026-07-26 06:44:27,100.0,Critical,Critical,P1,Investigating,Incident Response Team,Privilege Escalation,Immediately isolate the endpoint
ALT-003858,142662,2026-07-26 06:44:38,100.0,Critical,Critical,P1,Open,Incident Response Team,Malware Infection,Immediately isolate the endpoint
ALT-001981,66986,2026-07-26 06:44:52,99.83,Critical,Critical,P1,Open,Incident Response Team,Malware Infection,Immediately isolate the endpoint
ALT-002593,91546,2026-07-26 06:45:01,99.99,Critical,Critical,P1,Resolved,Incident Response Team,Malware Infection,Immediately isolate the endpoint
ALT-000595,21705,2026-07-26 06:45:23,100.0,Critical,Critical,P1,Open,Incident Response Team,Malware Infection,Immediately isolate the endpoint
ALT-002085,70748,2026-07-26 06:45:34,100.0,Critical,Critical,P1,Open,Incident Response Team,Privilege Escalation,Immediately isolate the endpoint
ALT-003892,146552,2026-07-26 06:46:06,55.93,High,Medium,P2,Investigating,Tier-2 SOC Analyst,Network Intrusion,Notify security team
ALT-002247,78459,2026-07-26 06:46:14,49.11,Medium,Low,P3,Open,Tier-1 SOC Analyst,Abnormal Traffic,Investigate suspicious activity
ALT-002534,86286,2026-07-26 06:46:14,35.48,Medium,Low,P3,Open,Tier-1 SOC Analyst,Policy Violation,Investigate suspicious activity
ALT-002631,92170,2026-07-26 06:46:39,100.0,Critical,Critical,P1,Open,Incident Response Team,Ransomware,Immediately isolate the endpoint
ALT-000155,4895,2026-07-26 06:46:48,94.73,Critical,Critical,P1,Open,Incident Response Team,Privilege Escalation,Immediately isolate the endpoint
ALT-001287,47211,2026-07-26 06:46:52,59.17,High,Medium,P2,Resolved,Tier-2 SOC Analyst,Unauthorized Access,Notify security team
ALT-000125,4186,2026-07-26 06:47:01,100.0,Critical,Critical,P1,Investigating,Incident Response Team,Privilege Escalation,Immediately isolate the endpoint
ALT-005339,210988,2026-07-26 06:47:04,51.89,High,Medium,P2,Investigating,Tier-2 SOC Analyst,Suspicious Login,Notify security team
ALT-000659,26282,2026-07-26 06:47:31,100.0,Critical,Critical,P1,Investigating,Incident Response Team,Ransomware,Immediately isolate the endpoint
ALT-004082,158635,2026-07-26 06:47:34,69.28,High,Medium,P2,Investigating,Tier-2 SOC Analyst,Unauthorized Access,Notify security team
ALT-000478,17635,2026-07-26 06:47:44,100.0,Critical,Critical,P1,Open,Incident Response Team,Ransomware,Immediately isolate the endpoint
ALT-004310,169615,2026-07-26 06:47:51,100.0,Critical,Critical,P1,Investigating,Incident Response Team,Ransomware,Immediately isolate the endpoint
ALT-001749,60635,2026-07-26 06:48:02,100.0,Critical,Critical,P1,Open,Incident Response Team,Data Exfiltration,Immediately isolate the endpoint
ALT-001688,60024,2026-07-26 06:48:09,100.0,Critical,Critical,P1,Investigating,Incident Response Team,Ransomware,Immediately isolate the endpoint
ALT-002698,98122,2026-07-26 06:48:49,100.0,Critical,Critical,P1,Investigating,Incident Response Team,Ransomware,Immediately isolate the endpoint
ALT-002152,74504,2026-07-26 06:48:56,99.99,Critical,Critical,P1,Open,Incident Response Team,Data Exfiltration,Immediately isolate the endpoint
ALT-000022,2364,2026-07-26 06:49:04,98.49,Critical,Critical,P1,Open,Incident Response Team,Ransomware,Immediately isolate the endpoint
ALT-004651,186300,2026-07-26 06:49:45,100.0,Critical,Critical,P1,Open,Incident Response Team,Malware Infection,Immediately isolate the endpoint
ALT-001801,61230,2026-07-26 06:49:56,99.5,Critical,Critical,P1,Open,Incident Response Team,Privilege Escalation,Immediately isolate the endpoint
ALT-000628,24931,2026-07-26 06:49:57,100.0,Critical,Critical,P1,Investigating,Incident Response Team,Data Exfiltration,Immediately isolate the endpoint
ALT-001617,57503,2026-07-26 06:50:23,100.0,Critical,Critical,P1,Investigating,Incident Response Team,Data Exfiltration,Immediately isolate the endpoint
ALT-003954,149285,2026-07-26 06:50:30,100.0,Critical,Critical,P1,Open,Incident Response Team,Ransomware,Immediately isolate the endpoint
ALT-006062,234718,2026-07-26 06:50:42,36.89,Medium,Low,P3,Open,Tier-1 SOC Analyst,Reconnaissance,Investigate suspicious activity
ALT-005428,213241,2026-07-26 06:50:44,100.0,Critical,Critical,P1,Open,Incident Response Team,Malware Infection,Immediately isolate the endpoint
ALT-002987,108741,2026-07-26 06:50:54,100.0,Critical,Critical,P1,Open,Incident Response Team,Ransomware,Immediately isolate the endpoint
ALT-000338,13141,2026-07-26 06:51:12,100.0,Critical,Critical,P1,Open,Incident Response Team,Ransomware,Immediately isolate the endpoint
ALT-003200,114403,2026-07-26 06:51:15,100.0,Critical,Critical,P1,Open,Incident Response Team,Malware Infection,Immediately isolate the endpoint
ALT-005552,217559,2026-07-26 06:51:26,98.89,Critical,Critical,P1,Resolved,Incident Response Team,Ransomware,Immediately isolate the endpoint
ALT-003993,152935,2026-07-26 06:51:44,100.0,Critical,Critical,P1,Open,Incident Response Team,Ransomware,Immediately isolate the endpoint
ALT-002917,105811,2026-07-26 06:51:53,99.99,Critical,Critical,P1,Open,Incident Response Team,Ransomware,Immediately isolate the endpoint
ALT-003986,149831,2026-07-26 06:51:55,25.0,Medium,Low,P3,Investigating,Tier-1 SOC Analyst,Abnormal Traffic,Investigate suspicious activity
ALT-000394,13766,2026-07-26 06:52:16,21.31,Medium,Low,P3,Open,Tier-1 SOC Analyst,Port Scan,Investigate suspicious activity
ALT-005215,207269,2026-07-26 06:52:17,100.0,Critical,Critical,P1,Resolved,Incident Response Team,Malware Infection,Immediately isolate the endpoint
ALT-002312,82755,2026-07-26 06:52:35,100.0,Critical,Critical,P1,Resolved,Incident Response Team,Malware Infection,Immediately isolate the endpoint
ALT-000265,9933,2026-07-26 06:52:42,37.82,Medium,Low,P3,Open,Tier-1 SOC Analyst,Policy Violation,Investigate suspicious activity
ALT-003504,126661,2026-07-26 06:53:32,99.09,Critical,Critical,P1,Open,Incident Response Team,Malware Infection,Immediately isolate the endpoint
ALT-005111,204234,2026-07-26 06:53:39,100.0,Critical,Critical,P1,Open,Incident Response Team,Data Exfiltration,Immediately isolate the endpoint
ALT-001128,44847,2026-07-26 06:53:41,37.28,Medium,Low,P3,Open,Tier-1 SOC Analyst,Reconnaissance,Investigate suspicious activity
ALT-003400,121280,2026-07-26 06:54:13,100.0,Critical,Critical,P1,Open,Incident Response Team,Privilege Escalation,Immediately isolate the endpoint
ALT-001304,49240,2026-07-26 06:54:49,99.5,Critical,Critical,P1,Investigating,Incident Response Team,Ransomware,Immediately isolate the endpoint
ALT-001279,47203,2026-07-26 06:55:02,62.48,High,Medium,P2,Open,Tier-2 SOC Analyst,Brute Force Attack,Notify security team
ALT-002305,81735,2026-07-26 06:55:03,100.0,Critical,Critical,P1,Open,Incident Response Team,Malware Infection,Immediately isolate the endpoint
ALT-003382,120564,2026-07-26 06:55:12,100.0,Critical,Critical,P1,Open,Incident Response Team,Data Exfiltration,Immediately isolate the endpoint
ALT-003155,112235,2026-07-26 06:55:34,36.29,Medium,Low,P3,Resolved,Tier-1 SOC Analyst,Policy Violation,Investigate suspicious activity
ALT-003113,112192,2026-07-26 06:55:36,31.28,Medium,Low,P3,Open,Tier-1 SOC Analyst,Policy Violation,Investigate suspicious activity
ALT-004832,200761,2026-07-26 06:55:41,99.78,Critical,Critical,P1,Open,Incident Response Team,Ransomware,Immediately isolate the endpoint
ALT-004801,199622,2026-07-26 06:55:56,100.0,Critical,Critical,P1,Open,Incident Response Team,Data Exfiltration,Immediately isolate the endpoint
ALT-002789,100091,2026-07-26 06:56:16,21.14,Medium,Low,P3,Resolved,Tier-1 SOC Analyst,Policy Violation,Investigate suspicious activity
ALT-001183,45462,2026-07-26 06:56:26,100.0,Critical,Critical,P1,Open,Incident Response Team,Privilege Escalation,Immediately isolate the endpoint
ALT-000646,26269,2026-07-26 06:56:45,100.0,Critical,Critical,P1,Investigating,Incident Response Team,Malware Infection,Immediately isolate the endpoint
ALT-005960,232693,2026-07-26 06:56:47,98.84,Critical,Critical,P1,Investigating,Incident Response Team,Malware Infection,Immediately isolate the endpoint
ALT-003347,120122,2026-07-26 06:57:13,97.7,Critical,Critical,P1,Open,Incident Response Team,Privilege Escalation,Immediately isolate the endpoint
ALT-002997,108751,2026-07-26 06:58:22,99.99,Critical,Critical,P1,Investigating,Incident Response Team,Data Exfiltration,Immediately isolate the endpoint
ALT-003002,108756,2026-07-26 06:58:51,99.99,Critical,Critical,P1,Open,Incident Response Team,Ransomware,Immediately isolate the endpoint
ALT-000058,2400,2026-07-26 06:59:13,99.6,Critical,Critical,P1,Investigating,Incident Response Team,Malware Infection,Immediately isolate the endpoint
ALT-000901,35078,2026-07-26 06:59:27,100.0,Critical,Critical,P1,Investigating,Incident Response Team,Malware Infection,Immediately isolate the endpoint
ALT-006083,234885,2026-07-26 06:59:28,99.86,Critical,Critical,P1,Open,Incident Response Team,Ransomware,Immediately isolate the endpoint
ALT-002044,69543,2026-07-26 06:59:30,99.56,Critical,Critical,P1,Open,Incident Response Team,Malware Infection,Immediately isolate the endpoint
ALT-000157,5403,2026-07-26 07:00:02,100.0,Critical,Critical,P1,Investigating,Incident Response Team,Data Exfiltration,Immediately isolate the endpoint
ALT-005902,231390,2026-07-26 07:00:21,99.94,Critical,Critical,P1,Open,Incident Response Team,Data Exfiltration,Immediately isolate the endpoint
ALT-003181,114384,2026-07-26 07:00:30,100.0,Critical,Critical,P1,Open,Incident Response Team,Ransomware,Immediately isolate the endpoint
ALT-001242,46340,2026-07-26 07:01:02,44.16,Medium,Low,P3,Open,Tier-1 SOC Analyst,Port Scan,Investigate suspicious activity
ALT-003417,121712,2026-07-26 07:01:04,62.42,High,Medium,P2,Open,Tier-2 SOC Analyst,Suspicious Login,Notify security team
ALT-004876,201413,2026-07-26 07:01:32,29.88,Medium,Low,P3,Investigating,Tier-1 SOC Analyst,Port Scan,Investigate suspicious activity
ALT-004778,196703,2026-07-26 07:01:34,25.81,Medium,Low,P3,Open,Tier-1 SOC Analyst,Reconnaissance,Investigate suspicious activity
ALT-003264,117552,2026-07-26 07:01:40,99.79,Critical,Critical,P1,Open,Incident Response Team,Ransomware,Immediately isolate the endpoint
ALT-005592,223385,2026-07-26 07:01:47,100.0,Critical,Critical,P1,Open,Incident Response Team,Data Exfiltration,Immediately isolate the endpoint
ALT-000868,32760,2026-07-26 07:01:53,100.0,Critical,Critical,P1,Investigating,Incident Response Team,Privilege Escalation,Immediately isolate the endpoint
ALT-000331,11461,2026-07-26 07:01:58,99.96,Critical,Critical,P1,Open,Incident Response Team,Privilege Escalation,Immediately isolate the endpoint
ALT-004859,200999,2026-07-26 07:02:20,51.69,High,Medium,P2,Investigating,Tier-2 SOC Analyst,Brute Force Attack,Notify security team
ALT-001958,66025,2026-07-26 07:02:26,61.93,High,Medium,P2,Open,Tier-2 SOC Analyst,Suspicious Login,Notify security team
ALT-005263,208189,2026-07-26 07:02:32,100.0,Critical,Critical,P1,Resolved,Incident Response Team,Ransomware,Immediately isolate the endpoint
ALT-005105,204228,2026-07-26 07:02:34,100.0,Critical,Critical,P1,Open,Incident Response Team,Malware Infection,Immediately isolate the endpoint
ALT-004248,166320,2026-07-26 07:03:46,100.0,Critical,Critical,P1,Open,Incident Response Team,Data Exfiltration,Immediately isolate the endpoint
ALT-002412,84069,2026-07-26 07:03:57,100.0,Critical,Critical,P1,Open,Incident Response Team,Malware Infection,Immediately isolate the endpoint
ALT-001977,66044,2026-07-26 07:04:02,69.96,High,Medium,P2,Resolved,Tier-2 SOC Analyst,Unauthorized Access,Notify security team
ALT-001497,53839,2026-07-26 07:04:06,57.39,High,Medium,P2,Investigating,Tier-2 SOC Analyst,Suspicious Login,Notify security team
ALT-003757,137985,2026-07-26 07:04:10,99.61,Critical,Critical,P1,Open,Incident Response Team,Data Exfiltration,Immediately isolate the endpoint
ALT-003259,117486,2026-07-26 07:04:23,20.4,Medium,Low,P3,Investigating,Tier-1 SOC Analyst,Port Scan,Investigate suspicious activity
ALT-003635,135888,2026-07-26 07:05:28,99.61,Critical,Critical,P1,Investigating,Incident Response Team,Data Exfiltration,Immediately isolate the endpoint
ALT-005628,223711,2026-07-26 07:05:42,99.52,Critical,Critical,P1,Open,Incident Response Team,Data Exfiltration,Immediately isolate the endpoint
ALT-003344,120119,2026-07-26 07:06:09,97.72,Critical,Critical,P1,Open,Incident Response Team,Malware Infection,Immediately isolate the endpoint
ALT-004042,155181,2026-07-26 07:06:11,99.67,Critical,Critical,P1,Open,Incident Response Team,Privilege Escalation,Immediately isolate the endpoint
ALT-002721,98279,2026-07-26 07:06:21,100.0,Critical,Critical,P1,Open,Incident Response Team,Privilege Escalation,Immediately isolate the endpoint
ALT-003006,108760,2026-07-26 07:06:45,99.99,Critical,Critical,P1,Investigating,Incident Response Team,Data Exfiltration,Immediately isolate the endpoint
ALT-002629,92168,2026-07-26 07:06:52,100.0,Critical,Critical,P1,Resolved,Incident Response Team,Privilege Escalation,Immediately isolate the endpoint
ALT-004236,166308,2026-07-26 07:06:56,100.0,Critical,Critical,P1,Investigating,Incident Response Team,Data Exfiltration,Immediately isolate the endpoint
ALT-006049,234096,2026-07-26 07:07:06,100.0,Critical,Critical,P1,Open,Incident Response Team,Ransomware,Immediately isolate the endpoint
ALT-004113,158851,2026-07-26 07:07:13,100.0,Critical,Critical,P1,Open,Incident Response Team,Malware Infection,Immediately isolate the endpoint
ALT-000202,5739,2026-07-26 07:07:14,99.99,Critical,Critical,P1,Investigating,Incident Response Team,Privilege Escalation,Immediately isolate the endpoint
ALT-003204,114574,2026-07-26 07:07:49,97.41,Critical,Critical,P1,Investigating,Incident Response Team,Data Exfiltration,Immediately isolate the endpoint
ALT-005831,230813,2026-07-26 07:07:50,99.95,Critical,Critical,P1,Investigating,Incident Response Team,Malware Infection,Immediately isolate the endpoint
ALT-005335,210725,2026-07-26 07:07:51,33.97,Medium,Low,P3,Investigating,Tier-1 SOC Analyst,Port Scan,Investigate suspicious activity
ALT-003496,126473,2026-07-26 07:08:00,98.76,Critical,Critical,P1,Investigating,Incident Response Team,Data Exfiltration,Immediately isolate the endpoint
ALT-002635,92174,2026-07-26 07:08:33,100.0,Critical,Critical,P1,Open,Incident Response Team,Privilege Escalation,Immediately isolate the endpoint
ALT-002543,86295,2026-07-26 07:08:41,40.65,Medium,Low,P3,Open,Tier-1 SOC Analyst,Port Scan,Investigate suspicious activity
ALT-003368,120550,2026-07-26 07:08:51,100.0,Critical,Critical,P1,Investigating,Incident Response Team,Ransomware,Immediately isolate the endpoint
ALT-004404,176655,2026-07-26 07:09:02,100.0,Critical,Critical,P1,Investigating,Incident Response Team,Data Exfiltration,Immediately isolate the endpoint
ALT-003683,136426,2026-07-26 07:09:28,100.0,Critical,Critical,P1,Open,Incident Response Team,Ransomware,Immediately isolate the endpoint
ALT-001324,49260,2026-07-26 07:10:00,100.0,Critical,Critical,P1,Open,Incident Response Team,Privilege Escalation,Immediately isolate the endpoint
ALT-002863,104006,2026-07-26 07:10:09,100.0,Critical,Critical,P1,Investigating,Incident Response Team,Data Exfiltration,Immediately isolate the endpoint
ALT-000926,35103,2026-07-26 07:10:28,100.0,Critical,Critical,P1,Open,Incident Response Team,Malware Infection,Immediately isolate the endpoint
ALT-004907,201547,2026-07-26 07:10:35,99.99,Critical,Critical,P1,Open,Incident Response Team,Ransomware,Immediately isolate the endpoint
ALT-002285,81715,2026-07-26 07:11:01,100.0,Critical,Critical,P1,Open,Incident Response Team,Privilege Escalation,Immediately isolate the endpoint
ALT-000382,13385,2026-07-26 07:11:04,100.0,Critical,Critical,P1,Investigating,Incident Response Team,Privilege Escalation,Immediately isolate the endpoint
ALT-001592,56198,2026-07-26 07:11:12,100.0,Critical,Critical,P1,Investigating,Incident Response Team,Malware Infection,Immediately isolate the endpoint
ALT-004712,189122,2026-07-26 07:11:13,100.0,Critical,Critical,P1,Open,Incident Response Team,Malware Infection,Immediately isolate the endpoint
ALT-000163,5409,2026-07-26 07:11:24,100.0,Critical,Critical,P1,Investigating,Incident Response Team,Ransomware,Immediately isolate the endpoint
ALT-000269,10057,2026-07-26 07:11:27,100.0,Critical,Critical,P1,Open,Incident Response Team,Ransomware,Immediately isolate the endpoint
ALT-003791,139048,2026-07-26 07:11:40,21.87,Medium,Low,P3,Open,Tier-1 SOC Analyst,Abnormal Traffic,Investigate suspicious activity
ALT-000456,15570,2026-07-26 07:11:43,99.98,Critical,Critical,P1,Investigating,Incident Response Team,Privilege Escalation,Immediately isolate the endpoint
ALT-001540,54839,2026-07-26 07:12:03,100.0,Critical,Critical,P1,Investigating,Incident Response Team,Data Exfiltration,Immediately isolate the endpoint
ALT-005318,210708,2026-07-26 07:12:38,53.79,High,Medium,P2,Investigating,Tier-2 SOC Analyst,Brute Force Attack,Notify security team
ALT-000665,26288,2026-07-26 07:12:39,100.0,Critical,Critical,P1,Investigating,Incident Response Team,Privilege Escalation,Immediately isolate the endpoint
ALT-000172,5418,2026-07-26 07:12:40,100.0,Critical,Critical,P1,Open,Incident Response Team,Privilege Escalation,Immediately isolate the endpoint
ALT-004345,174230,2026-07-26 07:13:17,100.0,Critical,Critical,P1,Open,Incident Response Team,Malware Infection,Immediately isolate the endpoint
ALT-000326,11456,2026-07-26 07:13:19,99.96,Critical,Critical,P1,Open,Incident Response Team,Ransomware,Immediately isolate the endpoint
ALT-002595,91548,2026-07-26 07:13:22,99.99,Critical,Critical,P1,Open,Incident Response Team,Privilege Escalation,Immediately isolate the endpoint
ALT-001446,53774,2026-07-26 07:13:27,54.39,High,Medium,P2,Open,Tier-2 SOC Analyst,Unauthorized Access,Notify security team
ALT-004382,176633,2026-07-26 07:13:46,100.0,Critical,Critical,P1,Resolved,Incident Response Team,Malware Infection,Immediately isolate the endpoint
ALT-003689,136946,2026-07-26 07:14:13,100.0,Critical,Critical,P1,Open,Incident Response Team,Ransomware,Immediately isolate the endpoint
ALT-004121,158859,2026-07-26 07:14:53,100.0,Critical,Critical,P1,Investigating,Incident Response Team,Ransomware,Immediately isolate the endpoint
ALT-003869,142673,2026-07-26 07:15:04,100.0,Critical,Critical,P1,Investigating,Incident Response Team,Privilege Escalation,Immediately isolate the endpoint
ALT-002094,70757,2026-07-26 07:15:05,99.27,Critical,Critical,P1,Investigating,Incident Response Team,Privilege Escalation,Immediately isolate the endpoint
ALT-004383,176634,2026-07-26 07:15:19,100.0,Critical,Critical,P1,Open,Incident Response Team,Data Exfiltration,Immediately isolate the endpoint
ALT-005524,216596,2026-07-26 07:15:20,39.39,Medium,Low,P3,Open,Tier-1 SOC Analyst,Abnormal Traffic,Investigate suspicious activity
ALT-003748,137976,2026-07-26 07:15:22,99.46,Critical,Critical,P1,Open,Incident Response Team,Data Exfiltration,Immediately isolate the endpoint
ALT-002830,103800,2026-07-26 07:16:08,100.0,Critical,Critical,P1,Open,Incident Response Team,Privilege Escalation,Immediately isolate the endpoint
ALT-001984,66989,2026-07-26 07:16:18,99.93,Critical,Critical,P1,Investigating,Incident Response Team,Data Exfiltration,Immediately isolate the endpoint
ALT-002574,90978,2026-07-26 07:16:19,100.0,Critical,Critical,P1,Open,Incident Response Team,Malware Infection,Immediately isolate the endpoint
ALT-003373,120555,2026-07-26 07:16:54,100.0,Critical,Critical,P1,Open,Incident Response Team,Privilege Escalation,Immediately isolate the endpoint
ALT-002791,100093,2026-07-26 07:16:59,22.63,Medium,Low,P3,Investigating,Tier-1 SOC Analyst,Policy Violation,Investigate suspicious activity
ALT-004573,184176,2026-07-26 07:17:30,99.36,Critical,Critical,P1,Open,Incident Response Team,Ransomware,Immediately isolate the endpoint
ALT-001773,61152,2026-07-26 07:17:36,100.0,Critical,Critical,P1,Resolved,Incident Response Team,Ransomware,Immediately isolate the endpoint
ALT-002177,75897,2026-07-26 07:17:38,27.27,Medium,Low,P3,Resolved,Tier-1 SOC Analyst,Reconnaissance,Investigate suspicious activity
ALT-002050,69549,2026-07-26 07:17:52,99.57,Critical,Critical,P1,Resolved,Incident Response Team,Ransomware,Immediately isolate the endpoint
ALT-001256,46356,2026-07-26 07:18:07,45.29,Medium,Low,P3,Open,Tier-1 SOC Analyst,Reconnaissance,Investigate suspicious activity
ALT-002845,103815,2026-07-26 07:18:14,99.54,Critical,Critical,P1,Open,Incident Response Team,Ransomware,Immediately isolate the endpoint
ALT-004986,202786,2026-07-26 07:18:27,67.52,High,Medium,P2,Resolved,Tier-2 SOC Analyst,Network Intrusion,Notify security team
ALT-001580,56186,2026-07-26 07:19:15,100.0,Critical,Critical,P1,Open,Incident Response Team,Ransomware,Immediately isolate the endpoint
ALT-004659,186607,2026-07-26 07:19:20,49.15,Medium,Low,P3,Resolved,Tier-1 SOC Analyst,Abnormal Traffic,Investigate suspicious activity
ALT-000495,18967,2026-07-26 07:19:28,100.0,Critical,Critical,P1,Resolved,Incident Response Team,Data Exfiltration,Immediately isolate the endpoint
ALT-003196,114399,2026-07-26 07:19:31,100.0,Critical,Critical,P1,Investigating,Incident Response Team,Ransomware,Immediately isolate the endpoint
ALT-002602,92113,2026-07-26 07:19:31,100.0,Critical,Critical,P1,Open,Incident Response Team,Ransomware,Immediately isolate the endpoint
ALT-002851,103994,2026-07-26 07:19:39,100.0,Critical,Critical,P1,Open,Incident Response Team,Malware Infection,Immediately isolate the endpoint
ALT-002334,82777,2026-07-26 07:20:15,100.0,Critical,Critical,P1,Investigating,Incident Response Team,Data Exfiltration,Immediately isolate the endpoint
ALT-005341,210990,2026-07-26 07:20:32,53.4,High,Medium,P2,Open,Tier-2 SOC Analyst,Suspicious Login,Notify security team
ALT-000586,21696,2026-07-26 07:20:38,100.0,Critical,Critical,P1,Open,Incident Response Team,Privilege Escalation,Immediately isolate the endpoint
ALT-003525,126682,2026-07-26 07:21:25,100.0,Critical,Critical,P1,Open,Incident Response Team,Privilege Escalation,Immediately isolate the endpoint
ALT-002006,67694,2026-07-26 07:21:40,34.31,Medium,Low,P3,Resolved,Tier-1 SOC Analyst,Port Scan,Investigate suspicious activity
ALT-000668,26291,2026-07-26 07:21:47,100.0,Critical,Critical,P1,Investigating,Incident Response Team,Data Exfiltration,Immediately isolate the endpoint
ALT-000452,15566,2026-07-26 07:21:49,100.0,Critical,Critical,P1,Open,Incident Response Team,Malware Infection,Immediately isolate the endpoint
ALT-004155,159374,2026-07-26 07:21:56,99.37,Critical,Critical,P1,Open,Incident Response Team,Privilege Escalation,Immediately isolate the endpoint
ALT-003868,142672,2026-07-26 07:22:01,100.0,Critical,Critical,P1,Investigating,Incident Response Team,Data Exfiltration,Immediately isolate the endpoint
ALT-000191,5728,2026-07-26 07:22:10,99.97,Critical,Critical,P1,Resolved,Incident Response Team,Data Exfiltration,Immediately isolate the endpoint
ALT-000218,7755,2026-07-26 07:22:23,100.0,Critical,Critical,P1,Open,Incident Response Team,Data Exfiltration,Immediately isolate the endpoint
ALT-002728,98286,2026-07-26 07:22:37,100.0,Critical,Critical,P1,Open,Incident Response Team,Malware Infection,Immediately isolate the endpoint
ALT-005479,214408,2026-07-26 07:23:02,100.0,Critical,Critical,P1,Investigating,Incident Response Team,Malware Infection,Immediately isolate the endpoint
ALT-003361,120136,2026-07-26 07:23:43,97.75,Critical,Critical,P1,Investigating,Incident Response Team,Malware Infection,Immediately isolate the endpoint
ALT-003248,115158,2026-07-26 07:23:45,100.0,Critical,Critical,P1,Investigating,Incident Response Team,Ransomware,Immediately isolate the endpoint
ALT-000823,31049,2026-07-26 07:23:58,99.65,Critical,Critical,P1,Investigating,Incident Response Team,Ransomware,Immediately isolate the endpoint
ALT-001133,44852,2026-07-26 07:24:02,36.9,Medium,Low,P3,Open,Tier-1 SOC Analyst,Reconnaissance,Investigate suspicious activity
ALT-004926,201961,2026-07-26 07:24:14,100.0,Critical,Critical,P1,Open,Incident Response Team,Privilege Escalation,Immediately isolate the endpoint
ALT-000107,2658,2026-07-26 07:24:23,99.1,Critical,Critical,P1,Investigating,Incident Response Team,Malware Infection,Immediately isolate the endpoint
ALT-000300,10642,2026-07-26 07:24:30,100.0,Critical,Critical,P1,Investigating,Incident Response Team,Data Exfiltration,Immediately isolate the endpoint
ALT-002340,82783,2026-07-26 07:24:33,100.0,Critical,Critical,P1,Investigating,Incident Response Team,Data Exfiltration,Immediately isolate the endpoint
ALT-003205,114575,2026-07-26 07:24:44,97.41,Critical,Critical,P1,Resolved,Incident Response Team,Malware Infection,Immediately isolate the endpoint
ALT-002322,82765,2026-07-26 07:24:49,100.0,Critical,Critical,P1,Open,Incident Response Team,Ransomware,Immediately isolate the endpoint
ALT-002793,100095,2026-07-26 07:25:16,25.46,Medium,Low,P3,Open,Tier-1 SOC Analyst,Reconnaissance,Investigate suspicious activity
ALT-005194,206021,2026-07-26 07:25:18,100.0,Critical,Critical,P1,Investigating,Incident Response Team,Data Exfiltration,Immediately isolate the endpoint
ALT-002861,104004,2026-07-26 07:25:20,99.99,Critical,Critical,P1,Investigating,Incident Response Team,Malware Infection,Immediately isolate the endpoint
ALT-001483,53825,2026-07-26 07:25:27,51.39,High,Medium,P2,Investigating,Tier-2 SOC Analyst,Suspicious Login,Notify security team
ALT-005187,206014,2026-07-26 07:25:42,100.0,Critical,Critical,P1,Investigating,Incident Response Team,Data Exfiltration,Immediately isolate the endpoint
ALT-001554,55754,2026-07-26 07:25:44,100.0,Critical,Critical,P1,Investigating,Incident Response Team,Ransomware,Immediately isolate the endpoint
ALT-001261,47002,2026-07-26 07:25:49,100.0,Critical,Critical,P1,Open,Incident Response Team,Privilege Escalation,Immediately isolate the endpoint
ALT-001661,58885,2026-07-26 07:25:55,99.02,Critical,Critical,P1,Open,Incident Response Team,Privilege Escalation,Immediately isolate the endpoint
ALT-003376,120558,2026-07-26 07:26:28,100.0,Critical,Critical,P1,Open,Incident Response Team,Malware Infection,Immediately isolate the endpoint
ALT-004158,159377,2026-07-26 07:26:39,99.39,Critical,Critical,P1,Open,Incident Response Team,Ransomware,Immediately isolate the endpoint
ALT-001316,49252,2026-07-26 07:26:50,99.79,Critical,Critical,P1,Open,Incident Response Team,Data Exfiltration,Immediately isolate the endpoint
ALT-006107,235251,2026-07-26 07:27:00,100.0,Critical,Critical,P1,Open,Incident Response Team,Malware Infection,Immediately isolate the endpoint
ALT-001769,61148,2026-07-26 07:28:30,100.0,Critical,Critical,P1,Open,Incident Response Team,Ransomware,Immediately isolate the endpoint
ALT-005998,233163,2026-07-26 07:28:59,100.0,Critical,Critical,P1,Open,Incident Response Team,Data Exfiltration,Immediately isolate the endpoint
ALT-005358,211007,2026-07-26 07:29:01,53.44,High,Medium,P2,Open,Tier-2 SOC Analyst,Network Intrusion,Notify security team
ALT-003559,130461,2026-07-26 07:29:19,100.0,Critical,Critical,P1,Open,Incident Response Team,Malware Infection,Immediately isolate the endpoint
ALT-003299,118040,2026-07-26 07:29:36,100.0,Critical,Critical,P1,Open,Incident Response Team,Privilege Escalation,Immediately isolate the endpoint
ALT-001454,53782,2026-07-26 07:29:55,59.86,High,Medium,P2,Investigating,Tier-2 SOC Analyst,Network Intrusion,Notify security team
ALT-001392,51929,2026-07-26 07:29:56,98.28,Critical,Critical,P1,Open,Incident Response Team,Privilege Escalation,Immediately isolate the endpoint
ALT-003671,136414,2026-07-26 07:29:59,100.0,Critical,Critical,P1,Open,Incident Response Team,Data Exfiltration,Immediately isolate the endpoint
ALT-001111,44830,2026-07-26 07:30:14,100.0,Critical,Critical,P1,Open,Incident Response Team,Privilege Escalation,Immediately isolate the endpoint
ALT-000473,15587,2026-07-26 07:30:44,100.0,Critical,Critical,P1,Investigating,Incident Response Team,Ransomware,Immediately isolate the endpoint
ALT-000032,2374,2026-07-26 07:30:56,97.95,Critical,Critical,P1,Open,Incident Response Team,Ransomware,Immediately isolate the endpoint
ALT-003774,139029,2026-07-26 07:31:00,28.02,Medium,Low,P3,Investigating,Tier-1 SOC Analyst,Port Scan,Investigate suspicious activity
ALT-000718,27229,2026-07-26 07:31:03,100.0,Critical,Critical,P1,Open,Incident Response Team,Malware Infection,Immediately isolate the endpoint
ALT-003590,130603,2026-07-26 07:31:15,100.0,Critical,Critical,P1,Open,Incident Response Team,Data Exfiltration,Immediately isolate the endpoint
ALT-001013,40469,2026-07-26 07:31:18,100.0,Critical,Critical,P1,Open,Incident Response Team,Data Exfiltration,Immediately isolate the endpoint
ALT-003531,127913,2026-07-26 07:31:36,100.0,Critical,Critical,P1,Open,Incident Response Team,Data Exfiltration,Immediately isolate the endpoint
ALT-004521,182725,2026-07-26 07:31:44,57.67,High,Medium,P2,Investigating,Tier-2 SOC Analyst,Network Intrusion,Notify security team
ALT-004577,184180,2026-07-26 07:32:07,99.46,Critical,Critical,P1,Investigating,Incident Response Team,Ransomware,Immediately isolate the endpoint
ALT-001314,49250,2026-07-26 07:32:11,100.0,Critical,Critical,P1,Resolved,Incident Response Team,Malware Infection,Immediately isolate the endpoint
ALT-003741,137634,2026-07-26 07:32:16,100.0,Critical,Critical,P1,Open,Incident Response Team,Malware Infection,Immediately isolate the endpoint
ALT-000306,10648,2026-07-26 07:32:21,99.99,Critical,Critical,P1,Open,Incident Response Team,Privilege Escalation,Immediately isolate the endpoint
ALT-005303,210588,2026-07-26 07:32:32,99.07,Critical,Critical,P1,Investigating,Incident Response Team,Privilege Escalation,Immediately isolate the endpoint
ALT-002344,83755,2026-07-26 07:32:40,51.22,High,Medium,P2,Open,Tier-2 SOC Analyst,Unauthorized Access,Notify security team
ALT-000842,31068,2026-07-26 07:33:11,55.9,High,Medium,P2,Open,Tier-2 SOC Analyst,Unauthorized Access,Notify security team
ALT-001078,43597,2026-07-26 07:33:44,99.6,Critical,Critical,P1,Open,Incident Response Team,Privilege Escalation,Immediately isolate the endpoint
ALT-000237,9494,2026-07-26 07:33:59,99.67,Critical,Critical,P1,Open,Incident Response Team,Malware Infection,Immediately isolate the endpoint
ALT-006145,238099,2026-07-26 07:34:20,100.0,Critical,Critical,P1,Resolved,Incident Response Team,Malware Infection,Immediately isolate the endpoint
ALT-006100,235244,2026-07-26 07:34:54,100.0,Critical,Critical,P1,Investigating,Incident Response Team,Privilege Escalation,Immediately isolate the endpoint
ALT-002271,81701,2026-07-26 07:35:09,99.06,Critical,Critical,P1,Investigating,Incident Response Team,Ransomware,Immediately isolate the endpoint
ALT-000145,4882,2026-07-26 07:35:15,95.57,Critical,Critical,P1,Open,Incident Response Team,Malware Infection,Immediately isolate the endpoint
ALT-005814,230617,2026-07-26 07:35:55,96.34,Critical,Critical,P1,Open,Incident Response Team,Malware Infection,Immediately isolate the endpoint
ALT-004566,184169,2026-07-26 07:36:08,100.0,Critical,Critical,P1,Open,Incident Response Team,Malware Infection,Immediately isolate the endpoint
ALT-005740,229298,2026-07-26 07:36:16,44.08,Medium,Low,P3,Open,Tier-1 SOC Analyst,Policy Violation,Investigate suspicious activity
ALT-000895,34305,2026-07-26 07:36:40,100.0,Critical,Critical,P1,Open,Incident Response Team,Ransomware,Immediately isolate the endpoint
ALT-000852,32744,2026-07-26 07:36:56,100.0,Critical,Critical,P1,Investigating,Incident Response Team,Malware Infection,Immediately isolate the endpoint
ALT-005298,210583,2026-07-26 07:37:03,98.81,Critical,Critical,P1,Investigating,Incident Response Team,Ransomware,Immediately isolate the endpoint
ALT-000776,29905,2026-07-26 07:37:22,100.0,Critical,Critical,P1,Open,Incident Response Team,Data Exfiltration,Immediately isolate the endpoint
ALT-005590,223383,2026-07-26 07:38:04,99.99,Critical,Critical,P1,Resolved,Incident Response Team,Privilege Escalation,Immediately isolate the endpoint
ALT-005498,216232,2026-07-26 07:38:17,99.35,Critical,Critical,P1,Investigating,Incident Response Team,Data Exfiltration,Immediately isolate the endpoint
ALT-000176,5422,2026-07-26 07:38:34,100.0,Critical,Critical,P1,Open,Incident Response Team,Data Exfiltration,Immediately isolate the endpoint
ALT-001387,51924,2026-07-26 07:38:53,96.53,Critical,Critical,P1,Investigating,Incident Response Team,Malware Infection,Immediately isolate the endpoint
ALT-002774,99601,2026-07-26 07:39:11,49.38,Medium,Low,P3,Open,Tier-1 SOC Analyst,Policy Violation,Investigate suspicious activity
ALT-001334,50369,2026-07-26 07:39:14,100.0,Critical,Critical,P1,Open,Incident Response Team,Ransomware,Immediately isolate the endpoint
ALT-003236,115146,2026-07-26 07:39:30,100.0,Critical,Critical,P1,Open,Incident Response Team,Data Exfiltration,Immediately isolate the endpoint
ALT-000069,2620,2026-07-26 07:40:36,99.1,Critical,Critical,P1,Investigating,Incident Response Team,Privilege Escalation,Immediately isolate the endpoint
ALT-001985,66990,2026-07-26 07:40:45,99.84,Critical,Critical,P1,Open,Incident Response Team,Malware Infection,Immediately isolate the endpoint
ALT-001975,66042,2026-07-26 07:40:51,63.55,High,Medium,P2,Open,Tier-2 SOC Analyst,Brute Force Attack,Notify security team
ALT-004669,186617,2026-07-26 07:41:07,50.96,High,Medium,P2,Open,Tier-2 SOC Analyst,Network Intrusion,Notify security team
ALT-000485,17642,2026-07-26 07:41:08,99.36,Critical,Critical,P1,Open,Incident Response Team,Data Exfiltration,Immediately isolate the endpoint
ALT-002684,98108,2026-07-26 07:41:16,100.0,Critical,Critical,P1,Investigating,Incident Response Team,Privilege Escalation,Immediately isolate the endpoint
ALT-005968,232701,2026-07-26 07:41:27,98.78,Critical,Critical,P1,Investigating,Incident Response Team,Ransomware,Immediately isolate the endpoint
ALT-000499,18971,2026-07-26 07:41:39,100.0,Critical,Critical,P1,Open,Incident Response Team,Malware Infection,Immediately isolate the endpoint
ALT-002751,98851,2026-07-26 07:41:44,99.91,Critical,Critical,P1,Open,Incident Response Team,Privilege Escalation,Immediately isolate the endpoint
ALT-004991,202791,2026-07-26 07:41:45,42.65,Medium,Low,P3,Open,Tier-1 SOC Analyst,Reconnaissance,Investigate suspicious activity
ALT-001719,60055,2026-07-26 07:41:49,100.0,Critical,Critical,P1,Open,Incident Response Team,Malware Infection,Immediately isolate the endpoint
ALT-005958,232691,2026-07-26 07:41:55,98.77,Critical,Critical,P1,Open,Incident Response Team,Malware Infection,Immediately isolate the endpoint
ALT-000017,1778,2026-07-26 07:42:33,100.0,Critical,Critical,P1,Open,Incident Response Team,Malware Infection,Immediately isolate the endpoint
ALT-004265,167140,2026-07-26 07:42:35,100.0,Critical,Critical,P1,Open,Incident Response Team,Privilege Escalation,Immediately isolate the endpoint
ALT-003064,110871,2026-07-26 07:42:37,100.0,Critical,Critical,P1,Investigating,Incident Response Team,Privilege Escalation,Immediately isolate the endpoint
ALT-001820,62271,2026-07-26 07:43:05,100.0,Critical,Critical,P1,Investigating,Incident Response Team,Malware Infection,Immediately isolate the endpoint
ALT-001934,65923,2026-07-26 07:43:25,100.0,Critical,Critical,P1,Open,Incident Response Team,Malware Infection,Immediately isolate the endpoint
ALT-003600,131707,2026-07-26 07:43:33,100.0,Critical,Critical,P1,Open,Incident Response Team,Data Exfiltration,Immediately isolate the endpoint
ALT-001695,60031,2026-07-26 07:43:37,100.0,Critical,Critical,P1,Investigating,Incident Response Team,Ransomware,Immediately isolate the endpoint
ALT-005236,207290,2026-07-26 07:43:42,100.0,Critical,Critical,P1,Open,Incident Response Team,Malware Infection,Immediately isolate the endpoint
ALT-004728,191723,2026-07-26 07:44:31,100.0,Critical,Critical,P1,Investigating,Incident Response Team,Ransomware,Immediately isolate the endpoint
ALT-000592,21702,2026-07-26 07:44:31,100.0,Critical,Critical,P1,Investigating,Incident Response Team,Privilege Escalation,Immediately isolate the endpoint
ALT-003445,123146,2026-07-26 07:44:42,98.27,Critical,Critical,P1,Open,Incident Response Team,Privilege Escalation,Immediately isolate the endpoint
ALT-005976,232709,2026-07-26 07:45:01,98.85,Critical,Critical,P1,Open,Incident Response Team,Malware Infection,Immediately isolate the endpoint
ALT-002726,98284,2026-07-26 07:45:43,100.0,Critical,Critical,P1,Investigating,Incident Response Team,Malware Infection,Immediately isolate the endpoint
ALT-001521,54550,2026-07-26 07:46:16,100.0,Critical,Critical,P1,Open,Incident Response Team,Ransomware,Immediately isolate the endpoint
ALT-000509,18981,2026-07-26 07:46:17,100.0,Critical,Critical,P1,Open,Incident Response Team,Ransomware,Immediately isolate the endpoint
ALT-003320,119213,2026-07-26 07:46:24,99.86,Critical,Critical,P1,Resolved,Incident Response Team,Privilege Escalation,Immediately isolate the endpoint
ALT-001294,47218,2026-07-26 07:46:38,59.21,High,Medium,P2,Open,Tier-2 SOC Analyst,Brute Force Attack,Notify security team
ALT-003355,120130,2026-07-26 07:46:49,97.7,Critical,Critical,P1,Open,Incident Response Team,Privilege Escalation,Immediately isolate the endpoint
ALT-004635,186284,2026-07-26 07:47:23,99.97,Critical,Critical,P1,Investigating,Incident Response Team,Data Exfiltration,Immediately isolate the endpoint
ALT-005935,232145,2026-07-26 07:47:25,99.97,Critical,Critical,P1,Open,Incident Response Team,Malware Infection,Immediately isolate the endpoint
ALT-000730,27737,2026-07-26 07:47:44,99.82,Critical,Critical,P1,Open,Incident Response Team,Data Exfiltration,Immediately isolate the endpoint
ALT-001968,66035,2026-07-26 07:48:18,79.23,High,Medium,P2,Resolved,Tier-2 SOC Analyst,Unauthorized Access,Notify security team
ALT-002088,70751,2026-07-26 07:48:24,99.29,Critical,Critical,P1,Open,Incident Response Team,Privilege Escalation,Immediately isolate the endpoint
ALT-000429,15543,2026-07-26 07:48:27,100.0,Critical,Critical,P1,Resolved,Incident Response Team,Malware Infection,Immediately isolate the endpoint
ALT-000581,21691,2026-07-26 07:48:50,100.0,Critical,Critical,P1,Resolved,Incident Response Team,Ransomware,Immediately isolate the endpoint
ALT-005444,213257,2026-07-26 07:48:53,100.0,Critical,Critical,P1,Open,Incident Response Team,Malware Infection,Immediately isolate the endpoint
ALT-004515,182719,2026-07-26 07:49:14,43.34,Medium,Low,P3,Open,Tier-1 SOC Analyst,Port Scan,Investigate suspicious activity
ALT-000227,7764,2026-07-26 07:49:36,100.0,Critical,Critical,P1,Open,Incident Response Team,Privilege Escalation,Immediately isolate the endpoint
ALT-001907,64387,2026-07-26 07:49:48,100.0,Critical,Critical,P1,Open,Incident Response Team,Ransomware,Immediately isolate the endpoint
ALT-000029,2371,2026-07-26 07:50:00,97.96,Critical,Critical,P1,Open,Incident Response Team,Data Exfiltration,Immediately isolate the endpoint
ALT-000437,15551,2026-07-26 07:50:11,100.0,Critical,Critical,P1,Investigating,Incident Response Team,Malware Infection,Immediately isolate the endpoint
ALT-002935,107965,2026-07-26 07:50:13,100.0,Critical,Critical,P1,Open,Incident Response Team,Ransomware,Immediately isolate the endpoint
ALT-001176,44925,2026-07-26 07:50:30,64.8,High,Medium,P2,Open,Tier-2 SOC Analyst,Network Intrusion,Notify security team
ALT-004870,201010,2026-07-26 07:50:33,56.94,High,Medium,P2,Investigating,Tier-2 SOC Analyst,Suspicious Login,Notify security team
ALT-000637,26260,2026-07-26 07:50:44,100.0,Critical,Critical,P1,Open,Incident Response Team,Malware Infection,Immediately isolate the endpoint
ALT-004350,174235,2026-07-26 07:50:46,100.0,Critical,Critical,P1,Investigating,Incident Response Team,Ransomware,Immediately isolate the endpoint
ALT-004077,156878,2026-07-26 07:50:47,100.0,Critical,Critical,P1,Open,Incident Response Team,Privilege Escalation,Immediately isolate the endpoint
ALT-004005,152947,2026-07-26 07:52:11,100.0,Critical,Critical,P1,Open,Incident Response Team,Malware Infection,Immediately isolate the endpoint
ALT-003722,137615,2026-07-26 07:52:16,100.0,Critical,Critical,P1,Investigating,Incident Response Team,Ransomware,Immediately isolate the endpoint
ALT-002350,83761,2026-07-26 07:52:20,49.41,Medium,Low,P3,Investigating,Tier-1 SOC Analyst,Port Scan,Investigate suspicious activity
ALT-005042,203214,2026-07-26 07:52:35,26.37,Medium,Low,P3,Investigating,Tier-1 SOC Analyst,Abnormal Traffic,Investigate suspicious activity
ALT-006156,238110,2026-07-26 07:53:04,100.0,Critical,Critical,P1,Investigating,Incident Response Team,Data Exfiltration,Immediately isolate the endpoint
ALT-005791,229999,2026-07-26 07:53:09,100.0,Critical,Critical,P1,Investigating,Incident Response Team,Malware Infection,Immediately isolate the endpoint
ALT-002509,85845,2026-07-26 07:53:09,100.0,Critical,Critical,P1,Open,Incident Response Team,Malware Infection,Immediately isolate the endpoint
ALT-000745,27752,2026-07-26 07:53:25,100.0,Critical,Critical,P1,Open,Incident Response Team,Data Exfiltration,Immediately isolate the endpoint
ALT-003910,146570,2026-07-26 07:53:33,48.19,Medium,Low,P3,Investigating,Tier-1 SOC Analyst,Port Scan,Investigate suspicious activity
ALT-003646,135899,2026-07-26 07:53:46,100.0,Critical,Critical,P1,Investigating,Incident Response Team,Malware Infection,Immediately isolate the endpoint
ALT-005502,216236,2026-07-26 07:54:07,99.53,Critical,Critical,P1,Resolved,Incident Response Team,Data Exfiltration,Immediately isolate the endpoint
ALT-005514,216379,2026-07-26 07:54:25,24.08,Medium,Low,P3,Open,Tier-1 SOC Analyst,Reconnaissance,Investigate suspicious activity
ALT-003920,147828,2026-07-26 07:55:05,100.0,Critical,Critical,P1,Open,Incident Response Team,Privilege Escalation,Immediately isolate the endpoint
ALT-003278,117566,2026-07-26 07:55:26,100.0,Critical,Critical,P1,Investigating,Incident Response Team,Ransomware,Immediately isolate the endpoint
ALT-000923,35100,2026-07-26 07:55:31,100.0,Critical,Critical,P1,Open,Incident Response Team,Malware Infection,Immediately isolate the endpoint
ALT-003516,126673,2026-07-26 07:55:35,98.91,Critical,Critical,P1,Resolved,Incident Response Team,Data Exfiltration,Immediately isolate the endpoint
ALT-003643,135896,2026-07-26 07:55:51,99.67,Critical,Critical,P1,Investigating,Incident Response Team,Ransomware,Immediately isolate the endpoint
ALT-005746,229304,2026-07-26 07:55:53,40.73,Medium,Low,P3,Open,Tier-1 SOC Analyst,Policy Violation,Investigate suspicious activity
ALT-005568,218194,2026-07-26 07:56:17,99.97,Critical,Critical,P1,Investigating,Incident Response Team,Malware Infection,Immediately isolate the endpoint
ALT-002291,81721,2026-07-26 07:56:27,100.0,Critical,Critical,P1,Investigating,Incident Response Team,Data Exfiltration,Immediately isolate the endpoint
ALT-002670,96177,2026-07-26 07:56:36,100.0,Critical,Critical,P1,Open,Incident Response Team,Privilege Escalation,Immediately isolate the endpoint
ALT-000845,31071,2026-07-26 07:56:41,100.0,Critical,Critical,P1,Resolved,Incident Response Team,Privilege Escalation,Immediately isolate the endpoint
ALT-005669,225184,2026-07-26 07:56:48,100.0,Critical,Critical,P1,Open,Incident Response Team,Privilege Escalation,Immediately isolate the endpoint
ALT-000956,38853,2026-07-26 07:56:48,100.0,Critical,Critical,P1,Investigating,Incident Response Team,Ransomware,Immediately isolate the endpoint
ALT-002573,90977,2026-07-26 07:56:53,100.0,Critical,Critical,P1,Open,Incident Response Team,Malware Infection,Immediately isolate the endpoint
ALT-001998,67003,2026-07-26 07:57:02,99.93,Critical,Critical,P1,Investigating,Incident Response Team,Malware Infection,Immediately isolate the endpoint
ALT-001872,63869,2026-07-26 07:57:05,22.83,Medium,Low,P3,Open,Tier-1 SOC Analyst,Abnormal Traffic,Investigate suspicious activity
ALT-004711,189121,2026-07-26 07:57:10,100.0,Critical,Critical,P1,Open,Incident Response Team,Data Exfiltration,Immediately isolate the endpoint
ALT-005506,216240,2026-07-26 07:57:22,99.48,Critical,Critical,P1,Resolved,Incident Response Team,Privilege Escalation,Immediately isolate the endpoint
ALT-000738,27745,2026-07-26 07:57:30,99.87,Critical,Critical,P1,Open,Incident Response Team,Malware Infection,Immediately isolate the endpoint
ALT-001705,60041,2026-07-26 07:58:10,100.0,Critical,Critical,P1,Open,Incident Response Team,Data Exfiltration,Immediately isolate the endpoint
ALT-000739,27746,2026-07-26 07:58:24,100.0,Critical,Critical,P1,Resolved,Incident Response Team,Data Exfiltration,Immediately isolate the endpoint
ALT-003101,111879,2026-07-26 07:58:30,25.24,Medium,Low,P3,Resolved,Tier-1 SOC Analyst,Abnormal Traffic,Investigate suspicious activity
ALT-003657,136400,2026-07-26 07:58:37,100.0,Critical,Critical,P1,Open,Incident Response Team,Data Exfiltration,Immediately isolate the endpoint
ALT-001470,53798,2026-07-26 07:58:55,59.68,High,Medium,P2,Investigating,Tier-2 SOC Analyst,Suspicious Login,Notify security team
ALT-000559,20175,2026-07-26 07:58:56,100.0,Critical,Critical,P1,Open,Incident Response Team,Data Exfiltration,Immediately isolate the endpoint
ALT-005610,223403,2026-07-26 07:59:10,100.0,Critical,Critical,P1,Open,Incident Response Team,Malware Infection,Immediately isolate the endpoint
ALT-000790,30509,2026-07-26 07:59:24,100.0,Critical,Critical,P1,Open,Incident Response Team,Malware Infection,Immediately isolate the endpoint
ALT-000092,2643,2026-07-26 07:59:27,99.11,Critical,Critical,P1,Investigating,Incident Response Team,Ransomware,Immediately isolate the endpoint
ALT-001957,66024,2026-07-26 07:59:46,49.09,Medium,Low,P3,Investigating,Tier-1 SOC Analyst,Abnormal Traffic,Investigate suspicious activity
ALT-000652,26275,2026-07-26 08:00:10,100.0,Critical,Critical,P1,Investigating,Incident Response Team,Privilege Escalation,Immediately isolate the endpoint
ALT-005306,210591,2026-07-26 08:00:15,99.1,Critical,Critical,P1,Investigating,Incident Response Team,Data Exfiltration,Immediately isolate the endpoint
ALT-004004,152946,2026-07-26 08:00:16,100.0,Critical,Critical,P1,Open,Incident Response Team,Privilege Escalation,Immediately isolate the endpoint
ALT-005772,229980,2026-07-26 08:00:19,100.0,Critical,Critical,P1,Open,Incident Response Team,Privilege Escalation,Immediately isolate the endpoint
ALT-003665,136408,2026-07-26 08:00:29,100.0,Critical,Critical,P1,Open,Incident Response Team,Ransomware,Immediately isolate the endpoint
ALT-000883,34293,2026-07-26 08:00:32,100.0,Critical,Critical,P1,Open,Incident Response Team,Data Exfiltration,Immediately isolate the endpoint
ALT-004260,167135,2026-07-26 08:00:41,100.0,Critical,Critical,P1,Open,Incident Response Team,Privilege Escalation,Immediately isolate the endpoint
ALT-004125,158863,2026-07-26 08:00:51,100.0,Critical,Critical,P1,Investigating,Incident Response Team,Malware Infection,Immediately isolate the endpoint
ALT-004561,182825,2026-07-26 08:00:57,47.83,Medium,Low,P3,Open,Tier-1 SOC Analyst,Abnormal Traffic,Investigate suspicious activity
ALT-002159,74511,2026-07-26 08:00:59,100.0,Critical,Critical,P1,Open,Incident Response Team,Privilege Escalation,Immediately isolate the endpoint
ALT-001628,57698,2026-07-26 08:01:41,99.96,Critical,Critical,P1,Open,Incident Response Team,Malware Infection,Immediately isolate the endpoint
ALT-003454,123155,2026-07-26 08:01:45,98.27,Critical,Critical,P1,Investigating,Incident Response Team,Privilege Escalation,Immediately isolate the endpoint
ALT-000279,10067,2026-07-26 08:01:48,100.0,Critical,Critical,P1,Investigating,Incident Response Team,Privilege Escalation,Immediately isolate the endpoint
ALT-003209,114579,2026-07-26 08:02:51,97.95,Critical,Critical,P1,Open,Incident Response Team,Privilege Escalation,Immediately isolate the endpoint
ALT-002660,95446,2026-07-26 08:03:29,100.0,Critical,Critical,P1,Open,Incident Response Team,Privilege Escalation,Immediately isolate the endpoint
ALT-001560,55930,2026-07-26 08:03:40,100.0,Critical,Critical,P1,Investigating,Incident Response Team,Privilege Escalation,Immediately isolate the endpoint
ALT-003968,149299,2026-07-26 08:04:16,99.97,Critical,Critical,P1,Open,Incident Response Team,Ransomware,Immediately isolate the endpoint
ALT-002048,69547,2026-07-26 08:04:44,100.0,Critical,Critical,P1,Investigating,Incident Response Team,Ransomware,Immediately isolate the endpoint
ALT-001468,53796,2026-07-26 08:04:47,61.75,High,Medium,P2,Investigating,Tier-2 SOC Analyst,Suspicious Login,Notify security team
ALT-004327,172390,2026-07-26 08:05:09,100.0,Critical,Critical,P1,Open,Incident Response Team,Ransomware,Immediately isolate the endpoint
ALT-002391,84028,2026-07-26 08:05:10,100.0,Critical,Critical,P1,Open,Incident Response Team,Data Exfiltration,Immediately isolate the endpoint
ALT-003253,115163,2026-07-26 08:05:13,100.0,Critical,Critical,P1,Resolved,Incident Response Team,Malware Infection,Immediately isolate the endpoint
ALT-003415,121710,2026-07-26 08:05:40,70.42,High,Medium,P2,Open,Tier-2 SOC Analyst,Brute Force Attack,Notify security team
ALT-000078,2629,2026-07-26 08:05:51,99.06,Critical,Critical,P1,Open,Incident Response Team,Malware Infection,Immediately isolate the endpoint
ALT-001731,60617,2026-07-26 08:07:10,100.0,Critical,Critical,P1,Investigating,Incident Response Team,Data Exfiltration,Immediately isolate the endpoint
ALT-000961,38858,2026-07-26 08:07:12,100.0,Critical,Critical,P1,Resolved,Incident Response Team,Malware Infection,Immediately isolate the endpoint
ALT-000357,13160,2026-07-26 08:07:14,100.0,Critical,Critical,P1,Resolved,Incident Response Team,Ransomware,Immediately isolate the endpoint
ALT-005418,213231,2026-07-26 08:07:19,100.0,Critical,Critical,P1,Investigating,Incident Response Team,Privilege Escalation,Immediately isolate the endpoint
ALT-001528,54827,2026-07-26 08:07:45,100.0,Critical,Critical,P1,Open,Incident Response Team,Data Exfiltration,Immediately isolate the endpoint
ALT-000543,20159,2026-07-26 08:08:00,100.0,Critical,Critical,P1,Open,Incident Response Team,Privilege Escalation,Immediately isolate the endpoint
ALT-005837,230819,2026-07-26 08:08:35,99.97,Critical,Critical,P1,Investigating,Incident Response Team,Ransomware,Immediately isolate the endpoint
ALT-000912,35089,2026-07-26 08:09:39,100.0,Critical,Critical,P1,Open,Incident Response Team,Privilege Escalation,Immediately isolate the endpoint
ALT-001746,60632,2026-07-26 08:10:02,100.0,Critical,Critical,P1,Open,Incident Response Team,Privilege Escalation,Immediately isolate the endpoint
ALT-000812,30531,2026-07-26 08:11:02,100.0,Critical,Critical,P1,Resolved,Incident Response Team,Ransomware,Immediately isolate the endpoint
ALT-001381,51918,2026-07-26 08:11:07,97.86,Critical,Critical,P1,Open,Incident Response Team,Ransomware,Immediately isolate the endpoint
ALT-002554,90719,2026-07-26 08:11:42,99.99,Critical,Critical,P1,Open,Incident Response Team,Ransomware,Immediately isolate the endpoint
ALT-005265,208407,2026-07-26 08:12:06,100.0,Critical,Critical,P1,Open,Incident Response Team,Malware Infection,Immediately isolate the endpoint
ALT-002702,98126,2026-07-26 08:12:08,100.0,Critical,Critical,P1,Open,Incident Response Team,Ransomware,Immediately isolate the endpoint
ALT-001877,63874,2026-07-26 08:12:12,26.49,Medium,Low,P3,Open,Tier-1 SOC Analyst,Abnormal Traffic,Investigate suspicious activity
ALT-000721,27232,2026-07-26 08:12:59,100.0,Critical,Critical,P1,Open,Incident Response Team,Ransomware,Immediately isolate the endpoint
ALT-006023,233891,2026-07-26 08:13:26,100.0,Critical,Critical,P1,Open,Incident Response Team,Malware Infection,Immediately isolate the endpoint
ALT-004370,174255,2026-07-26 08:13:32,100.0,Critical,Critical,P1,Investigating,Incident Response Team,Privilege Escalation,Immediately isolate the endpoint
ALT-000247,9912,2026-07-26 08:13:34,42.15,Medium,Low,P3,Investigating,Tier-1 SOC Analyst,Abnormal Traffic,Investigate suspicious activity
ALT-005026,203197,2026-07-26 08:13:39,20.93,Medium,Low,P3,Open,Tier-1 SOC Analyst,Port Scan,Investigate suspicious activity
ALT-000289,10077,2026-07-26 08:13:44,100.0,Critical,Critical,P1,Resolved,Incident Response Team,Ransomware,Immediately isolate the endpoint
ALT-005310,210700,2026-07-26 08:13:56,62.55,High,Medium,P2,Open,Tier-2 SOC Analyst,Network Intrusion,Notify security team
ALT-005301,210586,2026-07-26 08:14:11,99.24,Critical,Critical,P1,Open,Incident Response Team,Data Exfiltration,Immediately isolate the endpoint
ALT-003715,137608,2026-07-26 08:14:13,100.0,Critical,Critical,P1,Investigating,Incident Response Team,Data Exfiltration,Immediately isolate the endpoint
ALT-002396,84033,2026-07-26 08:14:34,100.0,Critical,Critical,P1,Open,Incident Response Team,Privilege Escalation,Immediately isolate the endpoint
ALT-003545,127927,2026-07-26 08:14:42,100.0,Critical,Critical,P1,Resolved,Incident Response Team,Data Exfiltration,Immediately isolate the endpoint
ALT-001038,41904,2026-07-26 08:14:43,100.0,Critical,Critical,P1,Open,Incident Response Team,Data Exfiltration,Immediately isolate the endpoint
ALT-002855,103998,2026-07-26 08:14:44,100.0,Critical,Critical,P1,Resolved,Incident Response Team,Data Exfiltration,Immediately isolate the endpoint
ALT-002673,96180,2026-07-26 08:14:46,100.0,Critical,Critical,P1,Open,Incident Response Team,Malware Infection,Immediately isolate the endpoint
ALT-001146,44895,2026-07-26 08:14:56,65.48,High,Medium,P2,Investigating,Tier-2 SOC Analyst,Unauthorized Access,Notify security team
ALT-001003,40122,2026-07-26 08:15:24,100.0,Critical,Critical,P1,Open,Incident Response Team,Ransomware,Immediately isolate the endpoint
ALT-004998,202875,2026-07-26 08:15:29,23.14,Medium,Low,P3,Resolved,Tier-1 SOC Analyst,Policy Violation,Investigate suspicious activity
ALT-000350,13153,2026-07-26 08:15:31,100.0,Critical,Critical,P1,Open,Incident Response Team,Data Exfiltration,Immediately isolate the endpoint
ALT-006035,234082,2026-07-26 08:15:38,100.0,Critical,Critical,P1,Open,Incident Response Team,Ransomware,Immediately isolate the endpoint
ALT-001550,54849,2026-07-26 08:15:43,100.0,Critical,Critical,P1,Resolved,Incident Response Team,Ransomware,Immediately isolate the endpoint
ALT-001205,45484,2026-07-26 08:16:11,100.0,Critical,Critical,P1,Open,Incident Response Team,Ransomware,Immediately isolate the endpoint
ALT-001365,51479,2026-07-26 08:16:21,100.0,Critical,Critical,P1,Investigating,Incident Response Team,Data Exfiltration,Immediately isolate the endpoint
ALT-004967,202767,2026-07-26 08:16:23,63.69,High,Medium,P2,Investigating,Tier-2 SOC Analyst,Network Intrusion,Notify security team
ALT-003171,114374,2026-07-26 08:16:24,100.0,Critical,Critical,P1,Open,Incident Response Team,Ransomware,Immediately isolate the endpoint
ALT-005030,203202,2026-07-26 08:16:26,25.18,Medium,Low,P3,Investigating,Tier-1 SOC Analyst,Reconnaissance,Investigate suspicious activity
ALT-005068,203240,2026-07-26 08:16:49,100.0,Critical,Critical,P1,Open,Incident Response Team,Data Exfiltration,Immediately isolate the endpoint
ALT-003214,114584,2026-07-26 08:16:51,97.96,Critical,Critical,P1,Resolved,Incident Response Team,Ransomware,Immediately isolate the endpoint
ALT-003787,139042,2026-07-26 08:16:57,23.9,Medium,Low,P3,Open,Tier-1 SOC Analyst,Policy Violation,Investigate suspicious activity
ALT-000819,31045,2026-07-26 08:17:09,100.0,Critical,Critical,P1,Open,Incident Response Team,Ransomware,Immediately isolate the endpoint
ALT-000935,37395,2026-07-26 08:17:14,100.0,Critical,Critical,P1,Resolved,Incident Response Team,Privilege Escalation,Immediately isolate the endpoint
ALT-005636,223719,2026-07-26 08:18:18,99.62,Critical,Critical,P1,Investigating,Incident Response Team,Privilege Escalation,Immediately isolate the endpoint
ALT-003959,149290,2026-07-26 08:18:25,99.96,Critical,Critical,P1,Open,Incident Response Team,Ransomware,Immediately isolate the endpoint
ALT-001235,45997,2026-07-26 08:18:55,100.0,Critical,Critical,P1,Investigating,Incident Response Team,Ransomware,Immediately isolate the endpoint
ALT-003562,130464,2026-07-26 08:19:01,100.0,Critical,Critical,P1,Open,Incident Response Team,Malware Infection,Immediately isolate the endpoint
ALT-002299,81729,2026-07-26 08:19:02,100.0,Critical,Critical,P1,Open,Incident Response Team,Privilege Escalation,Immediately isolate the endpoint
ALT-003285,118026,2026-07-26 08:19:02,100.0,Critical,Critical,P1,Open,Incident Response Team,Privilege Escalation,Immediately isolate the endpoint
ALT-001775,61154,2026-07-26 08:19:08,100.0,Critical,Critical,P1,Open,Incident Response Team,Data Exfiltration,Immediately isolate the endpoint
ALT-004549,182813,2026-07-26 08:19:34,55.26,High,Medium,P2,Open,Tier-2 SOC Analyst,Brute Force Attack,Notify security team
ALT-001604,57490,2026-07-26 08:19:36,100.0,Critical,Critical,P1,Open,Incident Response Team,Malware Infection,Immediately isolate the endpoint
ALT-002907,105801,2026-07-26 08:19:48,100.0,Critical,Critical,P1,Resolved,Incident Response Team,Privilege Escalation,Immediately isolate the endpoint
ALT-005340,210989,2026-07-26 08:19:52,55.44,High,Medium,P2,Resolved,Tier-2 SOC Analyst,Network Intrusion,Notify security team
ALT-000030,2372,2026-07-26 08:20:02,98.03,Critical,Critical,P1,Investigating,Incident Response Team,Privilege Escalation,Immediately isolate the endpoint
ALT-001113,44832,2026-07-26 08:20:03,100.0,Critical,Critical,P1,Open,Incident Response Team,Data Exfiltration,Immediately isolate the endpoint
ALT-000390,13760,2026-07-26 08:20:06,22.03,Medium,Low,P3,Open,Tier-1 SOC Analyst,Port Scan,Investigate suspicious activity
ALT-000284,10072,2026-07-26 08:20:11,100.0,Critical,Critical,P1,Investigating,Incident Response Team,Data Exfiltration,Immediately isolate the endpoint
ALT-004465,180539,2026-07-26 08:20:19,99.85,Critical,Critical,P1,Investigating,Incident Response Team,Data Exfiltration,Immediately isolate the endpoint
ALT-003037,109490,2026-07-26 08:20:20,100.0,Critical,Critical,P1,Open,Incident Response Team,Data Exfiltration,Immediately isolate the endpoint
ALT-005830,230812,2026-07-26 08:20:35,99.95,Critical,Critical,P1,Resolved,Incident Response Team,Data Exfiltration,Immediately isolate the endpoint
ALT-000148,4885,2026-07-26 08:20:38,30.94,Medium,Low,P3,Investigating,Tier-1 SOC Analyst,Reconnaissance,Investigate suspicious activity
ALT-000465,15579,2026-07-26 08:21:07,99.99,Critical,Critical,P1,Resolved,Incident Response Team,Privilege Escalation,Immediately isolate the endpoint
ALT-004951,202483,2026-07-26 08:21:11,100.0,Critical,Critical,P1,Investigating,Incident Response Team,Privilege Escalation,Immediately isolate the endpoint
ALT-005852,231192,2026-07-26 08:21:28,100.0,Critical,Critical,P1,Investigating,Incident Response Team,Malware Infection,Immediately isolate the endpoint
ALT-003305,118046,2026-07-26 08:21:45,100.0,Critical,Critical,P1,Open,Incident Response Team,Malware Infection,Immediately isolate the endpoint
ALT-000287,10075,2026-07-26 08:22:13,100.0,Critical,Critical,P1,Resolved,Incident Response Team,Ransomware,Immediately isolate the endpoint
ALT-000447,15561,2026-07-26 08:22:39,100.0,Critical,Critical,P1,Investigating,Incident Response Team,Privilege Escalation,Immediately isolate the endpoint
ALT-003799,140899,2026-07-26 08:22:46,100.0,Critical,Critical,P1,Open,Incident Response Team,Malware Infection,Immediately isolate the endpoint
ALT-004411,176912,2026-07-26 08:22:56,100.0,Critical,Critical,P1,Open,Incident Response Team,Malware Infection,Immediately isolate the endpoint
ALT-006097,235241,2026-07-26 08:22:57,100.0,Critical,Critical,P1,Open,Incident Response Team,Privilege Escalation,Immediately isolate the endpoint
ALT-001201,45480,2026-07-26 08:23:04,100.0,Critical,Critical,P1,Investigating,Incident Response Team,Privilege Escalation,Immediately isolate the endpoint
ALT-004634,186283,2026-07-26 08:23:13,100.0,Critical,Critical,P1,Resolved,Incident Response Team,Ransomware,Immediately isolate the endpoint
ALT-003280,117568,2026-07-26 08:23:16,99.79,Critical,Critical,P1,Open,Incident Response Team,Privilege Escalation,Immediately isolate the endpoint
ALT-001950,65962,2026-07-26 08:23:20,100.0,Critical,Critical,P1,Open,Incident Response Team,Privilege Escalation,Immediately isolate the endpoint
ALT-004311,169616,2026-07-26 08:23:21,100.0,Critical,Critical,P1,Open,Incident Response Team,Privilege Escalation,Immediately isolate the endpoint
ALT-002196,76212,2026-07-26 08:23:57,99.97,Critical,Critical,P1,Resolved,Incident Response Team,Data Exfiltration,Immediately isolate the endpoint
ALT-000809,30528,2026-07-26 08:24:12,100.0,Critical,Critical,P1,Investigating,Incident Response Team,Ransomware,Immediately isolate the endpoint
ALT-004107,158845,2026-07-26 08:25:09,99.28,Critical,Critical,P1,Investigating,Incident Response Team,Malware Infection,Immediately isolate the endpoint
ALT-004879,201416,2026-07-26 08:25:32,28.15,Medium,Low,P3,Open,Tier-1 SOC Analyst,Policy Violation,Investigate suspicious activity
ALT-006109,235253,2026-07-26 08:25:56,100.0,Critical,Critical,P1,Open,Incident Response Team,Ransomware,Immediately isolate the endpoint
ALT-001179,45458,2026-07-26 08:25:59,100.0,Critical,Critical,P1,Open,Incident Response Team,Privilege Escalation,Immediately isolate the endpoint
ALT-002919,107949,2026-07-26 08:26:06,100.0,Critical,Critical,P1,Open,Incident Response Team,Ransomware,Immediately isolate the endpoint
ALT-000460,15574,2026-07-26 08:26:19,100.0,Critical,Critical,P1,Investigating,Incident Response Team,Malware Infection,Immediately isolate the endpoint
ALT-004241,166313,2026-07-26 08:26:24,100.0,Critical,Critical,P1,Investigating,Incident Response Team,Ransomware,Immediately isolate the endpoint
ALT-003850,142187,2026-07-26 08:26:30,100.0,Critical,Critical,P1,Resolved,Incident Response Team,Privilege Escalation,Immediately isolate the endpoint
ALT-005996,233161,2026-07-26 08:26:57,100.0,Critical,Critical,P1,Resolved,Incident Response Team,Ransomware,Immediately isolate the endpoint
ALT-003340,120115,2026-07-26 08:27:11,97.04,Critical,Critical,P1,Open,Incident Response Team,Malware Infection,Immediately isolate the endpoint
ALT-001318,49254,2026-07-26 08:28:00,99.82,Critical,Critical,P1,Investigating,Incident Response Team,Data Exfiltration,Immediately isolate the endpoint
ALT-000241,9498,2026-07-26 08:28:41,99.7,Critical,Critical,P1,Resolved,Incident Response Team,Privilege Escalation,Immediately isolate the endpoint
ALT-004181,160509,2026-07-26 08:28:43,100.0,Critical,Critical,P1,Investigating,Incident Response Team,Privilege Escalation,Immediately isolate the endpoint
ALT-000806,30525,2026-07-26 08:29:14,100.0,Critical,Critical,P1,Open,Incident Response Team,Malware Infection,Immediately isolate the endpoint
ALT-003566,130468,2026-07-26 08:29:22,100.0,Critical,Critical,P1,Open,Incident Response Team,Ransomware,Immediately isolate the endpoint
ALT-000422,15536,2026-07-26 08:29:35,100.0,Critical,Critical,P1,Open,Incident Response Team,Data Exfiltration,Immediately isolate the endpoint
ALT-005472,214401,2026-07-26 08:29:44,100.0,Critical,Critical,P1,Resolved,Incident Response Team,Malware Infection,Immediately isolate the endpoint
ALT-003988,152667,2026-07-26 08:30:22,100.0,Critical,Critical,P1,Investigating,Incident Response Team,Data Exfiltration,Immediately isolate the endpoint
ALT-006149,238103,2026-07-26 08:31:02,99.99,Critical,Critical,P1,Open,Incident Response Team,Malware Infection,Immediately isolate the endpoint
ALT-004588,185241,2026-07-26 08:31:12,100.0,Critical,Critical,P1,Investigating,Incident Response Team,Privilege Escalation,Immediately isolate the endpoint
ALT-002167,75887,2026-07-26 08:31:42,33.14,Medium,Low,P3,Investigating,Tier-1 SOC Analyst,Port Scan,Investigate suspicious activity
ALT-006065,234721,2026-07-26 08:31:48,20.52,Medium,Low,P3,Open,Tier-1 SOC Analyst,Reconnaissance,Investigate suspicious activity
ALT-001694,60030,2026-07-26 08:31:51,100.0,Critical,Critical,P1,Open,Incident Response Team,Data Exfiltration,Immediately isolate the endpoint
ALT-005356,211005,2026-07-26 08:31:58,49.37,Medium,Low,P3,Investigating,Tier-1 SOC Analyst,Abnormal Traffic,Investigate suspicious activity
ALT-000463,15577,2026-07-26 08:32:06,100.0,Critical,Critical,P1,Open,Incident Response Team,Malware Infection,Immediately isolate the endpoint
ALT-003393,121273,2026-07-26 08:32:12,100.0,Critical,Critical,P1,Investigating,Incident Response Team,Privilege Escalation,Immediately isolate the endpoint
ALT-002042,69541,2026-07-26 08:32:21,100.0,Critical,Critical,P1,Open,Incident Response Team,Data Exfiltration,Immediately isolate the endpoint
ALT-001685,60021,2026-07-26 08:33:02,100.0,Critical,Critical,P1,Investigating,Incident Response Team,Malware Infection,Immediately isolate the endpoint
ALT-004482,181855,2026-07-26 08:33:21,100.0,Critical,Critical,P1,Open,Incident Response Team,Malware Infection,Immediately isolate the endpoint
ALT-002653,95373,2026-07-26 08:33:28,21.05,Medium,Low,P3,Open,Tier-1 SOC Analyst,Policy Violation,Investigate suspicious activity
ALT-004403,176654,2026-07-26 08:33:30,100.0,Critical,Critical,P1,Investigating,Incident Response Team,Ransomware,Immediately isolate the endpoint
ALT-001322,49258,2026-07-26 08:33:42,99.91,Critical,Critical,P1,Open,Incident Response Team,Privilege Escalation,Immediately isolate the endpoint
ALT-003045,109498,2026-07-26 08:34:16,100.0,Critical,Critical,P1,Open,Incident Response Team,Privilege Escalation,Immediately isolate the endpoint
ALT-005329,210719,2026-07-26 08:34:55,53.41,High,Medium,P2,Open,Tier-2 SOC Analyst,Suspicious Login,Notify security team
ALT-000950,38847,2026-07-26 08:35:04,100.0,Critical,Critical,P1,Investigating,Incident Response Team,Data Exfiltration,Immediately isolate the endpoint
ALT-001301,49237,2026-07-26 08:35:04,100.0,Critical,Critical,P1,Investigating,Incident Response Team,Malware Infection,Immediately isolate the endpoint
ALT-000945,37405,2026-07-26 08:35:10,100.0,Critical,Critical,P1,Investigating,Incident Response Team,Data Exfiltration,Immediately isolate the endpoint
ALT-003443,123144,2026-07-26 08:35:12,97.81,Critical,Critical,P1,Open,Incident Response Team,Malware Infection,Immediately isolate the endpoint
ALT-002205,76221,2026-07-26 08:36:05,100.0,Critical,Critical,P1,Open,Incident Response Team,Malware Infection,Immediately isolate the endpoint
ALT-004034,155173,2026-07-26 08:36:20,99.57,Critical,Critical,P1,Open,Incident Response Team,Privilege Escalation,Immediately isolate the endpoint
ALT-001093,44812,2026-07-26 08:36:21,100.0,Critical,Critical,P1,Open,Incident Response Team,Ransomware,Immediately isolate the endpoint
ALT-001703,60039,2026-07-26 08:36:45,100.0,Critical,Critical,P1,Open,Incident Response Team,Ransomware,Immediately isolate the endpoint
ALT-003115,112194,2026-07-26 08:37:11,30.89,Medium,Low,P3,Open,Tier-1 SOC Analyst,Port Scan,Investigate suspicious activity
ALT-003424,121719,2026-07-26 08:37:12,71.44,High,Medium,P2,Open,Tier-2 SOC Analyst,Brute Force Attack,Notify security team
ALT-002931,107961,2026-07-26 08:37:14,100.0,Critical,Critical,P1,Resolved,Incident Response Team,Data Exfiltration,Immediately isolate the endpoint
ALT-000282,10070,2026-07-26 08:38:11,100.0,Critical,Critical,P1,Open,Incident Response Team,Ransomware,Immediately isolate the endpoint
ALT-003546,127928,2026-07-26 08:38:24,100.0,Critical,Critical,P1,Open,Incident Response Team,Ransomware,Immediately isolate the endpoint
ALT-001352,51466,2026-07-26 08:38:30,100.0,Critical,Critical,P1,Investigating,Incident Response Team,Privilege Escalation,Immediately isolate the endpoint
ALT-000229,7766,2026-07-26 08:38:45,100.0,Critical,Critical,P1,Open,Incident Response Team,Privilege Escalation,Immediately isolate the endpoint
ALT-003751,137979,2026-07-26 08:38:54,99.61,Critical,Critical,P1,Investigating,Incident Response Team,Malware Infection,Immediately isolate the endpoint
ALT-005283,208425,2026-07-26 08:39:00,100.0,Critical,Critical,P1,Investigating,Incident Response Team,Data Exfiltration,Immediately isolate the endpoint
ALT-002091,70754,2026-07-26 08:39:19,99.38,Critical,Critical,P1,Resolved,Incident Response Team,Data Exfiltration,Immediately isolate the endpoint
ALT-002937,107967,2026-07-26 08:39:36,100.0,Critical,Critical,P1,Open,Incident Response Team,Ransomware,Immediately isolate the endpoint
ALT-004321,172384,2026-07-26 08:39:38,100.0,Critical,Critical,P1,Resolved,Incident Response Team,Data Exfiltration,Immediately isolate the endpoint
ALT-002172,75892,2026-07-26 08:39:47,30.38,Medium,Low,P3,Open,Tier-1 SOC Analyst,Policy Violation,Investigate suspicious activity
ALT-002310,82753,2026-07-26 08:39:58,100.0,Critical,Critical,P1,Open,Incident Response Team,Privilege Escalation,Immediately isolate the endpoint
ALT-004322,172385,2026-07-26 08:40:04,100.0,Critical,Critical,P1,Open,Incident Response Team,Ransomware,Immediately isolate the endpoint
ALT-003717,137610,2026-07-26 08:40:33,100.0,Critical,Critical,P1,Resolved,Incident Response Team,Ransomware,Immediately isolate the endpoint
ALT-002539,86291,2026-07-26 08:40:37,31.84,Medium,Low,P3,Open,Tier-1 SOC Analyst,Abnormal Traffic,Investigate suspicious activity
ALT-001463,53791,2026-07-26 08:40:38,57.41,High,Medium,P2,Open,Tier-2 SOC Analyst,Network Intrusion,Notify security team
ALT-002063,70479,2026-07-26 08:41:17,99.92,Critical,Critical,P1,Investigating,Incident Response Team,Ransomware,Immediately isolate the endpoint
ALT-002677,96184,2026-07-26 08:41:38,100.0,Critical,Critical,P1,Open,Incident Response Team,Ransomware,Immediately isolate the endpoint
ALT-005768,229976,2026-07-26 08:41:44,100.0,Critical,Critical,P1,Open,Incident Response Team,Privilege Escalation,Immediately isolate the endpoint
ALT-004538,182802,2026-07-26 08:42:03,55.95,High,Medium,P2,Open,Tier-2 SOC Analyst,Unauthorized Access,Notify security team
ALT-005994,233159,2026-07-26 08:42:10,100.0,Critical,Critical,P1,Open,Incident Response Team,Ransomware,Immediately isolate the endpoint
ALT-003255,115165,2026-07-26 08:42:15,100.0,Critical,Critical,P1,Open,Incident Response Team,Data Exfiltration,Immediately isolate the endpoint
ALT-000315,10657,2026-07-26 08:42:37,100.0,Critical,Critical,P1,Open,Incident Response Team,Malware Infection,Immediately isolate the endpoint
ALT-006163,238117,2026-07-26 08:42:43,99.99,Critical,Critical,P1,Investigating,Incident Response Team,Ransomware,Immediately isolate the endpoint
ALT-004883,201424,2026-07-26 08:42:57,22.18,Medium,Low,P3,Open,Tier-1 SOC Analyst,Policy Violation,Investigate suspicious activity
ALT-002786,100086,2026-07-26 08:43:00,25.39,Medium,Low,P3,Open,Tier-1 SOC Analyst,Policy Violation,Investigate suspicious activity
ALT-001513,54542,2026-07-26 08:43:35,100.0,Critical,Critical,P1,Investigating,Incident Response Team,Data Exfiltration,Immediately isolate the endpoint
ALT-004386,176637,2026-07-26 08:43:40,100.0,Critical,Critical,P1,Open,Incident Response Team,Data Exfiltration,Immediately isolate the endpoint
ALT-000596,21706,2026-07-26 08:43:41,100.0,Critical,Critical,P1,Investigating,Incident Response Team,Data Exfiltration,Immediately isolate the endpoint
ALT-004537,182801,2026-07-26 08:43:43,55.12,High,Medium,P2,Open,Tier-2 SOC Analyst,Unauthorized Access,Notify security team
ALT-001344,50379,2026-07-26 08:43:53,99.9,Critical,Critical,P1,Open,Incident Response Team,Privilege Escalation,Immediately isolate the endpoint
ALT-005388,213155,2026-07-26 08:43:59,100.0,Critical,Critical,P1,Open,Incident Response Team,Privilege Escalation,Immediately isolate the endpoint
ALT-000702,27213,2026-07-26 08:44:15,100.0,Critical,Critical,P1,Open,Incident Response Team,Malware Infection,Immediately isolate the endpoint
ALT-002572,90976,2026-07-26 08:44:37,100.0,Critical,Critical,P1,Open,Incident Response Team,Data Exfiltration,Immediately isolate the endpoint
ALT-001354,51468,2026-07-26 08:44:59,100.0,Critical,Critical,P1,Open,Incident Response Team,Data Exfiltration,Immediately isolate the endpoint
ALT-004620,185964,2026-07-26 08:45:06,20.06,Medium,Low,P3,Open,Tier-1 SOC Analyst,Reconnaissance,Investigate suspicious activity
ALT-000309,10651,2026-07-26 08:45:12,99.98,Critical,Critical,P1,Open,Incident Response Team,Privilege Escalation,Immediately isolate the endpoint
ALT-003197,114400,2026-07-26 08:45:19,100.0,Critical,Critical,P1,Open,Incident Response Team,Data Exfiltration,Immediately isolate the endpoint
ALT-003764,137992,2026-07-26 08:45:22,99.63,Critical,Critical,P1,Open,Incident Response Team,Ransomware,Immediately isolate the endpoint
ALT-003491,126468,2026-07-26 08:45:32,97.9,Critical,Critical,P1,Open,Incident Response Team,Ransomware,Immediately isolate the endpoint
ALT-004222,166182,2026-07-26 08:45:37,99.26,Critical,Critical,P1,Open,Incident Response Team,Ransomware,Immediately isolate the endpoint
ALT-005209,207263,2026-07-26 08:45:52,100.0,Critical,Critical,P1,Investigating,Incident Response Team,Data Exfiltration,Immediately isolate the endpoint
ALT-005462,214391,2026-07-26 08:46:23,100.0,Critical,Critical,P1,Open,Incident Response Team,Ransomware,Immediately isolate the endpoint
ALT-004683,189093,2026-07-26 08:46:39,100.0,Critical,Critical,P1,Investigating,Incident Response Team,Data Exfiltration,Immediately isolate the endpoint
ALT-004414,176915,2026-07-26 08:46:42,100.0,Critical,Critical,P1,Investigating,Incident Response Team,Ransomware,Immediately isolate the endpoint
ALT-000031,2373,2026-07-26 08:47:16,98.01,Critical,Critical,P1,Open,Incident Response Team,Malware Infection,Immediately isolate the endpoint
ALT-001345,50380,2026-07-26 08:47:51,99.91,Critical,Critical,P1,Investigating,Incident Response Team,Privilege Escalation,Immediately isolate the endpoint
ALT-005279,208421,2026-07-26 08:47:56,100.0,Critical,Critical,P1,Resolved,Incident Response Team,Ransomware,Immediately isolate the endpoint
ALT-001826,62277,2026-07-26 08:47:59,99.05,Critical,Critical,P1,Open,Incident Response Team,Malware Infection,Immediately isolate the endpoint
ALT-005658,225050,2026-07-26 08:48:23,100.0,Critical,Critical,P1,Open,Incident Response Team,Data Exfiltration,Immediately isolate the endpoint
ALT-006017,233885,2026-07-26 08:48:27,100.0,Critical,Critical,P1,Investigating,Incident Response Team,Privilege Escalation,Immediately isolate the endpoint
ALT-000379,13382,2026-07-26 08:48:29,100.0,Critical,Critical,P1,Investigating,Incident Response Team,Data Exfiltration,Immediately isolate the endpoint
ALT-001190,45469,2026-07-26 08:48:43,100.0,Critical,Critical,P1,Open,Incident Response Team,Data Exfiltration,Immediately isolate the endpoint
ALT-003845,142182,2026-07-26 08:48:48,100.0,Critical,Critical,P1,Open,Incident Response Team,Privilege Escalation,Immediately isolate the endpoint
ALT-006081,234883,2026-07-26 08:49:02,99.47,Critical,Critical,P1,Open,Incident Response Team,Malware Infection,Immediately isolate the endpoint
ALT-006121,236129,2026-07-26 08:49:05,23.95,Medium,Low,P3,Open,Tier-1 SOC Analyst,Abnormal Traffic,Investigate suspicious activity
ALT-002281,81711,2026-07-26 08:49:20,98.78,Critical,Critical,P1,Investigating,Incident Response Team,Data Exfiltration,Immediately isolate the endpoint
ALT-001114,44833,2026-07-26 08:49:48,100.0,Critical,Critical,P1,Open,Incident Response Team,Ransomware,Immediately isolate the endpoint
ALT-001588,56194,2026-07-26 08:49:56,100.0,Critical,Critical,P1,Open,Incident Response Team,Privilege Escalation,Immediately isolate the endpoint
ALT-000940,37400,2026-07-26 08:49:57,100.0,Critical,Critical,P1,Investigating,Incident Response Team,Privilege Escalation,Immediately isolate the endpoint
ALT-004992,202792,2026-07-26 08:50:11,37.74,Medium,Low,P3,Open,Tier-1 SOC Analyst,Policy Violation,Investigate suspicious activity
ALT-001710,60046,2026-07-26 08:50:19,100.0,Critical,Critical,P1,Open,Incident Response Team,Ransomware,Immediately isolate the endpoint
ALT-001961,66028,2026-07-26 08:51:06,61.76,High,Medium,P2,Investigating,Tier-2 SOC Analyst,Network Intrusion,Notify security team
ALT-004938,201973,2026-07-26 08:52:11,100.0,Critical,Critical,P1,Investigating,Incident Response Team,Data Exfiltration,Immediately isolate the endpoint
ALT-004447,177911,2026-07-26 08:52:30,98.89,Critical,Critical,P1,Open,Incident Response Team,Malware Infection,Immediately isolate the endpoint
ALT-006031,233899,2026-07-26 08:52:37,100.0,Critical,Critical,P1,Open,Incident Response Team,Ransomware,Immediately isolate the endpoint
ALT-005517,216382,2026-07-26 08:52:42,21.62,Medium,Low,P3,Open,Tier-1 SOC Analyst,Port Scan,Investigate suspicious activity
ALT-004715,191124,2026-07-26 08:52:54,21.91,Medium,Low,P3,Open,Tier-1 SOC Analyst,Policy Violation,Investigate suspicious activity
ALT-006011,233879,2026-07-26 08:52:57,100.0,Critical,Critical,P1,Open,Incident Response Team,Data Exfiltration,Immediately isolate the endpoint
ALT-003229,115139,2026-07-26 08:52:57,100.0,Critical,Critical,P1,Open,Incident Response Team,Ransomware,Immediately isolate the endpoint
ALT-002288,81718,2026-07-26 08:53:28,100.0,Critical,Critical,P1,Open,Incident Response Team,Malware Infection,Immediately isolate the endpoint
ALT-000173,5419,2026-07-26 08:53:40,100.0,Critical,Critical,P1,Open,Incident Response Team,Ransomware,Immediately isolate the endpoint
ALT-000242,9499,2026-07-26 08:53:46,99.71,Critical,Critical,P1,Open,Incident Response Team,Data Exfiltration,Immediately isolate the endpoint
ALT-003615,131722,2026-07-26 08:53:47,100.0,Critical,Critical,P1,Open,Incident Response Team,Malware Infection,Immediately isolate the endpoint
ALT-000810,30529,2026-07-26 08:54:02,100.0,Critical,Critical,P1,Open,Incident Response Team,Malware Infection,Immediately isolate the endpoint
ALT-003550,130452,2026-07-26 08:54:43,100.0,Critical,Critical,P1,Open,Incident Response Team,Privilege Escalation,Immediately isolate the endpoint
ALT-005964,232697,2026-07-26 08:55:02,98.78,Critical,Critical,P1,Open,Incident Response Team,Malware Infection,Immediately isolate the endpoint
ALT-003570,130583,2026-07-26 08:55:20,100.0,Critical,Critical,P1,Investigating,Incident Response Team,Ransomware,Immediately isolate the endpoint
ALT-002406,84063,2026-07-26 08:55:23,100.0,Critical,Critical,P1,Open,Incident Response Team,Data Exfiltration,Immediately isolate the endpoint
ALT-002636,92175,2026-07-26 08:55:41,100.0,Critical,Critical,P1,Investigating,Incident Response Team,Malware Infection,Immediately isolate the endpoint
ALT-004066,156867,2026-07-26 08:55:50,100.0,Critical,Critical,P1,Investigating,Incident Response Team,Ransomware,Immediately isolate the endpoint
ALT-005682,225197,2026-07-26 08:56:17,100.0,Critical,Critical,P1,Open,Incident Response Team,Data Exfiltration,Immediately isolate the endpoint
ALT-002074,70490,2026-07-26 08:56:30,100.0,Critical,Critical,P1,Open,Incident Response Team,Malware Infection,Immediately isolate the endpoint
ALT-004952,202484,2026-07-26 08:56:31,100.0,Critical,Critical,P1,Open,Incident Response Team,Privilege Escalation,Immediately isolate the endpoint
ALT-004995,202795,2026-07-26 08:56:45,64.85,High,Medium,P2,Open,Tier-2 SOC Analyst,Network Intrusion,Notify security team
ALT-004660,186608,2026-07-26 08:57:24,50.6,High,Medium,P2,Investigating,Tier-2 SOC Analyst,Network Intrusion,Notify security team
ALT-005353,211002,2026-07-26 08:57:37,49.7,Medium,Low,P3,Open,Tier-1 SOC Analyst,Policy Violation,Investigate suspicious activity
ALT-005104,204227,2026-07-26 08:57:48,100.0,Critical,Critical,P1,Open,Incident Response Team,Malware Infection,Immediately isolate the endpoint
ALT-005816,230619,2026-07-26 08:58:03,96.28,Critical,Critical,P1,Open,Incident Response Team,Ransomware,Immediately isolate the endpoint
ALT-002057,70473,2026-07-26 08:58:15,99.92,Critical,Critical,P1,Open,Incident Response Team,Ransomware,Immediately isolate the endpoint
ALT-004574,184177,2026-07-26 08:58:17,99.38,Critical,Critical,P1,Investigating,Incident Response Team,Malware Infection,Immediately isolate the endpoint
ALT-004450,180524,2026-07-26 09:00:10,100.0,Critical,Critical,P1,Open,Incident Response Team,Privilege Escalation,Immediately isolate the endpoint
ALT-003182,114385,2026-07-26 09:00:11,100.0,Critical,Critical,P1,Open,Incident Response Team,Malware Infection,Immediately isolate the endpoint
ALT-004103,158656,2026-07-26 09:00:19,75.63,High,Medium,P2,Resolved,Tier-2 SOC Analyst,Brute Force Attack,Notify security team
ALT-004463,180537,2026-07-26 09:00:29,99.85,Critical,Critical,P1,Investigating,Incident Response Team,Malware Infection,Immediately isolate the endpoint
ALT-000638,26261,2026-07-26 09:00:47,100.0,Critical,Critical,P1,Open,Incident Response Team,Ransomware,Immediately isolate the endpoint
ALT-005820,230623,2026-07-26 09:01:31,95.26,Critical,Critical,P1,Open,Incident Response Team,Data Exfiltration,Immediately isolate the endpoint
ALT-002754,99581,2026-07-26 09:01:37,50.5,High,Medium,P2,Open,Tier-2 SOC Analyst,Brute Force Attack,Notify security team
ALT-002549,90714,2026-07-26 09:01:58,100.0,Critical,Critical,P1,Open,Incident Response Team,Malware Infection,Immediately isolate the endpoint
ALT-002945,108506,2026-07-26 09:02:03,23.02,Medium,Low,P3,Open,Tier-1 SOC Analyst,Port Scan,Investigate suspicious activity
ALT-000917,35094,2026-07-26 09:02:32,100.0,Critical,Critical,P1,Open,Incident Response Team,Data Exfiltration,Immediately isolate the endpoint
ALT-001369,51483,2026-07-26 09:03:20,100.0,Critical,Critical,P1,Open,Incident Response Team,Privilege Escalation,Immediately isolate the endpoint
ALT-005763,229661,2026-07-26 09:03:31,100.0,Critical,Critical,P1,Open,Incident Response Team,Ransomware,Immediately isolate the endpoint
ALT-002015,67703,2026-07-26 09:04:28,36.29,Medium,Low,P3,Investigating,Tier-1 SOC Analyst,Port Scan,Investigate suspicious activity
ALT-003230,115140,2026-07-26 09:04:42,100.0,Critical,Critical,P1,Open,Incident Response Team,Malware Infection,Immediately isolate the endpoint
ALT-002178,75898,2026-07-26 09:04:44,30.17,Medium,Low,P3,Open,Tier-1 SOC Analyst,Port Scan,Investigate suspicious activity
ALT-003286,118027,2026-07-26 09:05:00,100.0,Critical,Critical,P1,Open,Incident Response Team,Privilege Escalation,Immediately isolate the endpoint
ALT-001299,47223,2026-07-26 09:05:26,60.29,High,Medium,P2,Resolved,Tier-2 SOC Analyst,Network Intrusion,Notify security team
ALT-003247,115157,2026-07-26 09:06:18,100.0,Critical,Critical,P1,Open,Incident Response Team,Privilege Escalation,Immediately isolate the endpoint
ALT-000977,38874,2026-07-26 09:06:40,100.0,Critical,Critical,P1,Open,Incident Response Team,Data Exfiltration,Immediately isolate the endpoint
ALT-004950,202482,2026-07-26 09:07:33,100.0,Critical,Critical,P1,Resolved,Incident Response Team,Malware Infection,Immediately isolate the endpoint
ALT-001096,44815,2026-07-26 09:07:36,100.0,Critical,Critical,P1,Investigating,Incident Response Team,Ransomware,Immediately isolate the endpoint
ALT-000209,7746,2026-07-26 09:07:43,100.0,Critical,Critical,P1,Investigating,Incident Response Team,Ransomware,Immediately isolate the endpoint
ALT-003618,131725,2026-07-26 09:07:47,100.0,Critical,Critical,P1,Open,Incident Response Team,Ransomware,Immediately isolate the endpoint
ALT-000442,15556,2026-07-26 09:08:03,100.0,Critical,Critical,P1,Open,Incident Response Team,Privilege Escalation,Immediately isolate the endpoint
ALT-004811,199632,2026-07-26 09:08:05,100.0,Critical,Critical,P1,Investigating,Incident Response Team,Data Exfiltration,Immediately isolate the endpoint
ALT-003527,127195,2026-07-26 09:08:05,20.71,Medium,Low,P3,Resolved,Tier-1 SOC Analyst,Abnormal Traffic,Investigate suspicious activity
ALT-003523,126680,2026-07-26 09:08:22,98.98,Critical,Critical,P1,Open,Incident Response Team,Privilege Escalation,Immediately isolate the endpoint
ALT-002802,100105,2026-07-26 09:08:26,26.19,Medium,Low,P3,Open,Tier-1 SOC Analyst,Policy Violation,Investigate suspicious activity
ALT-003628,135881,2026-07-26 09:08:43,99.46,Critical,Critical,P1,Open,Incident Response Team,Malware Infection,Immediately isolate the endpoint
ALT-003284,117572,2026-07-26 09:08:44,100.0,Critical,Critical,P1,Investigating,Incident Response Team,Data Exfiltration,Immediately isolate the endpoint
ALT-005535,216607,2026-07-26 09:08:48,32.73,Medium,Low,P3,Open,Tier-1 SOC Analyst,Port Scan,Investigate suspicious activity
ALT-000281,10069,2026-07-26 09:08:59,100.0,Critical,Critical,P1,Open,Incident Response Team,Ransomware,Immediately isolate the endpoint
ALT-002615,92126,2026-07-26 09:09:15,100.0,Critical,Critical,P1,Open,Incident Response Team,Ransomware,Immediately isolate the endpoint
ALT-004159,159378,2026-07-26 09:09:33,99.34,Critical,Critical,P1,Open,Incident Response Team,Data Exfiltration,Immediately isolate the endpoint
ALT-002480,85379,2026-07-26 09:09:56,34.88,Medium,Low,P3,Open,Tier-1 SOC Analyst,Policy Violation,Investigate suspicious activity
ALT-003569,130582,2026-07-26 09:10:15,100.0,Critical,Critical,P1,Open,Incident Response Team,Ransomware,Immediately isolate the endpoint
ALT-002512,85848,2026-07-26 09:10:15,100.0,Critical,Critical,P1,Investigating,Incident Response Team,Privilege Escalation,Immediately isolate the endpoint
ALT-001627,57692,2026-07-26 09:10:23,95.33,Critical,Critical,P1,Open,Incident Response Team,Ransomware,Immediately isolate the endpoint
ALT-002153,74505,2026-07-26 09:10:42,100.0,Critical,Critical,P1,Open,Incident Response Team,Privilege Escalation,Immediately isolate the endpoint
ALT-005417,213184,2026-07-26 09:10:52,100.0,Critical,Critical,P1,Open,Incident Response Team,Privilege Escalation,Immediately isolate the endpoint
ALT-003317,119210,2026-07-26 09:10:52,99.52,Critical,Critical,P1,Open,Incident Response Team,Data Exfiltration,Immediately isolate the endpoint
ALT-001704,60040,2026-07-26 09:11:03,100.0,Critical,Critical,P1,Open,Incident Response Team,Privilege Escalation,Immediately isolate the endpoint
ALT-002994,108748,2026-07-26 09:11:27,99.99,Critical,Critical,P1,Open,Incident Response Team,Privilege Escalation,Immediately isolate the endpoint
ALT-004048,155187,2026-07-26 09:11:28,99.67,Critical,Critical,P1,Open,Incident Response Team,Data Exfiltration,Immediately isolate the endpoint
ALT-000430,15544,2026-07-26 09:11:38,100.0,Critical,Critical,P1,Open,Incident Response Team,Ransomware,Immediately isolate the endpoint
ALT-003158,112771,2026-07-26 09:11:39,20.18,Medium,Low,P3,Open,Tier-1 SOC Analyst,Policy Violation,Investigate suspicious activity
ALT-003260,117548,2026-07-26 09:11:46,100.0,Critical,Critical,P1,Resolved,Incident Response Team,Ransomware,Immediately isolate the endpoint
ALT-004903,201543,2026-07-26 09:11:48,100.0,Critical,Critical,P1,Open,Incident Response Team,Malware Infection,Immediately isolate the endpoint
ALT-004599,185252,2026-07-26 09:12:29,99.68,Critical,Critical,P1,Investigating,Incident Response Team,Malware Infection,Immediately isolate the endpoint
ALT-005321,210711,2026-07-26 09:12:36,52.57,High,Medium,P2,Open,Tier-2 SOC Analyst,Brute Force Attack,Notify security team
ALT-005546,217553,2026-07-26 09:12:56,99.05,Critical,Critical,P1,Investigating,Incident Response Team,Malware Infection,Immediately isolate the endpoint
ALT-005615,223408,2026-07-26 09:12:58,100.0,Critical,Critical,P1,Investigating,Incident Response Team,Privilege Escalation,Immediately isolate the endpoint
ALT-002206,76222,2026-07-26 09:13:27,95.33,Critical,Critical,P1,Open,Incident Response Team,Ransomware,Immediately isolate the endpoint
ALT-003233,115143,2026-07-26 09:13:52,100.0,Critical,Critical,P1,Open,Incident Response Team,Data Exfiltration,Immediately isolate the endpoint
ALT-003724,137617,2026-07-26 09:14:19,100.0,Critical,Critical,P1,Open,Incident Response Team,Data Exfiltration,Immediately isolate the endpoint
ALT-000391,13761,2026-07-26 09:14:21,24.31,Medium,Low,P3,Open,Tier-1 SOC Analyst,Port Scan,Investigate suspicious activity
ALT-005461,214390,2026-07-26 09:14:30,99.99,Critical,Critical,P1,Resolved,Incident Response Team,Ransomware,Immediately isolate the endpoint
ALT-000020,1781,2026-07-26 09:14:31,100.0,Critical,Critical,P1,Investigating,Incident Response Team,Data Exfiltration,Immediately isolate the endpoint
ALT-003862,142666,2026-07-26 09:15:14,100.0,Critical,Critical,P1,Resolved,Incident Response Team,Privilege Escalation,Immediately isolate the endpoint
ALT-001156,44905,2026-07-26 09:15:41,66.96,High,Medium,P2,Open,Tier-2 SOC Analyst,Network Intrusion,Notify security team
ALT-002848,103818,2026-07-26 09:15:48,99.51,Critical,Critical,P1,Investigating,Incident Response Team,Ransomware,Immediately isolate the endpoint
ALT-004886,201436,2026-07-26 09:15:52,38.47,Medium,Low,P3,Resolved,Tier-1 SOC Analyst,Reconnaissance,Investigate suspicious activity
ALT-003120,112199,2026-07-26 09:16:02,25.93,Medium,Low,P3,Open,Tier-1 SOC Analyst,Port Scan,Investigate suspicious activity
ALT-002318,82761,2026-07-26 09:16:25,100.0,Critical,Critical,P1,Open,Incident Response Team,Ransomware,Immediately isolate the endpoint
ALT-004431,177895,2026-07-26 09:16:39,63.27,High,Medium,P2,Investigating,Tier-2 SOC Analyst,Network Intrusion,Notify security team
ALT-002026,67714,2026-07-26 09:17:14,32.39,Medium,Low,P3,Open,Tier-1 SOC Analyst,Reconnaissance,Investigate suspicious activity
ALT-001162,44911,2026-07-26 09:17:45,67.01,High,Medium,P2,Investigating,Tier-2 SOC Analyst,Suspicious Login,Notify security team
ALT-002715,98273,2026-07-26 09:17:59,100.0,Critical,Critical,P1,Open,Incident Response Team,Data Exfiltration,Immediately isolate the endpoint
ALT-002494,85830,2026-07-26 09:18:10,100.0,Critical,Critical,P1,Investigating,Incident Response Team,Malware Infection,Immediately isolate the endpoint
ALT-001525,54824,2026-07-26 09:18:39,100.0,Critical,Critical,P1,Open,Incident Response Team,Ransomware,Immediately isolate the endpoint
ALT-004421,176922,2026-07-26 09:18:44,100.0,Critical,Critical,P1,Open,Incident Response Team,Malware Infection,Immediately isolate the endpoint
ALT-005579,218205,2026-07-26 09:19:23,99.97,Critical,Critical,P1,Open,Incident Response Team,Malware Infection,Immediately isolate the endpoint
ALT-004774,196698,2026-07-26 09:19:31,27.98,Medium,Low,P3,Investigating,Tier-1 SOC Analyst,Reconnaissance,Investigate suspicious activity
ALT-004819,200748,2026-07-26 09:19:36,99.42,Critical,Critical,P1,Investigating,Incident Response Team,Malware Infection,Immediately isolate the endpoint
ALT-001589,56195,2026-07-26 09:19:54,100.0,Critical,Critical,P1,Open,Incident Response Team,Data Exfiltration,Immediately isolate the endpoint
ALT-003964,149295,2026-07-26 09:20:32,99.97,Critical,Critical,P1,Open,Incident Response Team,Privilege Escalation,Immediately isolate the endpoint
ALT-004218,166178,2026-07-26 09:20:34,99.37,Critical,Critical,P1,Investigating,Incident Response Team,Privilege Escalation,Immediately isolate the endpoint
ALT-000434,15548,2026-07-26 09:20:56,100.0,Critical,Critical,P1,Open,Incident Response Team,Ransomware,Immediately isolate the endpoint
ALT-001124,44843,2026-07-26 09:21:08,35.59,Medium,Low,P3,Investigating,Tier-1 SOC Analyst,Port Scan,Investigate suspicious activity
ALT-001676,58900,2026-07-26 09:21:13,99.11,Critical,Critical,P1,Open,Incident Response Team,Ransomware,Immediately isolate the endpoint
ALT-004206,166166,2026-07-26 09:21:22,99.09,Critical,Critical,P1,Open,Incident Response Team,Malware Infection,Immediately isolate the endpoint
ALT-003456,123157,2026-07-26 09:21:25,98.15,Critical,Critical,P1,Open,Incident Response Team,Data Exfiltration,Immediately isolate the endpoint
ALT-000681,27008,2026-07-26 09:22:08,100.0,Critical,Critical,P1,Open,Incident Response Team,Privilege Escalation,Immediately isolate the endpoint
ALT-002114,70777,2026-07-26 09:22:24,100.0,Critical,Critical,P1,Investigating,Incident Response Team,Malware Infection,Immediately isolate the endpoint
ALT-001026,40482,2026-07-26 09:22:43,100.0,Critical,Critical,P1,Open,Incident Response Team,Data Exfiltration,Immediately isolate the endpoint
ALT-006162,238116,2026-07-26 09:22:45,100.0,Critical,Critical,P1,Open,Incident Response Team,Privilege Escalation,Immediately isolate the endpoint
ALT-004760,196684,2026-07-26 09:22:46,23.5,Medium,Low,P3,Investigating,Tier-1 SOC Analyst,Abnormal Traffic,Investigate suspicious activity
ALT-000501,18973,2026-07-26 09:22:51,100.0,Critical,Critical,P1,Open,Incident Response Team,Malware Infection,Immediately isolate the endpoint
ALT-004693,189103,2026-07-26 09:23:11,100.0,Critical,Critical,P1,Open,Incident Response Team,Malware Infection,Immediately isolate the endpoint
ALT-005944,232677,2026-07-26 09:23:17,98.58,Critical,Critical,P1,Resolved,Incident Response Team,Data Exfiltration,Immediately isolate the endpoint
ALT-005596,223389,2026-07-26 09:23:30,100.0,Critical,Critical,P1,Investigating,Incident Response Team,Malware Infection,Immediately isolate the endpoint
ALT-000432,15546,2026-07-26 09:23:30,100.0,Critical,Critical,P1,Open,Incident Response Team,Malware Infection,Immediately isolate the endpoint
ALT-000705,27216,2026-07-26 09:23:31,100.0,Critical,Critical,P1,Resolved,Incident Response Team,Ransomware,Immediately isolate the endpoint
ALT-002269,81699,2026-07-26 09:23:33,99.06,Critical,Critical,P1,Investigating,Incident Response Team,Ransomware,Immediately isolate the endpoint
ALT-002723,98281,2026-07-26 09:24:12,100.0,Critical,Critical,P1,Open,Incident Response Team,Malware Infection,Immediately isolate the endpoint
ALT-001675,58899,2026-07-26 09:24:14,98.96,Critical,Critical,P1,Open,Incident Response Team,Privilege Escalation,Immediately isolate the endpoint
ALT-004019,154636,2026-07-26 09:24:20,100.0,Critical,Critical,P1,Investigating,Incident Response Team,Privilege Escalation,Immediately isolate the endpoint
ALT-000900,35016,2026-07-26 09:24:27,100.0,Critical,Critical,P1,Investigating,Incident Response Team,Malware Infection,Immediately isolate the endpoint
ALT-004098,158651,2026-07-26 09:25:00,70.14,High,Medium,P2,Open,Tier-2 SOC Analyst,Network Intrusion,Notify security team
ALT-004479,180553,2026-07-26 09:25:16,100.0,Critical,Critical,P1,Investigating,Incident Response Team,Data Exfiltration,Immediately isolate the endpoint
ALT-004626,185972,2026-07-26 09:25:16,20.58,Medium,Low,P3,Investigating,Tier-1 SOC Analyst,Reconnaissance,Investigate suspicious activity
ALT-000048,2390,2026-07-26 09:25:40,99.45,Critical,Critical,P1,Open,Incident Response Team,Data Exfiltration,Immediately isolate the endpoint
ALT-005211,207265,2026-07-26 09:25:44,100.0,Critical,Critical,P1,Open,Incident Response Team,Malware Infection,Immediately isolate the endpoint
ALT-001456,53784,2026-07-26 09:25:48,59.85,High,Medium,P2,Open,Tier-2 SOC Analyst,Brute Force Attack,Notify security team
ALT-002923,107953,2026-07-26 09:25:51,100.0,Critical,Critical,P1,Investigating,Incident Response Team,Ransomware,Immediately isolate the endpoint
ALT-003051,110858,2026-07-26 09:26:01,100.0,Critical,Critical,P1,Open,Incident Response Team,Malware Infection,Immediately isolate the endpoint
ALT-000971,38868,2026-07-26 09:26:03,100.0,Critical,Critical,P1,Open,Incident Response Team,Data Exfiltration,Immediately isolate the endpoint
ALT-005961,232694,2026-07-26 09:26:06,98.88,Critical,Critical,P1,Investigating,Incident Response Team,Ransomware,Immediately isolate the endpoint
ALT-001327,49263,2026-07-26 09:26:09,99.94,Critical,Critical,P1,Investigating,Incident Response Team,Data Exfiltration,Immediately isolate the endpoint
ALT-002069,70485,2026-07-26 09:26:17,99.92,Critical,Critical,P1,Open,Incident Response Team,Privilege Escalation,Immediately isolate the endpoint
ALT-000906,35083,2026-07-26 09:26:27,100.0,Critical,Critical,P1,Investigating,Incident Response Team,Privilege Escalation,Immediately isolate the endpoint
ALT-001654,58836,2026-07-26 09:26:30,100.0,Critical,Critical,P1,Open,Incident Response Team,Ransomware,Immediately isolate the endpoint
ALT-000294,10082,2026-07-26 09:26:35,100.0,Critical,Critical,P1,Investigating,Incident Response Team,Ransomware,Immediately isolate the endpoint
ALT-004127,158865,2026-07-26 09:26:40,100.0,Critical,Critical,P1,Open,Incident Response Team,Privilege Escalation,Immediately isolate the endpoint
ALT-005901,231389,2026-07-26 09:26:55,100.0,Critical,Critical,P1,Open,Incident Response Team,Ransomware,Immediately isolate the endpoint
ALT-003925,147833,2026-07-26 09:27:05,100.0,Critical,Critical,P1,Investigating,Incident Response Team,Malware Infection,Immediately isolate the endpoint
ALT-005909,231397,2026-07-26 09:27:15,100.0,Critical,Critical,P1,Open,Incident Response Team,Malware Infection,Immediately isolate the endpoint
ALT-005626,223709,2026-07-26 09:27:45,99.53,Critical,Critical,P1,Open,Incident Response Team,Privilege Escalation,Immediately isolate the endpoint
ALT-004541,182805,2026-07-26 09:28:07,55.96,High,Medium,P2,Investigating,Tier-2 SOC Analyst,Unauthorized Access,Notify security team
ALT-005776,229984,2026-07-26 09:28:11,100.0,Critical,Critical,P1,Investigating,Incident Response Team,Ransomware,Immediately isolate the endpoint
ALT-003632,135885,2026-07-26 09:28:21,100.0,Critical,Critical,P1,Investigating,Incident Response Team,Ransomware,Immediately isolate the endpoint
ALT-001752,60638,2026-07-26 09:28:22,100.0,Critical,Critical,P1,Investigating,Incident Response Team,Malware Infection,Immediately isolate the endpoint
ALT-000870,32762,2026-07-26 09:28:29,100.0,Critical,Critical,P1,Open,Incident Response Team,Privilege Escalation,Immediately isolate the endpoint
ALT-000850,32742,2026-07-26 09:28:56,100.0,Critical,Critical,P1,Open,Incident Response Team,Privilege Escalation,Immediately isolate the endpoint
ALT-004840,200769,2026-07-26 09:28:58,99.54,Critical,Critical,P1,Open,Incident Response Team,Ransomware,Immediately isolate the endpoint
ALT-002068,70484,2026-07-26 09:29:01,99.95,Critical,Critical,P1,Open,Incident Response Team,Privilege Escalation,Immediately isolate the endpoint
ALT-005813,230616,2026-07-26 09:29:11,97.68,Critical,Critical,P1,Resolved,Incident Response Team,Privilege Escalation,Immediately isolate the endpoint
ALT-005185,205799,2026-07-26 09:29:36,99.99,Critical,Critical,P1,Open,Incident Response Team,Privilege Escalation,Immediately isolate the endpoint
ALT-005807,230610,2026-07-26 09:29:48,75.54,High,Medium,P2,Open,Tier-2 SOC Analyst,Network Intrusion,Notify security team
ALT-005123,204246,2026-07-26 09:30:30,100.0,Critical,Critical,P1,Open,Incident Response Team,Data Exfiltration,Immediately isolate the endpoint
ALT-005796,230530,2026-07-26 09:30:49,100.0,Critical,Critical,P1,Resolved,Incident Response Team,Data Exfiltration,Immediately isolate the endpoint
ALT-000313,10655,2026-07-26 09:31:07,99.99,Critical,Critical,P1,Open,Incident Response Team,Privilege Escalation,Immediately isolate the endpoint
ALT-000635,26258,2026-07-26 09:31:09,100.0,Critical,Critical,P1,Open,Incident Response Team,Data Exfiltration,Immediately isolate the endpoint
ALT-005035,203207,2026-07-26 09:31:19,26.26,Medium,Low,P3,Open,Tier-1 SOC Analyst,Policy Violation,Investigate suspicious activity
ALT-005756,229615,2026-07-26 09:31:27,100.0,Critical,Critical,P1,Investigating,Incident Response Team,Ransomware,Immediately isolate the endpoint
ALT-003469,126446,2026-07-26 09:31:30,100.0,Critical,Critical,P1,Open,Incident Response Team,Malware Infection,Immediately isolate the endpoint
ALT-004670,186618,2026-07-26 09:31:37,49.79,Medium,Low,P3,Investigating,Tier-1 SOC Analyst,Port Scan,Investigate suspicious activity
ALT-005559,217566,2026-07-26 09:31:46,99.25,Critical,Critical,P1,Resolved,Incident Response Team,Malware Infection,Immediately isolate the endpoint
ALT-005478,214407,2026-07-26 09:32:15,99.99,Critical,Critical,P1,Open,Incident Response Team,Ransomware,Immediately isolate the endpoint
ALT-003501,126658,2026-07-26 09:32:18,99.11,Critical,Critical,P1,Investigating,Incident Response Team,Malware Infection,Immediately isolate the endpoint
ALT-002659,95442,2026-07-26 09:32:20,21.28,Medium,Low,P3,Resolved,Tier-1 SOC Analyst,Abnormal Traffic,Investigate suspicious activity
ALT-000386,13389,2026-07-26 09:32:25,100.0,Critical,Critical,P1,Investigating,Incident Response Team,Data Exfiltration,Immediately isolate the endpoint
ALT-003947,148421,2026-07-26 09:32:26,99.86,Critical,Critical,P1,Open,Incident Response Team,Ransomware,Immediately isolate the endpoint
ALT-001129,44848,2026-07-26 09:32:29,31.41,Medium,Low,P3,Open,Tier-1 SOC Analyst,Abnormal Traffic,Investigate suspicious activity
ALT-003484,126461,2026-07-26 09:32:41,97.71,Critical,Critical,P1,Investigating,Incident Response Team,Privilege Escalation,Immediately isolate the endpoint
ALT-004167,160495,2026-07-26 09:32:44,100.0,Critical,Critical,P1,Open,Incident Response Team,Privilege Escalation,Immediately isolate the endpoint
ALT-003472,126449,2026-07-26 09:33:11,100.0,Critical,Critical,P1,Investigating,Incident Response Team,Ransomware,Immediately isolate the endpoint
ALT-004727,191722,2026-07-26 09:33:11,100.0,Critical,Critical,P1,Resolved,Incident Response Team,Ransomware,Immediately isolate the endpoint
ALT-005597,223390,2026-07-26 09:34:06,99.9,Critical,Critical,P1,Resolved,Incident Response Team,Privilege Escalation,Immediately isolate the endpoint
ALT-002011,67699,2026-07-26 09:34:07,36.95,Medium,Low,P3,Open,Tier-1 SOC Analyst,Abnormal Traffic,Investigate suspicious activity
ALT-002883,105091,2026-07-26 09:34:17,100.0,Critical,Critical,P1,Open,Incident Response Team,Privilege Escalation,Immediately isolate the endpoint
ALT-004128,158866,2026-07-26 09:35:02,100.0,Critical,Critical,P1,Resolved,Incident Response Team,Privilege Escalation,Immediately isolate the endpoint
ALT-001720,60606,2026-07-26 09:35:16,100.0,Critical,Critical,P1,Investigating,Incident Response Team,Malware Infection,Immediately isolate the endpoint
ALT-001243,46341,2026-07-26 09:35:16,41.69,Medium,Low,P3,Open,Tier-1 SOC Analyst,Reconnaissance,Investigate suspicious activity
ALT-001100,44819,2026-07-26 09:35:27,100.0,Critical,Critical,P1,Resolved,Incident Response Team,Privilege Escalation,Immediately isolate the endpoint
ALT-004969,202769,2026-07-26 09:35:37,66.37,High,Medium,P2,Investigating,Tier-2 SOC Analyst,Suspicious Login,Notify security team
ALT-003627,135880,2026-07-26 09:35:37,99.49,Critical,Critical,P1,Open,Incident Response Team,Data Exfiltration,Immediately isolate the endpoint
ALT-003494,126471,2026-07-26 09:35:44,92.34,Critical,Critical,P1,Open,Incident Response Team,Data Exfiltration,Immediately isolate the endpoint
ALT-001745,60631,2026-07-26 09:35:49,100.0,Critical,Critical,P1,Open,Incident Response Team,Ransomware,Immediately isolate the endpoint
ALT-004959,202491,2026-07-26 09:35:57,100.0,Critical,Critical,P1,Open,Incident Response Team,Malware Infection,Immediately isolate the endpoint
ALT-002076,70492,2026-07-26 09:36:00,100.0,Critical,Critical,P1,Open,Incident Response Team,Malware Infection,Immediately isolate the endpoint
ALT-003307,118048,2026-07-26 09:36:16,100.0,Critical,Critical,P1,Investigating,Incident Response Team,Ransomware,Immediately isolate the endpoint
ALT-004493,181866,2026-07-26 09:36:37,100.0,Critical,Critical,P1,Open,Incident Response Team,Data Exfiltration,Immediately isolate the endpoint
ALT-001044,41910,2026-07-26 09:36:39,100.0,Critical,Critical,P1,Open,Incident Response Team,Malware Infection,Immediately isolate the endpoint
ALT-005160,205598,2026-07-26 09:36:41,99.09,Critical,Critical,P1,Open,Incident Response Team,Malware Infection,Immediately isolate the endpoint
ALT-004268,167143,2026-07-26 09:36:43,100.0,Critical,Critical,P1,Open,Incident Response Team,Privilege Escalation,Immediately isolate the endpoint
ALT-004190,160518,2026-07-26 09:36:44,100.0,Critical,Critical,P1,Resolved,Incident Response Team,Ransomware,Immediately isolate the endpoint
ALT-004654,186602,2026-07-26 09:36:53,47.75,Medium,Low,P3,Open,Tier-1 SOC Analyst,Abnormal Traffic,Investigate suspicious activity
ALT-001295,47219,2026-07-26 09:37:26,59.22,High,Medium,P2,Open,Tier-2 SOC Analyst,Unauthorized Access,Notify security team
ALT-004119,158857,2026-07-26 09:37:48,100.0,Critical,Critical,P1,Investigating,Incident Response Team,Malware Infection,Immediately isolate the endpoint
ALT-000468,15582,2026-07-26 09:37:54,100.0,Critical,Critical,P1,Open,Incident Response Team,Malware Infection,Immediately isolate the endpoint
ALT-002422,84079,2026-07-26 09:37:59,100.0,Critical,Critical,P1,Open,Incident Response Team,Ransomware,Immediately isolate the endpoint
ALT-004828,200757,2026-07-26 09:38:03,99.52,Critical,Critical,P1,Open,Incident Response Team,Ransomware,Immediately isolate the endpoint
ALT-003795,139052,2026-07-26 09:38:03,45.18,Medium,Low,P3,Open,Tier-1 SOC Analyst,Abnormal Traffic,Investigate suspicious activity
ALT-000867,32759,2026-07-26 09:38:10,100.0,Critical,Critical,P1,Open,Incident Response Team,Malware Infection,Immediately isolate the endpoint
ALT-000982,38879,2026-07-26 09:38:28,100.0,Critical,Critical,P1,Open,Incident Response Team,Malware Infection,Immediately isolate the endpoint
ALT-000786,29915,2026-07-26 09:38:28,100.0,Critical,Critical,P1,Open,Incident Response Team,Data Exfiltration,Immediately isolate the endpoint
ALT-004428,177892,2026-07-26 09:38:29,97.41,Critical,Critical,P1,Resolved,Incident Response Team,Privilege Escalation,Immediately isolate the endpoint
ALT-005684,225199,2026-07-26 09:38:40,100.0,Critical,Critical,P1,Open,Incident Response Team,Privilege Escalation,Immediately isolate the endpoint
ALT-002169,75889,2026-07-26 09:38:57,24.82,Medium,Low,P3,Open,Tier-1 SOC Analyst,Port Scan,Investigate suspicious activity
ALT-000291,10079,2026-07-26 09:39:06,100.0,Critical,Critical,P1,Investigating,Incident Response Team,Privilege Escalation,Immediately isolate the endpoint
ALT-003699,136956,2026-07-26 09:39:12,100.0,Critical,Critical,P1,Open,Incident Response Team,Ransomware,Immediately isolate the endpoint
ALT-003991,152933,2026-07-26 09:39:33,100.0,Critical,Critical,P1,Investigating,Incident Response Team,Privilege Escalation,Immediately isolate the endpoint
ALT-003172,114375,2026-07-26 09:39:44,100.0,Critical,Critical,P1,Open,Incident Response Team,Ransomware,Immediately isolate the endpoint
ALT-001408,52562,2026-07-26 09:39:55,52.86,High,Medium,P2,Resolved,Tier-2 SOC Analyst,Unauthorized Access,Notify security team
ALT-001674,58898,2026-07-26 09:40:06,98.95,Critical,Critical,P1,Open,Incident Response Team,Privilege Escalation,Immediately isolate the endpoint
ALT-006046,234093,2026-07-26 09:40:32,100.0,Critical,Critical,P1,Open,Incident Response Team,Data Exfiltration,Immediately isolate the endpoint
ALT-004682,189092,2026-07-26 09:41:21,100.0,Critical,Critical,P1,Open,Incident Response Team,Privilege Escalation,Immediately isolate the endpoint
ALT-002518,86270,2026-07-26 09:41:44,47.91,Medium,Low,P3,Resolved,Tier-1 SOC Analyst,Port Scan,Investigate suspicious activity
ALT-003001,108755,2026-07-26 09:41:44,100.0,Critical,Critical,P1,Open,Incident Response Team,Ransomware,Immediately isolate the endpoint
ALT-001177,45456,2026-07-26 09:41:47,100.0,Critical,Critical,P1,Open,Incident Response Team,Malware Infection,Immediately isolate the endpoint
ALT-004658,186606,2026-07-26 09:41:48,50.57,High,Medium,P2,Open,Tier-2 SOC Analyst,Unauthorized Access,Notify security team
ALT-000972,38869,2026-07-26 09:42:25,100.0,Critical,Critical,P1,Investigating,Incident Response Team,Ransomware,Immediately isolate the endpoint
ALT-004025,154642,2026-07-26 09:42:32,100.0,Critical,Critical,P1,Open,Incident Response Team,Privilege Escalation,Immediately isolate the endpoint
ALT-001631,57702,2026-07-26 09:42:50,63.04,High,Medium,P2,Investigating,Tier-2 SOC Analyst,Brute Force Attack,Notify security team
ALT-002582,91353,2026-07-26 09:42:55,100.0,Critical,Critical,P1,Open,Incident Response Team,Malware Infection,Immediately isolate the endpoint
ALT-004757,194043,2026-07-26 09:43:04,100.0,Critical,Critical,P1,Open,Incident Response Team,Malware Infection,Immediately isolate the endpoint
ALT-000206,5743,2026-07-26 09:43:11,99.99,Critical,Critical,P1,Open,Incident Response Team,Malware Infection,Immediately isolate the endpoint
ALT-005148,205586,2026-07-26 09:43:34,98.97,Critical,Critical,P1,Open,Incident Response Team,Privilege Escalation,Immediately isolate the endpoint
ALT-000663,26286,2026-07-26 09:43:40,100.0,Critical,Critical,P1,Open,Incident Response Team,Data Exfiltration,Immediately isolate the endpoint
ALT-004502,181875,2026-07-26 09:43:52,100.0,Critical,Critical,P1,Open,Incident Response Team,Data Exfiltration,Immediately isolate the endpoint
ALT-002362,83773,2026-07-26 09:43:56,49.18,Medium,Low,P3,Investigating,Tier-1 SOC Analyst,Reconnaissance,Investigate suspicious activity
ALT-004700,189110,2026-07-26 09:44:20,100.0,Critical,Critical,P1,Open,Incident Response Team,Data Exfiltration,Immediately isolate the endpoint
ALT-000886,34296,2026-07-26 09:44:31,100.0,Critical,Critical,P1,Open,Incident Response Team,Ransomware,Immediately isolate the endpoint
ALT-000012,1773,2026-07-26 09:44:35,100.0,Critical,Critical,P1,Open,Incident Response Team,Data Exfiltration,Immediately isolate the endpoint
ALT-002719,98277,2026-07-26 09:44:37,100.0,Critical,Critical,P1,Open,Incident Response Team,Ransomware,Immediately isolate the endpoint
ALT-004543,182807,2026-07-26 09:44:38,54.34,High,Medium,P2,Open,Tier-2 SOC Analyst,Network Intrusion,Notify security team
ALT-001466,53794,2026-07-26 09:44:41,58.22,High,Medium,P2,Open,Tier-2 SOC Analyst,Brute Force Attack,Notify security team
ALT-002234,77691,2026-07-26 09:45:09,100.0,Critical,Critical,P1,Open,Incident Response Team,Privilege Escalation,Immediately isolate the endpoint
ALT-004822,200751,2026-07-26 09:45:19,99.69,Critical,Critical,P1,Investigating,Incident Response Team,Malware Infection,Immediately isolate the endpoint
ALT-003697,136954,2026-07-26 09:45:26,100.0,Critical,Critical,P1,Resolved,Incident Response Team,Ransomware,Immediately isolate the endpoint
ALT-001857,63473,2026-07-26 09:45:34,100.0,Critical,Critical,P1,Open,Incident Response Team,Data Exfiltration,Immediately isolate the endpoint
ALT-002790,100092,2026-07-26 09:46:29,26.09,Medium,Low,P3,Open,Tier-1 SOC Analyst,Port Scan,Investigate suspicious activity
ALT-003994,152936,2026-07-26 09:46:54,100.0,Critical,Critical,P1,Investigating,Incident Response Team,Malware Infection,Immediately isolate the endpoint
ALT-003961,149292,2026-07-26 09:47:18,100.0,Critical,Critical,P1,Open,Incident Response Team,Malware Infection,Immediately isolate the endpoint
ALT-002099,70762,2026-07-26 09:47:21,100.0,Critical,Critical,P1,Open,Incident Response Team,Ransomware,Immediately isolate the endpoint
ALT-003189,114392,2026-07-26 09:47:27,100.0,Critical,Critical,P1,Open,Incident Response Team,Malware Infection,Immediately isolate the endpoint
ALT-003996,152938,2026-07-26 09:47:50,100.0,Critical,Critical,P1,Investigating,Incident Response Team,Ransomware,Immediately isolate the endpoint
ALT-005930,232140,2026-07-26 09:47:52,99.98,Critical,Critical,P1,Investigating,Incident Response Team,Data Exfiltration,Immediately isolate the endpoint
ALT-000743,27750,2026-07-26 09:49:02,100.0,Critical,Critical,P1,Open,Incident Response Team,Malware Infection,Immediately isolate the endpoint
ALT-000944,37404,2026-07-26 09:49:35,100.0,Critical,Critical,P1,Open,Incident Response Team,Ransomware,Immediately isolate the endpoint
ALT-002002,67690,2026-07-26 09:49:36,32.6,Medium,Low,P3,Open,Tier-1 SOC Analyst,Port Scan,Investigate suspicious activity
ALT-002959,108527,2026-07-26 09:49:53,23.5,Medium,Low,P3,Investigating,Tier-1 SOC Analyst,Policy Violation,Investigate suspicious activity
ALT-003277,117565,2026-07-26 09:49:55,99.8,Critical,Critical,P1,Open,Incident Response Team,Ransomware,Immediately isolate the endpoint
ALT-001990,66995,2026-07-26 09:50:14,99.93,Critical,Critical,P1,Open,Incident Response Team,Ransomware,Immediately isolate the endpoint
ALT-000915,35092,2026-07-26 09:50:15,100.0,Critical,Critical,P1,Investigating,Incident Response Team,Data Exfiltration,Immediately isolate the endpoint
ALT-002521,86273,2026-07-26 09:50:43,42.74,Medium,Low,P3,Open,Tier-1 SOC Analyst,Reconnaissance,Investigate suspicious activity
ALT-001839,62290,2026-07-26 09:50:51,99.41,Critical,Critical,P1,Investigating,Incident Response Team,Malware Infection,Immediately isolate the endpoint
ALT-004297,167692,2026-07-26 09:51:20,100.0,Critical,Critical,P1,Open,Incident Response Team,Malware Infection,Immediately isolate the endpoint
ALT-000618,24921,2026-07-26 09:51:42,100.0,Critical,Critical,P1,Open,Incident Response Team,Privilege Escalation,Immediately isolate the endpoint
ALT-001125,44844,2026-07-26 09:51:55,38.78,Medium,Low,P3,Open,Tier-1 SOC Analyst,Port Scan,Investigate suspicious activity
ALT-000662,26285,2026-07-26 09:52:12,100.0,Critical,Critical,P1,Investigating,Incident Response Team,Privilege Escalation,Immediately isolate the endpoint
ALT-005055,203227,2026-07-26 09:52:27,100.0,Critical,Critical,P1,Investigating,Incident Response Team,Malware Infection,Immediately isolate the endpoint
ALT-004204,166164,2026-07-26 09:52:31,99.28,Critical,Critical,P1,Investigating,Incident Response Team,Data Exfiltration,Immediately isolate the endpoint
ALT-006026,233894,2026-07-26 09:52:33,100.0,Critical,Critical,P1,Open,Incident Response Team,Ransomware,Immediately isolate the endpoint
ALT-000404,14688,2026-07-26 09:53:22,100.0,Critical,Critical,P1,Investigating,Incident Response Team,Malware Infection,Immediately isolate the endpoint
ALT-004425,177889,2026-07-26 09:53:26,35.1,Medium,Low,P3,Open,Tier-1 SOC Analyst,Abnormal Traffic,Investigate suspicious activity
ALT-002109,70772,2026-07-26 09:53:29,100.0,Critical,Critical,P1,Open,Incident Response Team,Malware Infection,Immediately isolate the endpoint
ALT-005170,205784,2026-07-26 09:53:33,99.98,Critical,Critical,P1,Investigating,Incident Response Team,Privilege Escalation,Immediately isolate the endpoint
ALT-005492,216226,2026-07-26 09:53:35,99.3,Critical,Critical,P1,Open,Incident Response Team,Malware Infection,Immediately isolate the endpoint
ALT-003167,112786,2026-07-26 09:53:37,22.35,Medium,Low,P3,Open,Tier-1 SOC Analyst,Policy Violation,Investigate suspicious activity
ALT-000744,27751,2026-07-26 09:53:41,100.0,Critical,Critical,P1,Open,Incident Response Team,Malware Infection,Immediately isolate the endpoint
ALT-001882,63879,2026-07-26 09:53:46,26.73,Medium,Low,P3,Open,Tier-1 SOC Analyst,Port Scan,Investigate suspicious activity
ALT-004902,201542,2026-07-26 09:54:13,100.0,Critical,Critical,P1,Open,Incident Response Team,Data Exfiltration,Immediately isolate the endpoint
ALT-001340,50375,2026-07-26 09:54:19,99.92,Critical,Critical,P1,Open,Incident Response Team,Malware Infection,Immediately isolate the endpoint
ALT-000598,21708,2026-07-26 09:54:23,100.0,Critical,Critical,P1,Open,Incident Response Team,Ransomware,Immediately isolate the endpoint
ALT-003162,112780,2026-07-26 09:54:52,20.93,Medium,Low,P3,Investigating,Tier-1 SOC Analyst,Abnormal Traffic,Investigate suspicious activity
ALT-001895,64103,2026-07-26 09:54:57,100.0,Critical,Critical,P1,Investigating,Incident Response Team,Data Exfiltration,Immediately isolate the endpoint
ALT-005892,231380,2026-07-26 09:54:58,99.94,Critical,Critical,P1,Open,Incident Response Team,Ransomware,Immediately isolate the endpoint
ALT-004764,196688,2026-07-26 09:55:07,25.76,Medium,Low,P3,Open,Tier-1 SOC Analyst,Port Scan,Investigate suspicious activity
ALT-005966,232699,2026-07-26 09:55:32,98.68,Critical,Critical,P1,Open,Incident Response Team,Data Exfiltration,Immediately isolate the endpoint
ALT-003939,148413,2026-07-26 09:55:35,99.86,Critical,Critical,P1,Open,Incident Response Team,Malware Infection,Immediately isolate the endpoint
ALT-002776,99603,2026-07-26 09:55:52,49.47,Medium,Low,P3,Open,Tier-1 SOC Analyst,Abnormal Traffic,Investigate suspicious activity
ALT-002164,74517,2026-07-26 09:56:22,100.0,Critical,Critical,P1,Investigating,Incident Response Team,Data Exfiltration,Immediately isolate the endpoint
ALT-000890,34300,2026-07-26 09:56:28,100.0,Critical,Critical,P1,Open,Incident Response Team,Privilege Escalation,Immediately isolate the endpoint
ALT-000768,29897,2026-07-26 09:56:36,99.67,Critical,Critical,P1,Open,Incident Response Team,Ransomware,Immediately isolate the endpoint
ALT-004100,158653,2026-07-26 09:57:11,68.47,High,Medium,P2,Open,Tier-2 SOC Analyst,Brute Force Attack,Notify security team
ALT-004868,201008,2026-07-26 09:57:18,49.58,Medium,Low,P3,Open,Tier-1 SOC Analyst,Policy Violation,Investigate suspicious activity
ALT-000419,15533,2026-07-26 09:57:23,100.0,Critical,Critical,P1,Resolved,Incident Response Team,Ransomware,Immediately isolate the endpoint
ALT-003135,112214,2026-07-26 09:57:39,25.74,Medium,Low,P3,Investigating,Tier-1 SOC Analyst,Port Scan,Investigate suspicious activity
ALT-005031,203203,2026-07-26 09:57:48,23.82,Medium,Low,P3,Open,Tier-1 SOC Analyst,Reconnaissance,Investigate suspicious activity
ALT-004750,194036,2026-07-26 09:57:53,100.0,Critical,Critical,P1,Investigating,Incident Response Team,Privilege Escalation,Immediately isolate the endpoint
ALT-004730,191725,2026-07-26 09:58:07,100.0,Critical,Critical,P1,Open,Incident Response Team,Ransomware,Immediately isolate the endpoint
ALT-004231,166303,2026-07-26 09:58:25,100.0,Critical,Critical,P1,Investigating,Incident Response Team,Ransomware,Immediately isolate the endpoint
ALT-005048,203220,2026-07-26 09:58:29,100.0,Critical,Critical,P1,Investigating,Incident Response Team,Privilege Escalation,Immediately isolate the endpoint
ALT-000139,4200,2026-07-26 09:58:29,100.0,Critical,Critical,P1,Open,Incident Response Team,Privilege Escalation,Immediately isolate the endpoint
ALT-002125,74312,2026-07-26 09:58:42,100.0,Critical,Critical,P1,Open,Incident Response Team,Malware Infection,Immediately isolate the endpoint
ALT-005333,210723,2026-07-26 09:58:45,35.21,Medium,Low,P3,Open,Tier-1 SOC Analyst,Abnormal Traffic,Investigate suspicious activity
ALT-005707,225429,2026-07-26 09:59:16,100.0,Critical,Critical,P1,Open,Incident Response Team,Data Exfiltration,Immediately isolate the endpoint
ALT-005025,203196,2026-07-26 09:59:28,26.25,Medium,Low,P3,Investigating,Tier-1 SOC Analyst,Abnormal Traffic,Investigate suspicious activity
ALT-003092,111869,2026-07-26 09:59:44,22.01,Medium,Low,P3,Open,Tier-1 SOC Analyst,Reconnaissance,Investigate suspicious activity
ALT-003151,112231,2026-07-26 09:59:51,37.72,Medium,Low,P3,Open,Tier-1 SOC Analyst,Abnormal Traffic,Investigate suspicious activity
ALT-005605,223398,2026-07-26 10:00:13,100.0,Critical,Critical,P1,Investigating,Incident Response Team,Data Exfiltration,Immediately isolate the endpoint
ALT-005060,203232,2026-07-26 10:00:20,100.0,Critical,Critical,P1,Resolved,Incident Response Team,Malware Infection,Immediately isolate the endpoint
ALT-005377,212566,2026-07-26 10:00:28,21.47,Medium,Low,P3,Open,Tier-1 SOC Analyst,Reconnaissance,Investigate suspicious activity
ALT-004316,169621,2026-07-26 10:00:49,100.0,Critical,Critical,P1,Open,Incident Response Team,Privilege Escalation,Immediately isolate the endpoint
ALT-003079,111856,2026-07-26 10:01:01,29.63,Medium,Low,P3,Open,Tier-1 SOC Analyst,Abnormal Traffic,Investigate suspicious activity
ALT-003785,139040,2026-07-26 10:01:07,20.46,Medium,Low,P3,Open,Tier-1 SOC Analyst,Port Scan,Investigate suspicious activity
ALT-001419,52843,2026-07-26 10:01:19,52.68,High,Medium,P2,Resolved,Tier-2 SOC Analyst,Brute Force Attack,Notify security team
ALT-002317,82760,2026-07-26 10:01:32,100.0,Critical,Critical,P1,Open,Incident Response Team,Privilege Escalation,Immediately isolate the endpoint
ALT-001919,64521,2026-07-26 10:01:57,99.99,Critical,Critical,P1,Open,Incident Response Team,Privilege Escalation,Immediately isolate the endpoint
ALT-003218,114588,2026-07-26 10:02:08,98.46,Critical,Critical,P1,Open,Incident Response Team,Malware Infection,Immediately isolate the endpoint
ALT-002433,84090,2026-07-26 10:02:16,100.0,Critical,Critical,P1,Open,Incident Response Team,Ransomware,Immediately isolate the endpoint
ALT-001180,45459,2026-07-26 10:02:39,100.0,Critical,Critical,P1,Investigating,Incident Response Team,Malware Infection,Immediately isolate the endpoint
ALT-002508,85844,2026-07-26 10:03:06,100.0,Critical,Critical,P1,Investigating,Incident Response Team,Ransomware,Immediately isolate the endpoint
ALT-001391,51928,2026-07-26 10:03:08,96.97,Critical,Critical,P1,Open,Incident Response Team,Malware Infection,Immediately isolate the endpoint
ALT-004076,156877,2026-07-26 10:03:18,100.0,Critical,Critical,P1,Open,Incident Response Team,Privilege Escalation,Immediately isolate the endpoint
ALT-006133,238087,2026-07-26 10:03:20,100.0,Critical,Critical,P1,Open,Incident Response Team,Data Exfiltration,Immediately isolate the endpoint
ALT-001625,57690,2026-07-26 10:03:26,100.0,Critical,Critical,P1,Resolved,Incident Response Team,Privilege Escalation,Immediately isolate the endpoint
ALT-004852,200992,2026-07-26 10:03:36,52.17,High,Medium,P2,Investigating,Tier-2 SOC Analyst,Suspicious Login,Notify security team
ALT-003470,126447,2026-07-26 10:04:32,100.0,Critical,Critical,P1,Open,Incident Response Team,Data Exfiltration,Immediately isolate the endpoint
ALT-004385,176636,2026-07-26 10:04:38,100.0,Critical,Critical,P1,Investigating,Incident Response Team,Data Exfiltration,Immediately isolate the endpoint
ALT-002532,86284,2026-07-26 10:04:57,37.44,Medium,Low,P3,Investigating,Tier-1 SOC Analyst,Reconnaissance,Investigate suspicious activity
ALT-000514,19819,2026-07-26 10:05:10,98.45,Critical,Critical,P1,Open,Incident Response Team,Privilege Escalation,Immediately isolate the endpoint
ALT-004587,185240,2026-07-26 10:05:13,100.0,Critical,Critical,P1,Resolved,Incident Response Team,Data Exfiltration,Immediately isolate the endpoint
ALT-002529,86281,2026-07-26 10:05:27,38.22,Medium,Low,P3,Open,Tier-1 SOC Analyst,Abnormal Traffic,Investigate suspicious activity
ALT-004753,194039,2026-07-26 10:05:30,100.0,Critical,Critical,P1,Open,Incident Response Team,Malware Infection,Immediately isolate the endpoint
ALT-001584,56190,2026-07-26 10:05:45,100.0,Critical,Critical,P1,Open,Incident Response Team,Malware Infection,Immediately isolate the endpoint
ALT-004795,199616,2026-07-26 10:06:02,100.0,Critical,Critical,P1,Open,Incident Response Team,Malware Infection,Immediately isolate the endpoint
ALT-003414,121709,2026-07-26 10:06:07,63.37,High,Medium,P2,Open,Tier-2 SOC Analyst,Network Intrusion,Notify security team
ALT-004329,172392,2026-07-26 10:06:32,100.0,Critical,Critical,P1,Investigating,Incident Response Team,Ransomware,Immediately isolate the endpoint
ALT-002399,84036,2026-07-26 10:06:49,100.0,Critical,Critical,P1,Open,Incident Response Team,Privilege Escalation,Immediately isolate the endpoint
ALT-001784,61163,2026-07-26 10:07:22,100.0,Critical,Critical,P1,Investigating,Incident Response Team,Privilege Escalation,Immediately isolate the endpoint
ALT-005633,223716,2026-07-26 10:07:40,99.57,Critical,Critical,P1,Open,Incident Response Team,Data Exfiltration,Immediately isolate the endpoint
ALT-004496,181869,2026-07-26 10:07:53,100.0,Critical,Critical,P1,Open,Incident Response Team,Privilege Escalation,Immediately isolate the endpoint
ALT-002696,98120,2026-07-26 10:07:55,100.0,Critical,Critical,P1,Open,Incident Response Team,Data Exfiltration,Immediately isolate the endpoint
ALT-000094,2645,2026-07-26 10:08:24,99.07,Critical,Critical,P1,Open,Incident Response Team,Data Exfiltration,Immediately isolate the endpoint
ALT-005767,229975,2026-07-26 10:08:46,100.0,Critical,Critical,P1,Investigating,Incident Response Team,Privilege Escalation,Immediately isolate the endpoint
ALT-000871,32763,2026-07-26 10:08:57,100.0,Critical,Critical,P1,Open,Incident Response Team,Ransomware,Immediately isolate the endpoint
ALT-003652,136395,2026-07-26 10:09:00,100.0,Critical,Critical,P1,Open,Incident Response Team,Data Exfiltration,Immediately isolate the endpoint
ALT-000650,26273,2026-07-26 10:09:56,100.0,Critical,Critical,P1,Open,Incident Response Team,Ransomware,Immediately isolate the endpoint
ALT-003471,126448,2026-07-26 10:10:16,100.0,Critical,Critical,P1,Investigating,Incident Response Team,Privilege Escalation,Immediately isolate the endpoint
ALT-003429,121724,2026-07-26 10:10:39,70.85,High,Medium,P2,Resolved,Tier-2 SOC Analyst,Unauthorized Access,Notify security team
ALT-000471,15585,2026-07-26 10:10:45,100.0,Critical,Critical,P1,Investigating,Incident Response Team,Privilege Escalation,Immediately isolate the endpoint
ALT-004862,201002,2026-07-26 10:10:46,53.11,High,Medium,P2,Open,Tier-2 SOC Analyst,Network Intrusion,Notify security team
ALT-000647,26270,2026-07-26 10:10:55,100.0,Critical,Critical,P1,Open,Incident Response Team,Data Exfiltration,Immediately isolate the endpoint
ALT-004354,174239,2026-07-26 10:11:10,100.0,Critical,Critical,P1,Open,Incident Response Team,Ransomware,Immediately isolate the endpoint
ALT-003161,112776,2026-07-26 10:11:18,21.44,Medium,Low,P3,Open,Tier-1 SOC Analyst,Policy Violation,Investigate suspicious activity
ALT-000582,21692,2026-07-26 10:12:12,100.0,Critical,Critical,P1,Open,Incident Response Team,Ransomware,Immediately isolate the endpoint
ALT-005457,214386,2026-07-26 10:12:13,100.0,Critical,Critical,P1,Open,Incident Response Team,Data Exfiltration,Immediately isolate the endpoint
ALT-002912,105806,2026-07-26 10:12:18,99.99,Critical,Critical,P1,Open,Incident Response Team,Ransomware,Immediately isolate the endpoint
ALT-004836,200765,2026-07-26 10:12:28,99.4,Critical,Critical,P1,Open,Incident Response Team,Data Exfiltration,Immediately isolate the endpoint
ALT-004888,201438,2026-07-26 10:12:36,37.19,Medium,Low,P3,Investigating,Tier-1 SOC Analyst,Policy Violation,Investigate suspicious activity
ALT-005260,208186,2026-07-26 10:13:00,100.0,Critical,Critical,P1,Open,Incident Response Team,Privilege Escalation,Immediately isolate the endpoint
ALT-004343,174228,2026-07-26 10:13:10,100.0,Critical,Critical,P1,Open,Incident Response Team,Malware Infection,Immediately isolate the endpoint
ALT-003475,126452,2026-07-26 10:13:11,100.0,Critical,Critical,P1,Investigating,Incident Response Team,Data Exfiltration,Immediately isolate the endpoint
ALT-001056,41922,2026-07-26 10:13:12,100.0,Critical,Critical,P1,Open,Incident Response Team,Privilege Escalation,Immediately isolate the endpoint
ALT-002323,82766,2026-07-26 10:13:15,100.0,Critical,Critical,P1,Investigating,Incident Response Team,Data Exfiltration,Immediately isolate the endpoint
ALT-004062,156863,2026-07-26 10:13:25,100.0,Critical,Critical,P1,Open,Incident Response Team,Malware Infection,Immediately isolate the endpoint
ALT-001195,45474,2026-07-26 10:13:28,100.0,Critical,Critical,P1,Open,Incident Response Team,Ransomware,Immediately isolate the endpoint
ALT-004488,181861,2026-07-26 10:13:44,100.0,Critical,Critical,P1,Investigating,Incident Response Team,Malware Infection,Immediately isolate the endpoint
ALT-000049,2391,2026-07-26 10:14:08,99.45,Critical,Critical,P1,Investigating,Incident Response Team,Malware Infection,Immediately isolate the endpoint
ALT-004889,201439,2026-07-26 10:14:08,38.31,Medium,Low,P3,Investigating,Tier-1 SOC Analyst,Port Scan,Investigate suspicious activity
ALT-001782,61161,2026-07-26 10:14:14,100.0,Critical,Critical,P1,Open,Incident Response Team,Ransomware,Immediately isolate the endpoint
ALT-000051,2393,2026-07-26 10:14:36,99.52,Critical,Critical,P1,Open,Incident Response Team,Ransomware,Immediately isolate the endpoint
ALT-000246,9910,2026-07-26 10:14:48,23.83,Medium,Low,P3,Open,Tier-1 SOC Analyst,Abnormal Traffic,Investigate suspicious activity
ALT-001920,64522,2026-07-26 10:15:00,100.0,Critical,Critical,P1,Open,Incident Response Team,Privilege Escalation,Immediately isolate the endpoint
ALT-000193,5730,2026-07-26 10:15:21,99.99,Critical,Critical,P1,Resolved,Incident Response Team,Privilege Escalation,Immediately isolate the endpoint
ALT-003903,146563,2026-07-26 10:16:01,56.7,High,Medium,P2,Open,Tier-2 SOC Analyst,Suspicious Login,Notify security team
ALT-004449,180523,2026-07-26 10:16:08,100.0,Critical,Critical,P1,Resolved,Incident Response Team,Privilege Escalation,Immediately isolate the endpoint
ALT-002531,86283,2026-07-26 10:16:25,39.43,Medium,Low,P3,Open,Tier-1 SOC Analyst,Abnormal Traffic,Investigate suspicious activity
ALT-002991,108745,2026-07-26 10:16:28,100.0,Critical,Critical,P1,Open,Incident Response Team,Privilege Escalation,Immediately isolate the endpoint
ALT-002035,69534,2026-07-26 10:16:33,100.0,Critical,Critical,P1,Open,Incident Response Team,Data Exfiltration,Immediately isolate the endpoint
ALT-005734,229292,2026-07-26 10:16:35,35.92,Medium,Low,P3,Investigating,Tier-1 SOC Analyst,Reconnaissance,Investigate suspicious activity
ALT-005834,230816,2026-07-26 10:16:50,99.88,Critical,Critical,P1,Investigating,Incident Response Team,Ransomware,Immediately isolate the endpoint
ALT-006144,238098,2026-07-26 10:16:54,100.0,Critical,Critical,P1,Investigating,Incident Response Team,Data Exfiltration,Immediately isolate the endpoint
ALT-002978,108732,2026-07-26 10:17:35,99.97,Critical,Critical,P1,Investigating,Incident Response Team,Ransomware,Immediately isolate the endpoint
ALT-002259,78471,2026-07-26 10:17:42,44.12,Medium,Low,P3,Investigating,Tier-1 SOC Analyst,Abnormal Traffic,Investigate suspicious activity
ALT-001269,47010,2026-07-26 10:17:46,100.0,Critical,Critical,P1,Investigating,Incident Response Team,Privilege Escalation,Immediately isolate the endpoint
ALT-002971,108725,2026-07-26 10:18:13,100.0,Critical,Critical,P1,Open,Incident Response Team,Privilege Escalation,Immediately isolate the endpoint
ALT-002333,82776,2026-07-26 10:18:20,100.0,Critical,Critical,P1,Open,Incident Response Team,Malware Infection,Immediately isolate the endpoint
ALT-005679,225194,2026-07-26 10:18:27,99.74,Critical,Critical,P1,Open,Incident Response Team,Privilege Escalation,Immediately isolate the endpoint
ALT-005134,205572,2026-07-26 10:18:46,98.72,Critical,Critical,P1,Resolved,Incident Response Team,Data Exfiltration,Immediately isolate the endpoint
ALT-001622,57508,2026-07-26 10:19:16,100.0,Critical,Critical,P1,Resolved,Incident Response Team,Malware Infection,Immediately isolate the endpoint
ALT-002401,84038,2026-07-26 10:19:26,100.0,Critical,Critical,P1,Open,Incident Response Team,Ransomware,Immediately isolate the endpoint
ALT-004652,186301,2026-07-26 10:19:36,99.97,Critical,Critical,P1,Investigating,Incident Response Team,Data Exfiltration,Immediately isolate the endpoint
ALT-000268,10056,2026-07-26 10:19:40,100.0,Critical,Critical,P1,Resolved,Incident Response Team,Malware Infection,Immediately isolate the endpoint
ALT-002604,92115,2026-07-26 10:19:42,100.0,Critical,Critical,P1,Open,Incident Response Team,Privilege Escalation,Immediately isolate the endpoint
ALT-002090,70753,2026-07-26 10:19:48,99.24,Critical,Critical,P1,Open,Incident Response Team,Malware Infection,Immediately isolate the endpoint
ALT-003390,121270,2026-07-26 10:19:50,100.0,Critical,Critical,P1,Resolved,Incident Response Team,Ransomware,Immediately isolate the endpoint
ALT-000984,38881,2026-07-26 10:20:32,100.0,Critical,Critical,P1,Open,Incident Response Team,Privilege Escalation,Immediately isolate the endpoint
ALT-006038,234085,2026-07-26 10:20:36,100.0,Critical,Critical,P1,Investigating,Incident Response Team,Malware Infection,Immediately isolate the endpoint
ALT-005982,233147,2026-07-26 10:21:10,100.0,Critical,Critical,P1,Open,Incident Response Team,Malware Infection,Immediately isolate the endpoint
ALT-005296,210581,2026-07-26 10:21:16,98.93,Critical,Critical,P1,Resolved,Incident Response Team,Privilege Escalation,Immediately isolate the endpoint
ALT-002648,95366,2026-07-26 10:21:19,51.98,High,Medium,P2,Resolved,Tier-2 SOC Analyst,Unauthorized Access,Notify security team
ALT-001335,50370,2026-07-26 10:21:29,100.0,Critical,Critical,P1,Resolved,Incident Response Team,Data Exfiltration,Immediately isolate the endpoint
ALT-004703,189113,2026-07-26 10:21:29,100.0,Critical,Critical,P1,Open,Incident Response Team,Data Exfiltration,Immediately isolate the endpoint
ALT-004089,158642,2026-07-26 10:21:32,67.77,High,Medium,P2,Investigating,Tier-2 SOC Analyst,Network Intrusion,Notify security team
ALT-000784,29913,2026-07-26 10:21:43,100.0,Critical,Critical,P1,Investigating,Incident Response Team,Data Exfiltration,Immediately isolate the endpoint
ALT-003385,121265,2026-07-26 10:21:53,99.99,Critical,Critical,P1,Open,Incident Response Team,Privilege Escalation,Immediately isolate the endpoint
ALT-001412,52567,2026-07-26 10:21:55,53.17,High,Medium,P2,Investigating,Tier-2 SOC Analyst,Unauthorized Access,Notify security team
ALT-001437,52861,2026-07-26 10:22:09,49.87,Medium,Low,P3,Open,Tier-1 SOC Analyst,Abnormal Traffic,Investigate suspicious activity
ALT-002520,86272,2026-07-26 10:22:39,43.45,Medium,Low,P3,Open,Tier-1 SOC Analyst,Port Scan,Investigate suspicious activity
ALT-003256,115541,2026-07-26 10:22:49,100.0,Critical,Critical,P1,Open,Incident Response Team,Malware Infection,Immediately isolate the endpoint
ALT-004271,167666,2026-07-26 10:23:00,100.0,Critical,Critical,P1,Open,Incident Response Team,Malware Infection,Immediately isolate the endpoint
ALT-003159,112773,2026-07-26 10:23:02,21.55,Medium,Low,P3,Open,Tier-1 SOC Analyst,Reconnaissance,Investigate suspicious activity
ALT-005582,218208,2026-07-26 10:23:13,99.96,Critical,Critical,P1,Investigating,Incident Response Team,Ransomware,Immediately isolate the endpoint
ALT-005647,225039,2026-07-26 10:23:14,100.0,Critical,Critical,P1,Open,Incident Response Team,Malware Infection,Immediately isolate the endpoint
ALT-003547,127929,2026-07-26 10:23:15,100.0,Critical,Critical,P1,Investigating,Incident Response Team,Malware Infection,Immediately isolate the endpoint
ALT-005847,231187,2026-07-26 10:23:18,100.0,Critical,Critical,P1,Open,Incident Response Team,Privilege Escalation,Immediately isolate the endpoint
ALT-002160,74512,2026-07-26 10:23:18,100.0,Critical,Critical,P1,Open,Incident Response Team,Privilege Escalation,Immediately isolate the endpoint
ALT-000921,35098,2026-07-26 10:23:37,100.0,Critical,Critical,P1,Open,Incident Response Team,Data Exfiltration,Immediately isolate the endpoint
ALT-004280,167675,2026-07-26 10:23:57,99.38,Critical,Critical,P1,Investigating,Incident Response Team,Data Exfiltration,Immediately isolate the endpoint
ALT-005295,210580,2026-07-26 10:23:59,98.83,Critical,Critical,P1,Open,Incident Response Team,Malware Infection,Immediately isolate the endpoint
ALT-002965,108719,2026-07-26 10:24:13,100.0,Critical,Critical,P1,Investigating,Incident Response Team,Malware Infection,Immediately isolate the endpoint
ALT-005899,231387,2026-07-26 10:24:32,100.0,Critical,Critical,P1,Investigating,Incident Response Team,Ransomware,Immediately isolate the endpoint
ALT-004503,181876,2026-07-26 10:24:35,100.0,Critical,Critical,P1,Investigating,Incident Response Team,Data Exfiltration,Immediately isolate the endpoint
ALT-004775,196699,2026-07-26 10:24:57,26.92,Medium,Low,P3,Open,Tier-1 SOC Analyst,Abnormal Traffic,Investigate suspicious activity
ALT-004303,169608,2026-07-26 10:25:22,100.0,Critical,Critical,P1,Open,Incident Response Team,Data Exfiltration,Immediately isolate the endpoint
ALT-005464,214393,2026-07-26 10:25:25,100.0,Critical,Critical,P1,Investigating,Incident Response Team,Ransomware,Immediately isolate the endpoint
ALT-000644,26267,2026-07-26 10:25:37,100.0,Critical,Critical,P1,Open,Incident Response Team,Data Exfiltration,Immediately isolate the endpoint
ALT-002558,90723,2026-07-26 10:26:04,100.0,Critical,Critical,P1,Investigating,Incident Response Team,Data Exfiltration,Immediately isolate the endpoint
ALT-004360,174245,2026-07-26 10:26:15,100.0,Critical,Critical,P1,Open,Incident Response Team,Ransomware,Immediately isolate the endpoint
ALT-002775,99602,2026-07-26 10:26:22,45.06,Medium,Low,P3,Resolved,Tier-1 SOC Analyst,Port Scan,Investigate suspicious activity
ALT-000114,4175,2026-07-26 10:26:27,100.0,Critical,Critical,P1,Investigating,Incident Response Team,Data Exfiltration,Immediately isolate the endpoint
ALT-000453,15567,2026-07-26 10:26:38,99.98,Critical,Critical,P1,Resolved,Incident Response Team,Ransomware,Immediately isolate the endpoint
ALT-001333,49269,2026-07-26 10:26:43,99.95,Critical,Critical,P1,Open,Incident Response Team,Privilege Escalation,Immediately isolate the endpoint
ALT-002625,92164,2026-07-26 10:27:03,100.0,Critical,Critical,P1,Investigating,Incident Response Team,Ransomware,Immediately isolate the endpoint
ALT-003423,121718,2026-07-26 10:27:24,61.72,High,Medium,P2,Open,Tier-2 SOC Analyst,Unauthorized Access,Notify security team
ALT-005153,205591,2026-07-26 10:27:30,99.0,Critical,Critical,P1,Open,Incident Response Team,Data Exfiltration,Immediately isolate the endpoint
ALT-005585,218211,2026-07-26 10:27:40,99.97,Critical,Critical,P1,Investigating,Incident Response Team,Malware Infection,Immediately isolate the endpoint
ALT-003383,120625,2026-07-26 10:28:06,100.0,Critical,Critical,P1,Investigating,Incident Response Team,Privilege Escalation,Immediately isolate the endpoint
ALT-000028,2370,2026-07-26 10:28:06,98.12,Critical,Critical,P1,Resolved,Incident Response Team,Privilege Escalation,Immediately isolate the endpoint
ALT-001910,64512,2026-07-26 10:28:07,99.99,Critical,Critical,P1,Investigating,Incident Response Team,Data Exfiltration,Immediately isolate the endpoint
ALT-005724,229282,2026-07-26 10:28:15,39.87,Medium,Low,P3,Open,Tier-1 SOC Analyst,Policy Violation,Investigate suspicious activity
ALT-000158,5404,2026-07-26 10:28:34,100.0,Critical,Critical,P1,Open,Incident Response Team,Malware Infection,Immediately isolate the endpoint
ALT-005926,232136,2026-07-26 10:28:58,100.0,Critical,Critical,P1,Investigating,Incident Response Team,Ransomware,Immediately isolate the endpoint
ALT-000556,20172,2026-07-26 10:28:58,100.0,Critical,Critical,P1,Open,Incident Response Team,Ransomware,Immediately isolate the endpoint
ALT-004332,172395,2026-07-26 10:29:04,100.0,Critical,Critical,P1,Open,Incident Response Team,Privilege Escalation,Immediately isolate the endpoint
ALT-004169,160497,2026-07-26 10:29:34,100.0,Critical,Critical,P1,Open,Incident Response Team,Privilege Escalation,Immediately isolate the endpoint
ALT-004484,181857,2026-07-26 10:29:47,100.0,Critical,Critical,P1,Open,Incident Response Team,Privilege Escalation,Immediately isolate the endpoint
ALT-002024,67712,2026-07-26 10:29:51,39.59,Medium,Low,P3,Open,Tier-1 SOC Analyst,Abnormal Traffic,Investigate suspicious activity
ALT-004733,191728,2026-07-26 10:29:52,100.0,Critical,Critical,P1,Open,Incident Response Team,Ransomware,Immediately isolate the endpoint
ALT-005204,206031,2026-07-26 10:30:17,100.0,Critical,Critical,P1,Open,Incident Response Team,Data Exfiltration,Immediately isolate the endpoint
ALT-001221,45983,2026-07-26 10:30:19,100.0,Critical,Critical,P1,Open,Incident Response Team,Malware Infection,Immediately isolate the endpoint
ALT-002511,85847,2026-07-26 10:30:38,100.0,Critical,Critical,P1,Resolved,Incident Response Team,Ransomware,Immediately isolate the endpoint
ALT-005692,225207,2026-07-26 10:30:38,100.0,Critical,Critical,P1,Open,Incident Response Team,Malware Infection,Immediately isolate the endpoint
ALT-004931,201966,2026-07-26 10:30:56,100.0,Critical,Critical,P1,Open,Incident Response Team,Ransomware,Immediately isolate the endpoint
ALT-003130,112209,2026-07-26 10:30:57,32.86,Medium,Low,P3,Investigating,Tier-1 SOC Analyst,Reconnaissance,Investigate suspicious activity
ALT-003793,139050,2026-07-26 10:31:01,28.59,Medium,Low,P3,Open,Tier-1 SOC Analyst,Port Scan,Investigate suspicious activity
ALT-002762,99589,2026-07-26 10:31:20,51.01,High,Medium,P2,Resolved,Tier-2 SOC Analyst,Unauthorized Access,Notify security team
ALT-001798,61227,2026-07-26 10:31:25,99.51,Critical,Critical,P1,Investigating,Incident Response Team,Data Exfiltration,Immediately isolate the endpoint
ALT-005980,233145,2026-07-26 10:31:39,99.99,Critical,Critical,P1,Open,Incident Response Team,Malware Infection,Immediately isolate the endpoint
ALT-001064,43583,2026-07-26 10:32:09,99.58,Critical,Critical,P1,Open,Incident Response Team,Malware Infection,Immediately isolate the endpoint
ALT-004953,202485,2026-07-26 10:32:17,100.0,Critical,Critical,P1,Investigating,Incident Response Team,Privilege Escalation,Immediately isolate the endpoint
ALT-002711,98135,2026-07-26 10:32:32,100.0,Critical,Critical,P1,Resolved,Incident Response Team,Ransomware,Immediately isolate the endpoint
ALT-002757,99584,2026-07-26 10:33:36,51.74,High,Medium,P2,Open,Tier-2 SOC Analyst,Unauthorized Access,Notify security team
ALT-001274,47015,2026-07-26 10:33:37,100.0,Critical,Critical,P1,Investigating,Incident Response Team,Ransomware,Immediately isolate the endpoint
ALT-003769,137997,2026-07-26 10:33:41,99.78,Critical,Critical,P1,Open,Incident Response Team,Privilege Escalation,Immediately isolate the endpoint
ALT-003486,126463,2026-07-26 10:33:56,97.56,Critical,Critical,P1,Resolved,Incident Response Team,Ransomware,Immediately isolate the endpoint
ALT-003645,135898,2026-07-26 10:34:17,100.0,Critical,Critical,P1,Open,Incident Response Team,Malware Infection,Immediately isolate the endpoint
ALT-004604,185257,2026-07-26 10:34:21,100.0,Critical,Critical,P1,Resolved,Incident Response Team,Data Exfiltration,Immediately isolate the endpoint
ALT-001481,53823,2026-07-26 10:34:26,53.31,High,Medium,P2,Investigating,Tier-2 SOC Analyst,Network Intrusion,Notify security team
ALT-002435,85060,2026-07-26 10:34:32,100.0,Critical,Critical,P1,Investigating,Incident Response Team,Ransomware,Immediately isolate the endpoint
ALT-006103,235247,2026-07-26 10:34:42,100.0,Critical,Critical,P1,Open,Incident Response Team,Data Exfiltration,Immediately isolate the endpoint
ALT-003885,142689,2026-07-26 10:35:18,100.0,Critical,Critical,P1,Open,Incident Response Team,Data Exfiltration,Immediately isolate the endpoint
ALT-004182,160510,2026-07-26 10:35:32,100.0,Critical,Critical,P1,Open,Incident Response Team,Privilege Escalation,Immediately isolate the endpoint
ALT-000121,4182,2026-07-26 10:35:40,100.0,Critical,Critical,P1,Open,Incident Response Team,Data Exfiltration,Immediately isolate the endpoint
ALT-001054,41920,2026-07-26 10:35:47,100.0,Critical,Critical,P1,Open,Incident Response Team,Data Exfiltration,Immediately isolate the endpoint
ALT-002506,85842,2026-07-26 10:35:54,100.0,Critical,Critical,P1,Investigating,Incident Response Team,Malware Infection,Immediately isolate the endpoint
ALT-000594,21704,2026-07-26 10:36:08,100.0,Critical,Critical,P1,Open,Incident Response Team,Privilege Escalation,Immediately isolate the endpoint
ALT-002483,85382,2026-07-26 10:36:09,26.86,Medium,Low,P3,Open,Tier-1 SOC Analyst,Reconnaissance,Investigate suspicious activity
ALT-004813,199634,2026-07-26 10:36:13,100.0,Critical,Critical,P1,Resolved,Incident Response Team,Privilege Escalation,Immediately isolate the endpoint
ALT-003767,137995,2026-07-26 10:36:18,99.67,Critical,Critical,P1,Investigating,Incident Response Team,Data Exfiltration,Immediately isolate the endpoint
ALT-005728,229286,2026-07-26 10:36:21,39.75,Medium,Low,P3,Resolved,Tier-1 SOC Analyst,Policy Violation,Investigate suspicious activity
ALT-002368,83779,2026-07-26 10:36:56,48.25,Medium,Low,P3,Resolved,Tier-1 SOC Analyst,Abnormal Traffic,Investigate suspicious activity
ALT-003192,114395,2026-07-26 10:37:00,100.0,Critical,Critical,P1,Open,Incident Response Team,Data Exfiltration,Immediately isolate the endpoint
ALT-000990,40004,2026-07-26 10:37:12,100.0,Critical,Critical,P1,Open,Incident Response Team,Data Exfiltration,Immediately isolate the endpoint
ALT-005938,232148,2026-07-26 10:37:14,100.0,Critical,Critical,P1,Investigating,Incident Response Team,Ransomware,Immediately isolate the endpoint
ALT-003933,148407,2026-07-26 10:37:15,99.96,Critical,Critical,P1,Investigating,Incident Response Team,Data Exfiltration,Immediately isolate the endpoint
ALT-002860,104003,2026-07-26 10:37:25,99.99,Critical,Critical,P1,Open,Incident Response Team,Ransomware,Immediately isolate the endpoint
ALT-005167,205781,2026-07-26 10:37:35,99.89,Critical,Critical,P1,Investigating,Incident Response Team,Privilege Escalation,Immediately isolate the endpoint
ALT-002363,83774,2026-07-26 10:37:42,46.37,Medium,Low,P3,Open,Tier-1 SOC Analyst,Port Scan,Investigate suspicious activity
ALT-001485,53827,2026-07-26 10:37:54,49.9,Medium,Low,P3,Open,Tier-1 SOC Analyst,Policy Violation,Investigate suspicious activity
ALT-005432,213245,2026-07-26 10:38:06,100.0,Critical,Critical,P1,Open,Incident Response Team,Data Exfiltration,Immediately isolate the endpoint
ALT-006139,238093,2026-07-26 10:38:22,100.0,Critical,Critical,P1,Open,Incident Response Team,Data Exfiltration,Immediately isolate the endpoint
ALT-000245,9502,2026-07-26 10:38:30,99.55,Critical,Critical,P1,Open,Incident Response Team,Ransomware,Immediately isolate the endpoint
ALT-004146,159365,2026-07-26 10:38:48,99.36,Critical,Critical,P1,Open,Incident Response Team,Privilege Escalation,Immediately isolate the endpoint
ALT-001109,44828,2026-07-26 10:38:48,100.0,Critical,Critical,P1,Investigating,Incident Response Team,Malware Infection,Immediately isolate the endpoint
ALT-004709,189119,2026-07-26 10:39:05,100.0,Critical,Critical,P1,Open,Incident Response Team,Privilege Escalation,Immediately isolate the endpoint
ALT-005675,225190,2026-07-26 10:39:07,100.0,Critical,Critical,P1,Open,Incident Response Team,Data Exfiltration,Immediately isolate the endpoint
ALT-005403,213170,2026-07-26 10:39:26,100.0,Critical,Critical,P1,Investigating,Incident Response Team,Malware Infection,Immediately isolate the endpoint
ALT-000920,35097,2026-07-26 10:39:29,100.0,Critical,Critical,P1,Resolved,Incident Response Team,Privilege Escalation,Immediately isolate the endpoint
ALT-004427,177891,2026-07-26 10:39:31,60.88,High,Medium,P2,Investigating,Tier-2 SOC Analyst,Brute Force Attack,Notify security team
ALT-001582,56188,2026-07-26 10:39:45,100.0,Critical,Critical,P1,Investigating,Incident Response Team,Malware Infection,Immediately isolate the endpoint
ALT-000334,13137,2026-07-26 10:39:47,100.0,Critical,Critical,P1,Investigating,Incident Response Team,Data Exfiltration,Immediately isolate the endpoint
ALT-005458,214387,2026-07-26 10:39:57,100.0,Critical,Critical,P1,Open,Incident Response Team,Malware Infection,Immediately isolate the endpoint
ALT-005246,208172,2026-07-26 10:39:58,100.0,Critical,Critical,P1,Open,Incident Response Team,Privilege Escalation,Immediately isolate the endpoint
ALT-001900,64108,2026-07-26 10:40:20,55.9,High,Medium,P2,Open,Tier-2 SOC Analyst,Suspicious Login,Notify security team
ALT-005009,202888,2026-07-26 10:40:24,21.07,Medium,Low,P3,Open,Tier-1 SOC Analyst,Policy Violation,Investigate suspicious activity
ALT-004302,167697,2026-07-26 10:40:25,99.96,Critical,Critical,P1,Open,Incident Response Team,Malware Infection,Immediately isolate the endpoint
ALT-003148,112227,2026-07-26 10:40:41,23.1,Medium,Low,P3,Investigating,Tier-1 SOC Analyst,Policy Violation,Investigate suspicious activity
ALT-005587,218213,2026-07-26 10:41:05,99.97,Critical,Critical,P1,Open,Incident Response Team,Malware Infection,Immediately isolate the endpoint
ALT-004424,177291,2026-07-26 10:41:09,100.0,Critical,Critical,P1,Open,Incident Response Team,Ransomware,Immediately isolate the endpoint
ALT-005860,231200,2026-07-26 10:41:20,100.0,Critical,Critical,P1,Open,Incident Response Team,Data Exfiltration,Immediately isolate the endpoint
ALT-000255,9922,2026-07-26 10:41:38,22.77,Medium,Low,P3,Investigating,Tier-1 SOC Analyst,Port Scan,Investigate suspicious activity
ALT-002813,103415,2026-07-26 10:42:08,100.0,Critical,Critical,P1,Open,Incident Response Team,Malware Infection,Immediately isolate the endpoint
ALT-003245,115155,2026-07-26 10:42:59,100.0,Critical,Critical,P1,Investigating,Incident Response Team,Privilege Escalation,Immediately isolate the endpoint
ALT-000458,15572,2026-07-26 10:43:02,100.0,Critical,Critical,P1,Open,Incident Response Team,Privilege Escalation,Immediately isolate the endpoint
ALT-004243,166315,2026-07-26 10:43:39,100.0,Critical,Critical,P1,Open,Incident Response Team,Malware Infection,Immediately isolate the endpoint
ALT-004785,199606,2026-07-26 10:43:49,100.0,Critical,Critical,P1,Open,Incident Response Team,Data Exfiltration,Immediately isolate the endpoint
ALT-002226,77683,2026-07-26 10:44:03,100.0,Critical,Critical,P1,Investigating,Incident Response Team,Privilege Escalation,Immediately isolate the endpoint
ALT-005465,214394,2026-07-26 10:44:21,100.0,Critical,Critical,P1,Open,Incident Response Team,Ransomware,Immediately isolate the endpoint
ALT-004583,185236,2026-07-26 10:44:26,100.0,Critical,Critical,P1,Investigating,Incident Response Team,Data Exfiltration,Immediately isolate the endpoint
ALT-000332,11462,2026-07-26 10:44:32,99.93,Critical,Critical,P1,Open,Incident Response Team,Privilege Escalation,Immediately isolate the endpoint
ALT-002214,76230,2026-07-26 10:44:40,83.82,Critical,Critical,P1,Open,Incident Response Team,Malware Infection,Immediately isolate the endpoint
ALT-003388,121268,2026-07-26 10:44:47,99.99,Critical,Critical,P1,Investigating,Incident Response Team,Ransomware,Immediately isolate the endpoint
ALT-004875,201412,2026-07-26 10:44:48,30.5,Medium,Low,P3,Investigating,Tier-1 SOC Analyst,Abnormal Traffic,Investigate suspicious activity
ALT-001938,65927,2026-07-26 10:44:56,100.0,Critical,Critical,P1,Investigating,Incident Response Team,Privilege Escalation,Immediately isolate the endpoint
ALT-006092,235236,2026-07-26 10:45:09,100.0,Critical,Critical,P1,Investigating,Incident Response Team,Data Exfiltration,Immediately isolate the endpoint
ALT-000569,21679,2026-07-26 10:45:40,100.0,Critical,Critical,P1,Investigating,Incident Response Team,Privilege Escalation,Immediately isolate the endpoint
ALT-003983,149812,2026-07-26 10:45:43,23.61,Medium,Low,P3,Investigating,Tier-1 SOC Analyst,Policy Violation,Investigate suspicious activity
ALT-004513,182717,2026-07-26 10:46:17,28.01,Medium,Low,P3,Investigating,Tier-1 SOC Analyst,Policy Violation,Investigate suspicious activity
ALT-004653,186601,2026-07-26 10:46:31,58.05,High,Medium,P2,Investigating,Tier-2 SOC Analyst,Brute Force Attack,Notify security team
ALT-003951,149282,2026-07-26 10:46:47,100.0,Critical,Critical,P1,Investigating,Incident Response Team,Ransomware,Immediately isolate the endpoint
ALT-004545,182809,2026-07-26 10:46:57,56.2,High,Medium,P2,Investigating,Tier-2 SOC Analyst,Unauthorized Access,Notify security team
ALT-003610,131717,2026-07-26 10:47:23,100.0,Critical,Critical,P1,Investigating,Incident Response Team,Malware Infection,Immediately isolate the endpoint
ALT-001507,54536,2026-07-26 10:47:27,100.0,Critical,Critical,P1,Open,Incident Response Team,Data Exfiltration,Immediately isolate the endpoint
ALT-001155,44904,2026-07-26 10:47:31,66.38,High,Medium,P2,Investigating,Tier-2 SOC Analyst,Suspicious Login,Notify security team
ALT-002272,81702,2026-07-26 10:47:31,98.83,Critical,Critical,P1,Investigating,Incident Response Team,Ransomware,Immediately isolate the endpoint
ALT-002496,85832,2026-07-26 10:47:49,100.0,Critical,Critical,P1,Open,Incident Response Team,Malware Infection,Immediately isolate the endpoint
ALT-000420,15534,2026-07-26 10:48:01,100.0,Critical,Critical,P1,Investigating,Incident Response Team,Malware Infection,Immediately isolate the endpoint
ALT-004533,182797,2026-07-26 10:48:07,55.34,High,Medium,P2,Open,Tier-2 SOC Analyst,Unauthorized Access,Notify security team
ALT-004624,185970,2026-07-26 10:48:54,22.96,Medium,Low,P3,Open,Tier-1 SOC Analyst,Policy Violation,Investigate suspicious activity
ALT-000428,15542,2026-07-26 10:48:57,100.0,Critical,Critical,P1,Investigating,Incident Response Team,Privilege Escalation,Immediately isolate the endpoint
ALT-001197,45476,2026-07-26 10:49:04,100.0,Critical,Critical,P1,Open,Incident Response Team,Privilege Escalation,Immediately isolate the endpoint
ALT-000746,27753,2026-07-26 10:49:22,100.0,Critical,Critical,P1,Investigating,Incident Response Team,Privilege Escalation,Immediately isolate the endpoint
ALT-004644,186293,2026-07-26 10:49:32,100.0,Critical,Critical,P1,Investigating,Incident Response Team,Privilege Escalation,Immediately isolate the endpoint
ALT-002264,81694,2026-07-26 10:49:33,99.05,Critical,Critical,P1,Open,Incident Response Team,Malware Infection,Immediately isolate the endpoint
ALT-002260,78472,2026-07-26 10:49:41,45.02,Medium,Low,P3,Open,Tier-1 SOC Analyst,Port Scan,Investigate suspicious activity
ALT-005229,207283,2026-07-26 10:49:45,100.0,Critical,Critical,P1,Open,Incident Response Team,Malware Infection,Immediately isolate the endpoint
ALT-003853,142657,2026-07-26 10:49:48,100.0,Critical,Critical,P1,Investigating,Incident Response Team,Privilege Escalation,Immediately isolate the endpoint
ALT-003625,135878,2026-07-26 10:50:30,99.43,Critical,Critical,P1,Resolved,Incident Response Team,Data Exfiltration,Immediately isolate the endpoint
ALT-004697,189107,2026-07-26 10:50:36,100.0,Critical,Critical,P1,Investigating,Incident Response Team,Malware Infection,Immediately isolate the endpoint
ALT-002585,91538,2026-07-26 10:50:41,99.99,Critical,Critical,P1,Open,Incident Response Team,Ransomware,Immediately isolate the endpoint
ALT-005257,208183,2026-07-26 10:50:47,100.0,Critical,Critical,P1,Investigating,Incident Response Team,Malware Infection,Immediately isolate the endpoint
ALT-004912,201552,2026-07-26 10:50:56,99.99,Critical,Critical,P1,Open,Incident Response Team,Privilege Escalation,Immediately isolate the endpoint
ALT-000754,28159,2026-07-26 10:51:01,96.74,Critical,Critical,P1,Investigating,Incident Response Team,Privilege Escalation,Immediately isolate the endpoint
ALT-005722,229280,2026-07-26 10:51:18,35.03,Medium,Low,P3,Open,Tier-1 SOC Analyst,Reconnaissance,Investigate suspicious activity
ALT-004640,186289,2026-07-26 10:51:19,100.0,Critical,Critical,P1,Investigating,Incident Response Team,Data Exfiltration,Immediately isolate the endpoint
ALT-002680,96187,2026-07-26 10:51:22,100.0,Critical,Critical,P1,Open,Incident Response Team,Data Exfiltration,Immediately isolate the endpoint
ALT-005144,205582,2026-07-26 10:51:26,100.0,Critical,Critical,P1,Resolved,Incident Response Team,Ransomware,Immediately isolate the endpoint
ALT-005489,216223,2026-07-26 10:51:42,99.45,Critical,Critical,P1,Open,Incident Response Team,Malware Infection,Immediately isolate the endpoint
ALT-003700,136957,2026-07-26 10:51:54,100.0,Critical,Critical,P1,Investigating,Incident Response Team,Data Exfiltration,Immediately isolate the endpoint
ALT-004892,201532,2026-07-26 10:51:58,100.0,Critical,Critical,P1,Resolved,Incident Response Team,Ransomware,Immediately isolate the endpoint
ALT-001677,58901,2026-07-26 10:52:06,98.97,Critical,Critical,P1,Open,Incident Response Team,Ransomware,Immediately isolate the endpoint
ALT-002185,75905,2026-07-26 10:52:10,23.49,Medium,Low,P3,Resolved,Tier-1 SOC Analyst,Policy Violation,Investigate suspicious activity
ALT-000655,26278,2026-07-26 10:52:44,100.0,Critical,Critical,P1,Investigating,Incident Response Team,Ransomware,Immediately isolate the endpoint
ALT-003693,136950,2026-07-26 10:52:49,100.0,Critical,Critical,P1,Open,Incident Response Team,Malware Infection,Immediately isolate the endpoint
ALT-005516,216381,2026-07-26 10:53:08,26.7,Medium,Low,P3,Open,Tier-1 SOC Analyst,Abnormal Traffic,Investigate suspicious activity
ALT-002325,82768,2026-07-26 10:53:16,100.0,Critical,Critical,P1,Investigating,Incident Response Team,Ransomware,Immediately isolate the endpoint
ALT-004988,202788,2026-07-26 10:53:17,63.72,High,Medium,P2,Open,Tier-2 SOC Analyst,Network Intrusion,Notify security team
ALT-005154,205592,2026-07-26 10:53:20,99.04,Critical,Critical,P1,Open,Incident Response Team,Data Exfiltration,Immediately isolate the endpoint
ALT-005937,232147,2026-07-26 10:53:24,100.0,Critical,Critical,P1,Open,Incident Response Team,Malware Infection,Immediately isolate the endpoint
ALT-004830,200759,2026-07-26 10:53:25,99.49,Critical,Critical,P1,Investigating,Incident Response Team,Data Exfiltration,Immediately isolate the endpoint
ALT-000796,30515,2026-07-26 10:53:27,100.0,Critical,Critical,P1,Open,Incident Response Team,Data Exfiltration,Immediately isolate the endpoint
ALT-001250,46348,2026-07-26 10:53:35,28.82,Medium,Low,P3,Investigating,Tier-1 SOC Analyst,Policy Violation,Investigate suspicious activity
ALT-002038,69537,2026-07-26 10:54:09,100.0,Critical,Critical,P1,Resolved,Incident Response Team,Data Exfiltration,Immediately isolate the endpoint
ALT-004808,199629,2026-07-26 10:54:15,100.0,Critical,Critical,P1,Resolved,Incident Response Team,Malware Infection,Immediately isolate the endpoint
ALT-004501,181874,2026-07-26 10:54:28,100.0,Critical,Critical,P1,Investigating,Incident Response Team,Data Exfiltration,Immediately isolate the endpoint
ALT-002679,96186,2026-07-26 10:54:43,100.0,Critical,Critical,P1,Open,Incident Response Team,Malware Infection,Immediately isolate the endpoint
ALT-004633,185984,2026-07-26 10:55:09,26.88,Medium,Low,P3,Investigating,Tier-1 SOC Analyst,Abnormal Traffic,Investigate suspicious activity
ALT-002257,78469,2026-07-26 10:55:11,44.7,Medium,Low,P3,Open,Tier-1 SOC Analyst,Policy Violation,Investigate suspicious activity
ALT-004418,176919,2026-07-26 10:55:12,100.0,Critical,Critical,P1,Open,Incident Response Team,Data Exfiltration,Immediately isolate the endpoint
ALT-001621,57507,2026-07-26 10:55:32,100.0,Critical,Critical,P1,Open,Incident Response Team,Data Exfiltration,Immediately isolate the endpoint
ALT-003464,123165,2026-07-26 10:56:06,98.28,Critical,Critical,P1,Open,Incident Response Team,Ransomware,Immediately isolate the endpoint
ALT-003514,126671,2026-07-26 10:56:09,98.84,Critical,Critical,P1,Investigating,Incident Response Team,Ransomware,Immediately isolate the endpoint
ALT-003024,109477,2026-07-26 10:56:25,100.0,Critical,Critical,P1,Investigating,Incident Response Team,Ransomware,Immediately isolate the endpoint
ALT-004597,185250,2026-07-26 10:56:49,100.0,Critical,Critical,P1,Open,Incident Response Team,Ransomware,Immediately isolate the endpoint
ALT-004220,166180,2026-07-26 10:56:52,99.33,Critical,Critical,P1,Open,Incident Response Team,Privilege Escalation,Immediately isolate the endpoint
ALT-001548,54847,2026-07-26 10:56:57,100.0,Critical,Critical,P1,Resolved,Incident Response Team,Privilege Escalation,Immediately isolate the endpoint
ALT-004132,159351,2026-07-26 10:57:09,100.0,Critical,Critical,P1,Open,Incident Response Team,Ransomware,Immediately isolate the endpoint
ALT-004232,166304,2026-07-26 10:57:11,100.0,Critical,Critical,P1,Open,Incident Response Team,Data Exfiltration,Immediately isolate the endpoint
ALT-003038,109491,2026-07-26 10:57:25,100.0,Critical,Critical,P1,Open,Incident Response Team,Malware Infection,Immediately isolate the endpoint
ALT-000824,31050,2026-07-26 10:57:56,99.89,Critical,Critical,P1,Investigating,Incident Response Team,Malware Infection,Immediately isolate the endpoint
ALT-002253,78465,2026-07-26 10:58:06,22.91,Medium,Low,P3,Investigating,Tier-1 SOC Analyst,Port Scan,Investigate suspicious activity
ALT-000667,26290,2026-07-26 10:58:36,100.0,Critical,Critical,P1,Open,Incident Response Team,Data Exfiltration,Immediately isolate the endpoint
ALT-001058,43577,2026-07-26 10:58:47,100.0,Critical,Critical,P1,Open,Incident Response Team,Data Exfiltration,Immediately isolate the endpoint
ALT-006120,236128,2026-07-26 10:59:11,24.51,Medium,Low,P3,Investigating,Tier-1 SOC Analyst,Port Scan,Investigate suspicious activity
ALT-001614,57500,2026-07-26 10:59:14,100.0,Critical,Critical,P1,Investigating,Incident Response Team,Malware Infection,Immediately isolate the endpoint
ALT-003187,114390,2026-07-26 10:59:16,100.0,Critical,Critical,P1,Open,Incident Response Team,Ransomware,Immediately isolate the endpoint
ALT-005409,213176,2026-07-26 10:59:17,100.0,Critical,Critical,P1,Resolved,Incident Response Team,Privilege Escalation,Immediately isolate the endpoint
ALT-004962,202494,2026-07-26 10:59:30,100.0,Critical,Critical,P1,Open,Incident Response Team,Privilege Escalation,Immediately isolate the endpoint
ALT-000914,35091,2026-07-26 10:59:30,100.0,Critical,Critical,P1,Open,Incident Response Team,Data Exfiltration,Immediately isolate the endpoint
ALT-003265,117553,2026-07-26 10:59:32,99.75,Critical,Critical,P1,Resolved,Incident Response Team,Malware Infection,Immediately isolate the endpoint
ALT-006016,233884,2026-07-26 10:59:35,100.0,Critical,Critical,P1,Open,Incident Response Team,Ransomware,Immediately isolate the endpoint
ALT-005950,232683,2026-07-26 10:59:49,98.86,Critical,Critical,P1,Investigating,Incident Response Team,Ransomware,Immediately isolate the endpoint
ALT-000053,2395,2026-07-26 11:00:03,99.45,Critical,Critical,P1,Open,Incident Response Team,Ransomware,Immediately isolate the endpoint
ALT-002735,98835,2026-07-26 11:00:09,100.0,Critical,Critical,P1,Open,Incident Response Team,Privilege Escalation,Immediately isolate the endpoint
ALT-003324,119217,2026-07-26 11:00:13,99.88,Critical,Critical,P1,Resolved,Incident Response Team,Ransomware,Immediately isolate the endpoint
ALT-002801,100104,2026-07-26 11:00:14,32.88,Medium,Low,P3,Open,Tier-1 SOC Analyst,Port Scan,Investigate suspicious activity
ALT-005486,216220,2026-07-26 11:00:57,99.43,Critical,Critical,P1,Investigating,Incident Response Team,Data Exfiltration,Immediately isolate the endpoint
ALT-002240,77697,2026-07-26 11:01:03,100.0,Critical,Critical,P1,Open,Incident Response Team,Ransomware,Immediately isolate the endpoint
ALT-001566,55936,2026-07-26 11:01:16,100.0,Critical,Critical,P1,Open,Incident Response Team,Privilege Escalation,Immediately isolate the endpoint
ALT-002637,92176,2026-07-26 11:01:35,100.0,Critical,Critical,P1,Open,Incident Response Team,Data Exfiltration,Immediately isolate the endpoint
ALT-005487,216221,2026-07-26 11:02:04,99.43,Critical,Critical,P1,Investigating,Incident Response Team,Malware Infection,Immediately isolate the endpoint
ALT-003605,131712,2026-07-26 11:02:18,100.0,Critical,Critical,P1,Open,Incident Response Team,Malware Infection,Immediately isolate the endpoint
ALT-002681,96188,2026-07-26 11:02:25,100.0,Critical,Critical,P1,Investigating,Incident Response Team,Privilege Escalation,Immediately isolate the endpoint
ALT-002517,86143,2026-07-26 11:02:33,100.0,Critical,Critical,P1,Open,Incident Response Team,Ransomware,Immediately isolate the endpoint
ALT-001257,46998,2026-07-26 11:02:40,100.0,Critical,Critical,P1,Resolved,Incident Response Team,Malware Infection,Immediately isolate the endpoint
ALT-000196,5733,2026-07-26 11:02:54,99.98,Critical,Critical,P1,Open,Incident Response Team,Malware Infection,Immediately isolate the endpoint
ALT-005282,208424,2026-07-26 11:03:00,100.0,Critical,Critical,P1,Investigating,Incident Response Team,Privilege Escalation,Immediately isolate the endpoint
ALT-003449,123150,2026-07-26 11:03:24,98.03,Critical,Critical,P1,Investigating,Incident Response Team,Data Exfiltration,Immediately isolate the endpoint
ALT-002119,74306,2026-07-26 11:03:32,100.0,Critical,Critical,P1,Investigating,Incident Response Team,Ransomware,Immediately isolate the endpoint
ALT-000546,20162,2026-07-26 11:03:50,100.0,Critical,Critical,P1,Investigating,Incident Response Team,Malware Infection,Immediately isolate the endpoint
ALT-001783,61162,2026-07-26 11:04:15,100.0,Critical,Critical,P1,Investigating,Incident Response Team,Privilege Escalation,Immediately isolate the endpoint
ALT-002009,67697,2026-07-26 11:04:41,22.16,Medium,Low,P3,Investigating,Tier-1 SOC Analyst,Policy Violation,Investigate suspicious activity
ALT-003766,137994,2026-07-26 11:04:44,99.64,Critical,Critical,P1,Open,Incident Response Team,Malware Infection,Immediately isolate the endpoint
ALT-000393,13765,2026-07-26 11:05:01,25.25,Medium,Low,P3,Open,Tier-1 SOC Analyst,Policy Violation,Investigate suspicious activity
ALT-005013,202893,2026-07-26 11:05:03,22.04,Medium,Low,P3,Resolved,Tier-1 SOC Analyst,Port Scan,Investigate suspicious activity
ALT-004569,184172,2026-07-26 11:05:05,99.36,Critical,Critical,P1,Investigating,Incident Response Team,Data Exfiltration,Immediately isolate the endpoint
ALT-004768,196692,2026-07-26 11:05:19,25.15,Medium,Low,P3,Investigating,Tier-1 SOC Analyst,Policy Violation,Investigate suspicious activity
ALT-000380,13383,2026-07-26 11:05:21,100.0,Critical,Critical,P1,Open,Incident Response Team,Malware Infection,Immediately isolate the endpoint
ALT-002545,86297,2026-07-26 11:05:33,43.02,Medium,Low,P3,Open,Tier-1 SOC Analyst,Policy Violation,Investigate suspicious activity
ALT-005395,213162,2026-07-26 11:05:42,100.0,Critical,Critical,P1,Open,Incident Response Team,Malware Infection,Immediately isolate the endpoint
ALT-000401,13778,2026-07-26 11:05:56,23.05,Medium,Low,P3,Investigating,Tier-1 SOC Analyst,Reconnaissance,Investigate suspicious activity
ALT-002161,74513,2026-07-26 11:06:03,100.0,Critical,Critical,P1,Open,Incident Response Team,Privilege Escalation,Immediately isolate the endpoint
ALT-001817,62268,2026-07-26 11:06:05,100.0,Critical,Critical,P1,Open,Incident Response Team,Ransomware,Immediately isolate the endpoint
ALT-005344,210993,2026-07-26 11:06:37,52.39,High,Medium,P2,Open,Tier-2 SOC Analyst,Suspicious Login,Notify security team
ALT-004954,202486,2026-07-26 11:06:51,100.0,Critical,Critical,P1,Open,Incident Response Team,Privilege Escalation,Immediately isolate the endpoint
ALT-003521,126678,2026-07-26 11:07:25,99.07,Critical,Critical,P1,Open,Incident Response Team,Malware Infection,Immediately isolate the endpoint
ALT-002106,70769,2026-07-26 11:07:30,100.0,Critical,Critical,P1,Open,Incident Response Team,Ransomware,Immediately isolate the endpoint
ALT-001220,45982,2026-07-26 11:07:34,99.92,Critical,Critical,P1,Investigating,Incident Response Team,Privilege Escalation,Immediately isolate the endpoint
ALT-002354,83765,2026-07-26 11:07:42,51.55,High,Medium,P2,Open,Tier-2 SOC Analyst,Brute Force Attack,Notify security team
ALT-002232,77689,2026-07-26 11:07:59,100.0,Critical,Critical,P1,Open,Incident Response Team,Ransomware,Immediately isolate the endpoint
ALT-000431,15545,2026-07-26 11:08:15,100.0,Critical,Critical,P1,Open,Incident Response Team,Privilege Escalation,Immediately isolate the endpoint
ALT-005849,231189,2026-07-26 11:08:19,100.0,Critical,Critical,P1,Open,Incident Response Team,Data Exfiltration,Immediately isolate the endpoint
ALT-005793,230250,2026-07-26 11:08:45,100.0,Critical,Critical,P1,Open,Incident Response Team,Privilege Escalation,Immediately isolate the endpoint
ALT-001973,66040,2026-07-26 11:08:48,48.78,Medium,Low,P3,Open,Tier-1 SOC Analyst,Abnormal Traffic,Investigate suspicious activity
ALT-004721,191138,2026-07-26 11:09:04,20.68,Medium,Low,P3,Investigating,Tier-1 SOC Analyst,Policy Violation,Investigate suspicious activity
ALT-004430,177894,2026-07-26 11:09:09,98.54,Critical,Critical,P1,Open,Incident Response Team,Ransomware,Immediately isolate the endpoint
ALT-005208,207262,2026-07-26 11:09:19,100.0,Critical,Critical,P1,Investigating,Incident Response Team,Malware Infection,Immediately isolate the endpoint
ALT-004707,189117,2026-07-26 11:09:38,100.0,Critical,Critical,P1,Investigating,Incident Response Team,Malware Infection,Immediately isolate the endpoint
ALT-001794,61223,2026-07-26 11:09:46,99.51,Critical,Critical,P1,Investigating,Incident Response Team,Data Exfiltration,Immediately isolate the endpoint
ALT-002740,98840,2026-07-26 11:09:54,99.89,Critical,Critical,P1,Open,Incident Response Team,Ransomware,Immediately isolate the endpoint
ALT-004117,158855,2026-07-26 11:10:26,100.0,Critical,Critical,P1,Open,Incident Response Team,Ransomware,Immediately isolate the endpoint
ALT-001286,47210,2026-07-26 11:10:48,57.12,High,Medium,P2,Open,Tier-2 SOC Analyst,Brute Force Attack,Notify security team
ALT-001424,52848,2026-07-26 11:10:49,51.46,High,Medium,P2,Open,Tier-2 SOC Analyst,Brute Force Attack,Notify security team
ALT-004120,158858,2026-07-26 11:11:01,100.0,Critical,Critical,P1,Resolved,Incident Response Team,Privilege Escalation,Immediately isolate the endpoint
ALT-001657,58839,2026-07-26 11:11:17,100.0,Critical,Critical,P1,Open,Incident Response Team,Data Exfiltration,Immediately isolate the endpoint
ALT-002750,98850,2026-07-26 11:11:22,100.0,Critical,Critical,P1,Open,Incident Response Team,Ransomware,Immediately isolate the endpoint
ALT-004223,166183,2026-07-26 11:11:53,99.39,Critical,Critical,P1,Investigating,Incident Response Team,Data Exfiltration,Immediately isolate the endpoint
ALT-000112,4173,2026-07-26 11:12:08,100.0,Critical,Critical,P1,Investigating,Incident Response Team,Privilege Escalation,Immediately isolate the endpoint
ALT-006074,234748,2026-07-26 11:12:15,33.46,Medium,Low,P3,Open,Tier-1 SOC Analyst,Policy Violation,Investigate suspicious activity
ALT-005681,225196,2026-07-26 11:12:33,100.0,Critical,Critical,P1,Open,Incident Response Team,Data Exfiltration,Immediately isolate the endpoint
ALT-000928,35105,2026-07-26 11:12:44,100.0,Critical,Critical,P1,Open,Incident Response Team,Ransomware,Immediately isolate the endpoint
ALT-006087,235231,2026-07-26 11:12:46,99.97,Critical,Critical,P1,Open,Incident Response Team,Privilege Escalation,Immediately isolate the endpoint
ALT-000512,19817,2026-07-26 11:12:55,98.81,Critical,Critical,P1,Open,Incident Response Team,Malware Infection,Immediately isolate the endpoint
ALT-005092,203452,2026-07-26 11:13:01,100.0,Critical,Critical,P1,Open,Incident Response Team,Privilege Escalation,Immediately isolate the endpoint
ALT-001803,61232,2026-07-26 11:13:49,99.5,Critical,Critical,P1,Open,Incident Response Team,Malware Infection,Immediately isolate the endpoint
ALT-004249,166321,2026-07-26 11:14:04,100.0,Critical,Critical,P1,Open,Incident Response Team,Malware Infection,Immediately isolate the endpoint
ALT-001398,52552,2026-07-26 11:14:12,53.57,High,Medium,P2,Open,Tier-2 SOC Analyst,Brute Force Attack,Notify security team
ALT-000123,4184,2026-07-26 11:14:14,100.0,Critical,Critical,P1,Open,Incident Response Team,Ransomware,Immediately isolate the endpoint
ALT-000498,18970,2026-07-26 11:14:20,100.0,Critical,Critical,P1,Open,Incident Response Team,Malware Infection,Immediately isolate the endpoint
ALT-002400,84037,2026-07-26 11:14:21,100.0,Critical,Critical,P1,Investigating,Incident Response Team,Privilege Escalation,Immediately isolate the endpoint
ALT-002385,84022,2026-07-26 11:14:41,100.0,Critical,Critical,P1,Investigating,Incident Response Team,Ransomware,Immediately isolate the endpoint
ALT-004215,166175,2026-07-26 11:14:49,99.36,Critical,Critical,P1,Open,Incident Response Team,Malware Infection,Immediately isolate the endpoint
ALT-004219,166179,2026-07-26 11:14:57,99.35,Critical,Critical,P1,Open,Incident Response Team,Data Exfiltration,Immediately isolate the endpoint
ALT-000513,19818,2026-07-26 11:15:31,98.88,Critical,Critical,P1,Open,Incident Response Team,Privilege Escalation,Immediately isolate the endpoint
ALT-002827,103429,2026-07-26 11:16:03,100.0,Critical,Critical,P1,Investigating,Incident Response Team,Privilege Escalation,Immediately isolate the endpoint
ALT-001878,63875,2026-07-26 11:16:21,25.27,Medium,Low,P3,Investigating,Tier-1 SOC Analyst,Abnormal Traffic,Investigate suspicious activity
ALT-004434,177898,2026-07-26 11:16:28,97.86,Critical,Critical,P1,Open,Incident Response Team,Data Exfiltration,Immediately isolate the endpoint
ALT-000450,15564,2026-07-26 11:16:53,100.0,Critical,Critical,P1,Resolved,Incident Response Team,Malware Infection,Immediately isolate the endpoint
ALT-006003,233168,2026-07-26 11:17:27,100.0,Critical,Critical,P1,Open,Incident Response Team,Privilege Escalation,Immediately isolate the endpoint
ALT-004841,200770,2026-07-26 11:17:27,99.6,Critical,Critical,P1,Open,Incident Response Team,Privilege Escalation,Immediately isolate the endpoint
ALT-005884,231372,2026-07-26 11:17:30,99.93,Critical,Critical,P1,Investigating,Incident Response Team,Ransomware,Immediately isolate the endpoint
ALT-000278,10066,2026-07-26 11:17:48,100.0,Critical,Critical,P1,Investigating,Incident Response Team,Ransomware,Immediately isolate the endpoint
ALT-002018,67706,2026-07-26 11:18:11,39.13,Medium,Low,P3,Investigating,Tier-1 SOC Analyst,Policy Violation,Investigate suspicious activity
ALT-003873,142677,2026-07-26 11:18:52,100.0,Critical,Critical,P1,Investigating,Incident Response Team,Ransomware,Immediately isolate the endpoint
ALT-002210,76226,2026-07-26 11:18:55,100.0,Critical,Critical,P1,Open,Incident Response Team,Privilege Escalation,Immediately isolate the endpoint
ALT-002911,105805,2026-07-26 11:18:56,100.0,Critical,Critical,P1,Investigating,Incident Response Team,Data Exfiltration,Immediately isolate the endpoint
ALT-003522,126679,2026-07-26 11:19:02,99.05,Critical,Critical,P1,Open,Incident Response Team,Ransomware,Immediately isolate the endpoint
ALT-002258,78470,2026-07-26 11:19:05,39.6,Medium,Low,P3,Investigating,Tier-1 SOC Analyst,Reconnaissance,Investigate suspicious activity
ALT-004328,172391,2026-07-26 11:19:25,100.0,Critical,Critical,P1,Open,Incident Response Team,Ransomware,Immediately isolate the endpoint
ALT-003208,114578,2026-07-26 11:20:01,97.19,Critical,Critical,P1,Investigating,Incident Response Team,Data Exfiltration,Immediately isolate the endpoint
ALT-000161,5407,2026-07-26 11:20:04,100.0,Critical,Critical,P1,Open,Incident Response Team,Data Exfiltration,Immediately isolate the endpoint
ALT-001312,49248,2026-07-26 11:20:39,99.77,Critical,Critical,P1,Investigating,Incident Response Team,Privilege Escalation,Immediately isolate the endpoint
ALT-002869,104012,2026-07-26 11:20:42,100.0,Critical,Critical,P1,Open,Incident Response Team,Ransomware,Immediately isolate the endpoint
ALT-002278,81708,2026-07-26 11:20:45,98.91,Critical,Critical,P1,Investigating,Incident Response Team,Ransomware,Immediately isolate the endpoint
ALT-003309,118050,2026-07-26 11:20:49,100.0,Critical,Critical,P1,Open,Incident Response Team,Privilege Escalation,Immediately isolate the endpoint
ALT-000571,21681,2026-07-26 11:20:54,100.0,Critical,Critical,P1,Open,Incident Response Team,Privilege Escalation,Immediately isolate the endpoint
ALT-002122,74309,2026-07-26 11:21:18,100.0,Critical,Critical,P1,Open,Incident Response Team,Data Exfiltration,Immediately isolate the endpoint
ALT-003110,112189,2026-07-26 11:21:23,30.86,Medium,Low,P3,Open,Tier-1 SOC Analyst,Policy Violation,Investigate suspicious activity
ALT-004745,194031,2026-07-26 11:21:24,100.0,Critical,Critical,P1,Investigating,Incident Response Team,Data Exfiltration,Immediately isolate the endpoint
ALT-004057,156858,2026-07-26 11:21:39,97.37,Critical,Critical,P1,Open,Incident Response Team,Privilege Escalation,Immediately isolate the endpoint
ALT-003913,146573,2026-07-26 11:21:52,54.17,High,Medium,P2,Resolved,Tier-2 SOC Analyst,Suspicious Login,Notify security team
ALT-000130,4191,2026-07-26 11:21:55,100.0,Critical,Critical,P1,Open,Incident Response Team,Ransomware,Immediately isolate the endpoint
ALT-002733,98291,2026-07-26 11:22:04,100.0,Critical,Critical,P1,Open,Incident Response Team,Malware Infection,Immediately isolate the endpoint
ALT-003000,108754,2026-07-26 11:22:21,99.99,Critical,Critical,P1,Investigating,Incident Response Team,Ransomware,Immediately isolate the endpoint
ALT-004227,166187,2026-07-26 11:22:36,99.16,Critical,Critical,P1,Investigating,Incident Response Team,Privilege Escalation,Immediately isolate the endpoint
ALT-002644,92183,2026-07-26 11:22:50,100.0,Critical,Critical,P1,Open,Incident Response Team,Malware Infection,Immediately isolate the endpoint
ALT-001978,66049,2026-07-26 11:23:15,62.84,High,Medium,P2,Open,Tier-2 SOC Analyst,Unauthorized Access,Notify security team
ALT-005738,229296,2026-07-26 11:23:30,38.37,Medium,Low,P3,Investigating,Tier-1 SOC Analyst,Abnormal Traffic,Investigate suspicious activity
ALT-005948,232681,2026-07-26 11:23:35,98.5,Critical,Critical,P1,Open,Incident Response Team,Malware Infection,Immediately isolate the endpoint
ALT-000622,24925,2026-07-26 11:23:37,100.0,Critical,Critical,P1,Resolved,Incident Response Team,Data Exfiltration,Immediately isolate the endpoint
ALT-001504,54533,2026-07-26 11:23:43,100.0,Critical,Critical,P1,Resolved,Incident Response Team,Data Exfiltration,Immediately isolate the endpoint
ALT-004562,182826,2026-07-26 11:24:15,59.6,High,Medium,P2,Investigating,Tier-2 SOC Analyst,Unauthorized Access,Notify security team
ALT-002953,108519,2026-07-26 11:24:22,20.86,Medium,Low,P3,Open,Tier-1 SOC Analyst,Reconnaissance,Investigate suspicious activity
ALT-004755,194041,2026-07-26 11:24:26,100.0,Critical,Critical,P1,Investigating,Incident Response Team,Malware Infection,Immediately isolate the endpoint
ALT-001912,64514,2026-07-26 11:24:34,99.99,Critical,Critical,P1,Open,Incident Response Team,Malware Infection,Immediately isolate the endpoint
ALT-005806,230609,2026-07-26 11:24:42,59.01,High,Medium,P2,Open,Tier-2 SOC Analyst,Suspicious Login,Notify security team
ALT-000025,2367,2026-07-26 11:24:50,98.46,Critical,Critical,P1,Open,Incident Response Team,Privilege Escalation,Immediately isolate the endpoint
ALT-005019,203188,2026-07-26 11:25:03,26.03,Medium,Low,P3,Open,Tier-1 SOC Analyst,Reconnaissance,Investigate suspicious activity
ALT-002892,105100,2026-07-26 11:25:18,100.0,Critical,Critical,P1,Investigating,Incident Response Team,Malware Infection,Immediately isolate the endpoint
ALT-001612,57498,2026-07-26 11:25:28,100.0,Critical,Critical,P1,Investigating,Incident Response Team,Data Exfiltration,Immediately isolate the endpoint
ALT-005549,217556,2026-07-26 11:25:47,98.93,Critical,Critical,P1,Investigating,Incident Response Team,Data Exfiltration,Immediately isolate the endpoint
ALT-005103,204226,2026-07-26 11:25:58,100.0,Critical,Critical,P1,Open,Incident Response Team,Privilege Escalation,Immediately isolate the endpoint
ALT-000998,40012,2026-07-26 11:26:25,100.0,Critical,Critical,P1,Open,Incident Response Team,Ransomware,Immediately isolate the endpoint
ALT-001161,44910,2026-07-26 11:26:27,67.08,High,Medium,P2,Open,Tier-2 SOC Analyst,Unauthorized Access,Notify security team
ALT-004081,158634,2026-07-26 11:26:36,72.43,High,Medium,P2,Resolved,Tier-2 SOC Analyst,Suspicious Login,Notify security team
ALT-003070,110877,2026-07-26 11:26:40,100.0,Critical,Critical,P1,Open,Incident Response Team,Data Exfiltration,Immediately isolate the endpoint
ALT-005924,232134,2026-07-26 11:26:58,99.97,Critical,Critical,P1,Investigating,Incident Response Team,Data Exfiltration,Immediately isolate the endpoint
ALT-001982,66987,2026-07-26 11:27:17,99.9,Critical,Critical,P1,Open,Incident Response Team,Privilege Escalation,Immediately isolate the endpoint
ALT-000055,2397,2026-07-26 11:27:42,99.42,Critical,Critical,P1,Open,Incident Response Team,Ransomware,Immediately isolate the endpoint
ALT-003059,110866,2026-07-26 11:27:57,100.0,Critical,Critical,P1,Investigating,Incident Response Team,Ransomware,Immediately isolate the endpoint
ALT-003896,146556,2026-07-26 11:28:37,59.09,High,Medium,P2,Open,Tier-2 SOC Analyst,Unauthorized Access,Notify security team
ALT-002675,96182,2026-07-26 11:29:26,100.0,Critical,Critical,P1,Investigating,Incident Response Team,Data Exfiltration,Immediately isolate the endpoint
ALT-005372,212522,2026-07-26 11:29:31,20.07,Medium,Low,P3,Resolved,Tier-1 SOC Analyst,Reconnaissance,Investigate suspicious activity
ALT-004234,166306,2026-07-26 11:29:40,100.0,Critical,Critical,P1,Open,Incident Response Team,Ransomware,Immediately isolate the endpoint
ALT-001171,44920,2026-07-26 11:30:04,66.47,High,Medium,P2,Open,Tier-2 SOC Analyst,Suspicious Login,Notify security team
ALT-001553,54852,2026-07-26 11:30:08,100.0,Critical,Critical,P1,Open,Incident Response Team,Malware Infection,Immediately isolate the endpoint
ALT-001336,50371,2026-07-26 11:30:12,99.91,Critical,Critical,P1,Resolved,Incident Response Team,Ransomware,Immediately isolate the endpoint
ALT-004462,180536,2026-07-26 11:30:22,100.0,Critical,Critical,P1,Open,Incident Response Team,Ransomware,Immediately isolate the endpoint
ALT-001014,40470,2026-07-26 11:30:31,100.0,Critical,Critical,P1,Investigating,Incident Response Team,Privilege Escalation,Immediately isolate the endpoint
ALT-001187,45466,2026-07-26 11:30:39,100.0,Critical,Critical,P1,Investigating,Incident Response Team,Data Exfiltration,Immediately isolate the endpoint
ALT-002579,90983,2026-07-26 11:30:44,100.0,Critical,Critical,P1,Investigating,Incident Response Team,Ransomware,Immediately isolate the endpoint
ALT-002295,81725,2026-07-26 11:30:44,100.0,Critical,Critical,P1,Open,Incident Response Team,Malware Infection,Immediately isolate the endpoint
ALT-006113,235257,2026-07-26 11:31:17,100.0,Critical,Critical,P1,Investigating,Incident Response Team,Data Exfiltration,Immediately isolate the endpoint
ALT-001495,53837,2026-07-26 11:31:24,48.92,Medium,Low,P3,Resolved,Tier-1 SOC Analyst,Abnormal Traffic,Investigate suspicious activity
ALT-005391,213158,2026-07-26 11:31:37,100.0,Critical,Critical,P1,Open,Incident Response Team,Ransomware,Immediately isolate the endpoint
ALT-004799,199620,2026-07-26 11:31:53,100.0,Critical,Critical,P1,Open,Incident Response Team,Data Exfiltration,Immediately isolate the endpoint
ALT-003564,130466,2026-07-26 11:31:54,100.0,Critical,Critical,P1,Resolved,Incident Response Team,Malware Infection,Immediately isolate the endpoint
ALT-000710,27221,2026-07-26 11:31:58,100.0,Critical,Critical,P1,Open,Incident Response Team,Malware Infection,Immediately isolate the endpoint
ALT-005620,223703,2026-07-26 11:32:06,99.55,Critical,Critical,P1,Investigating,Incident Response Team,Privilege Escalation,Immediately isolate the endpoint
ALT-003427,121722,2026-07-26 11:32:27,68.85,High,Medium,P2,Open,Tier-2 SOC Analyst,Unauthorized Access,Notify security team
ALT-000319,11449,2026-07-26 11:32:29,99.96,Critical,Critical,P1,Open,Incident Response Team,Malware Infection,Immediately isolate the endpoint
ALT-000183,5720,2026-07-26 11:32:34,99.96,Critical,Critical,P1,Investigating,Incident Response Team,Privilege Escalation,Immediately isolate the endpoint
ALT-005274,208416,2026-07-26 11:32:36,100.0,Critical,Critical,P1,Open,Incident Response Team,Malware Infection,Immediately isolate the endpoint
ALT-001921,64523,2026-07-26 11:32:39,99.99,Critical,Critical,P1,Open,Incident Response Team,Data Exfiltration,Immediately isolate the endpoint
ALT-004643,186292,2026-07-26 11:33:00,99.98,Critical,Critical,P1,Open,Incident Response Team,Ransomware,Immediately isolate the endpoint
ALT-005237,207291,2026-07-26 11:33:27,100.0,Critical,Critical,P1,Open,Incident Response Team,Data Exfiltration,Immediately isolate the endpoint
ALT-004466,180540,2026-07-26 11:33:28,99.87,Critical,Critical,P1,Open,Incident Response Team,Ransomware,Immediately isolate the endpoint
ALT-004357,174242,2026-07-26 11:33:38,100.0,Critical,Critical,P1,Open,Incident Response Team,Data Exfiltration,Immediately isolate the endpoint
ALT-003543,127925,2026-07-26 11:33:49,100.0,Critical,Critical,P1,Resolved,Incident Response Team,Malware Infection,Immediately isolate the endpoint
ALT-000097,2648,2026-07-26 11:33:55,99.1,Critical,Critical,P1,Open,Incident Response Team,Data Exfiltration,Immediately isolate the endpoint
ALT-003335,120110,2026-07-26 11:34:05,96.96,Critical,Critical,P1,Investigating,Incident Response Team,Malware Infection,Immediately isolate the endpoint
ALT-000479,17636,2026-07-26 11:34:25,99.42,Critical,Critical,P1,Open,Incident Response Team,Ransomware,Immediately isolate the endpoint
ALT-003133,112212,2026-07-26 11:34:41,27.16,Medium,Low,P3,Investigating,Tier-1 SOC Analyst,Reconnaissance,Investigate suspicious activity
ALT-005469,214398,2026-07-26 11:34:51,100.0,Critical,Critical,P1,Open,Incident Response Team,Privilege Escalation,Immediately isolate the endpoint
ALT-005857,231197,2026-07-26 11:34:51,100.0,Critical,Critical,P1,Resolved,Incident Response Team,Malware Infection,Immediately isolate the endpoint
ALT-001659,58841,2026-07-26 11:34:58,100.0,Critical,Critical,P1,Open,Incident Response Team,Malware Infection,Immediately isolate the endpoint
ALT-003185,114388,2026-07-26 11:35:11,100.0,Critical,Critical,P1,Open,Incident Response Team,Privilege Escalation,Immediately isolate the endpoint
ALT-003713,137606,2026-07-26 11:35:27,100.0,Critical,Critical,P1,Open,Incident Response Team,Data Exfiltration,Immediately isolate the endpoint
ALT-001967,66034,2026-07-26 11:35:32,57.63,High,Medium,P2,Open,Tier-2 SOC Analyst,Brute Force Attack,Notify security team
ALT-000134,4195,2026-07-26 11:35:46,100.0,Critical,Critical,P1,Open,Incident Response Team,Ransomware,Immediately isolate the endpoint
ALT-005759,229618,2026-07-26 11:36:04,100.0,Critical,Critical,P1,Open,Incident Response Team,Data Exfiltration,Immediately isolate the endpoint
ALT-002449,85074,2026-07-26 11:36:13,100.0,Critical,Critical,P1,Investigating,Incident Response Team,Data Exfiltration,Immediately isolate the endpoint
ALT-000980,38877,2026-07-26 11:36:25,100.0,Critical,Critical,P1,Open,Incident Response Team,Ransomware,Immediately isolate the endpoint
ALT-004943,202258,2026-07-26 11:36:47,100.0,Critical,Critical,P1,Open,Incident Response Team,Data Exfiltration,Immediately isolate the endpoint
ALT-006007,233875,2026-07-26 11:36:47,100.0,Critical,Critical,P1,Investigating,Incident Response Team,Data Exfiltration,Immediately isolate the endpoint
ALT-001123,44842,2026-07-26 11:36:49,33.71,Medium,Low,P3,Investigating,Tier-1 SOC Analyst,Reconnaissance,Investigate suspicious activity
ALT-005095,203666,2026-07-26 11:36:55,100.0,Critical,Critical,P1,Open,Incident Response Team,Privilege Escalation,Immediately isolate the endpoint
ALT-004286,167681,2026-07-26 11:37:00,99.93,Critical,Critical,P1,Open,Incident Response Team,Ransomware,Immediately isolate the endpoint
ALT-002230,77687,2026-07-26 11:37:16,100.0,Critical,Critical,P1,Open,Incident Response Team,Malware Infection,Immediately isolate the endpoint
ALT-002976,108730,2026-07-26 11:37:27,99.96,Critical,Critical,P1,Investigating,Incident Response Team,Ransomware,Immediately isolate the endpoint
ALT-005206,206033,2026-07-26 11:37:31,100.0,Critical,Critical,P1,Investigating,Incident Response Team,Ransomware,Immediately isolate the endpoint
ALT-004399,176650,2026-07-26 11:37:48,100.0,Critical,Critical,P1,Open,Incident Response Team,Data Exfiltration,Immediately isolate the endpoint
ALT-002165,75885,2026-07-26 11:37:59,39.31,Medium,Low,P3,Investigating,Tier-1 SOC Analyst,Policy Violation,Investigate suspicious activity
ALT-000953,38850,2026-07-26 11:37:59,100.0,Critical,Critical,P1,Investigating,Incident Response Team,Privilege Escalation,Immediately isolate the endpoint
ALT-004154,159373,2026-07-26 11:37:59,99.33,Critical,Critical,P1,Open,Incident Response Team,Privilege Escalation,Immediately isolate the endpoint
ALT-000060,2402,2026-07-26 11:38:28,99.54,Critical,Critical,P1,Investigating,Incident Response Team,Malware Infection,Immediately isolate the endpoint
ALT-002415,84072,2026-07-26 11:38:29,100.0,Critical,Critical,P1,Open,Incident Response Team,Malware Infection,Immediately isolate the endpoint
ALT-001624,57689,2026-07-26 11:38:46,57.27,High,Medium,P2,Open,Tier-2 SOC Analyst,Network Intrusion,Notify security team
ALT-005797,230531,2026-07-26 11:38:47,100.0,Critical,Critical,P1,Open,Incident Response Team,Data Exfiltration,Immediately isolate the endpoint
ALT-004489,181862,2026-07-26 11:38:52,100.0,Critical,Critical,P1,Open,Incident Response Team,Privilege Escalation,Immediately isolate the endpoint
ALT-002714,98272,2026-07-26 11:38:56,100.0,Critical,Critical,P1,Open,Incident Response Team,Privilege Escalation,Immediately isolate the endpoint
ALT-003833,140933,2026-07-26 11:39:01,100.0,Critical,Critical,P1,Resolved,Incident Response Team,Privilege Escalation,Immediately isolate the endpoint
ALT-005352,211001,2026-07-26 11:39:26,49.86,Medium,Low,P3,Open,Tier-1 SOC Analyst,Policy Violation,Investigate suspicious activity
ALT-001030,40486,2026-07-26 11:39:33,100.0,Critical,Critical,P1,Open,Incident Response Team,Malware Infection,Immediately isolate the endpoint
ALT-000096,2647,2026-07-26 11:39:43,99.06,Critical,Critical,P1,Open,Incident Response Team,Malware Infection,Immediately isolate the endpoint
ALT-002440,85065,2026-07-26 11:40:08,100.0,Critical,Critical,P1,Resolved,Incident Response Team,Malware Infection,Immediately isolate the endpoint
ALT-004734,191729,2026-07-26 11:40:17,100.0,Critical,Critical,P1,Open,Incident Response Team,Ransomware,Immediately isolate the endpoint
ALT-005695,225417,2026-07-26 11:40:33,100.0,Critical,Critical,P1,Open,Incident Response Team,Data Exfiltration,Immediately isolate the endpoint
ALT-004358,174243,2026-07-26 11:41:03,100.0,Critical,Critical,P1,Open,Incident Response Team,Data Exfiltration,Immediately isolate the endpoint
ALT-003087,111864,2026-07-26 11:41:07,22.37,Medium,Low,P3,Open,Tier-1 SOC Analyst,Abnormal Traffic,Investigate suspicious activity
ALT-003661,136404,2026-07-26 11:41:25,100.0,Critical,Critical,P1,Resolved,Incident Response Team,Data Exfiltration,Immediately isolate the endpoint
ALT-001499,53841,2026-07-26 11:41:43,56.27,High,Medium,P2,Resolved,Tier-2 SOC Analyst,Suspicious Login,Notify security team
ALT-001747,60633,2026-07-26 11:41:46,100.0,Critical,Critical,P1,Open,Incident Response Team,Privilege Escalation,Immediately isolate the endpoint
ALT-000563,20179,2026-07-26 11:42:12,100.0,Critical,Critical,P1,Resolved,Incident Response Team,Privilege Escalation,Immediately isolate the endpoint
ALT-005826,230629,2026-07-26 11:42:49,91.46,Critical,Critical,P1,Investigating,Incident Response Team,Malware Infection,Immediately isolate the endpoint
ALT-002741,98841,2026-07-26 11:42:50,100.0,Critical,Critical,P1,Investigating,Incident Response Team,Ransomware,Immediately isolate the endpoint
ALT-005988,233153,2026-07-26 11:42:50,100.0,Critical,Critical,P1,Open,Incident Response Team,Privilege Escalation,Immediately isolate the endpoint
ALT-003190,114393,2026-07-26 11:42:55,100.0,Critical,Critical,P1,Open,Incident Response Team,Malware Infection,Immediately isolate the endpoint
ALT-004475,180549,2026-07-26 11:42:57,100.0,Critical,Critical,P1,Open,Incident Response Team,Data Exfiltration,Immediately isolate the endpoint
ALT-000381,13384,2026-07-26 11:43:05,100.0,Critical,Critical,P1,Investigating,Incident Response Team,Ransomware,Immediately isolate the endpoint
ALT-000018,1779,2026-07-26 11:43:20,100.0,Critical,Critical,P1,Open,Incident Response Team,Malware Infection,Immediately isolate the endpoint
ALT-002794,100097,2026-07-26 11:43:30,27.2,Medium,Low,P3,Open,Tier-1 SOC Analyst,Policy Violation,Investigate suspicious activity
ALT-002303,81733,2026-07-26 11:43:39,100.0,Critical,Critical,P1,Open,Incident Response Team,Malware Infection,Immediately isolate the endpoint
ALT-004689,189099,2026-07-26 11:43:43,100.0,Critical,Critical,P1,Investigating,Incident Response Team,Privilege Escalation,Immediately isolate the endpoint
ALT-005132,205570,2026-07-26 11:43:57,98.71,Critical,Critical,P1,Open,Incident Response Team,Data Exfiltration,Immediately isolate the endpoint
ALT-004555,182819,2026-07-26 11:44:05,53.52,High,Medium,P2,Investigating,Tier-2 SOC Analyst,Brute Force Attack,Notify security team
ALT-000507,18979,2026-07-26 11:44:05,100.0,Critical,Critical,P1,Resolved,Incident Response Team,Privilege Escalation,Immediately isolate the endpoint
ALT-000188,5725,2026-07-26 11:44:06,99.96,Critical,Critical,P1,Open,Incident Response Team,Malware Infection,Immediately isolate the endpoint
ALT-002007,67695,2026-07-26 11:44:19,30.03,Medium,Low,P3,Investigating,Tier-1 SOC Analyst,Reconnaissance,Investigate suspicious activity
ALT-004351,174236,2026-07-26 11:44:30,100.0,Critical,Critical,P1,Open,Incident Response Team,Ransomware,Immediately isolate the endpoint
ALT-000717,27228,2026-07-26 11:44:34,100.0,Critical,Critical,P1,Investigating,Incident Response Team,Data Exfiltration,Immediately isolate the endpoint
ALT-000835,31061,2026-07-26 11:44:46,100.0,Critical,Critical,P1,Open,Incident Response Team,Privilege Escalation,Immediately isolate the endpoint
ALT-005421,213234,2026-07-26 11:44:56,100.0,Critical,Critical,P1,Investigating,Incident Response Team,Malware Infection,Immediately isolate the endpoint
ALT-004525,182729,2026-07-26 11:44:57,41.65,Medium,Low,P3,Investigating,Tier-1 SOC Analyst,Reconnaissance,Investigate suspicious activity
ALT-002619,92158,2026-07-26 11:45:26,100.0,Critical,Critical,P1,Resolved,Incident Response Team,Ransomware,Immediately isolate the endpoint
ALT-004606,185259,2026-07-26 11:45:27,100.0,Critical,Critical,P1,Investigating,Incident Response Team,Malware Infection,Immediately isolate the endpoint
ALT-005748,229607,2026-07-26 11:45:32,100.0,Critical,Critical,P1,Open,Incident Response Team,Malware Infection,Immediately isolate the endpoint
ALT-005051,203223,2026-07-26 11:45:34,100.0,Critical,Critical,P1,Investigating,Incident Response Team,Ransomware,Immediately isolate the endpoint
ALT-000212,7749,2026-07-26 11:45:36,100.0,Critical,Critical,P1,Investigating,Incident Response Team,Malware Infection,Immediately isolate the endpoint
ALT-000138,4199,2026-07-26 11:45:47,100.0,Critical,Critical,P1,Open,Incident Response Team,Malware Infection,Immediately isolate the endpoint
ALT-004622,185967,2026-07-26 11:46:04,20.56,Medium,Low,P3,Open,Tier-1 SOC Analyst,Port Scan,Investigate suspicious activity
ALT-002082,70745,2026-07-26 11:46:17,100.0,Critical,Critical,P1,Resolved,Incident Response Team,Malware Infection,Immediately isolate the endpoint
ALT-000608,24911,2026-07-26 11:46:19,100.0,Critical,Critical,P1,Investigating,Incident Response Team,Ransomware,Immediately isolate the endpoint
ALT-005334,210724,2026-07-26 11:46:21,38.42,Medium,Low,P3,Investigating,Tier-1 SOC Analyst,Abnormal Traffic,Investigate suspicious activity
ALT-001502,53844,2026-07-26 11:46:52,51.26,High,Medium,P2,Open,Tier-2 SOC Analyst,Suspicious Login,Notify security team
ALT-000258,9925,2026-07-26 11:46:52,35.44,Medium,Low,P3,Investigating,Tier-1 SOC Analyst,Policy Violation,Investigate suspicious activity
ALT-003703,136960,2026-07-26 11:46:56,100.0,Critical,Critical,P1,Open,Incident Response Team,Ransomware,Immediately isolate the endpoint
ALT-002541,86293,2026-07-26 11:47:00,37.62,Medium,Low,P3,Investigating,Tier-1 SOC Analyst,Abnormal Traffic,Investigate suspicious activity
ALT-001306,49242,2026-07-26 11:47:03,99.85,Critical,Critical,P1,Open,Incident Response Team,Malware Infection,Immediately isolate the endpoint
ALT-001046,41912,2026-07-26 11:47:05,100.0,Critical,Critical,P1,Investigating,Incident Response Team,Ransomware,Immediately isolate the endpoint
ALT-000942,37402,2026-07-26 11:47:57,100.0,Critical,Critical,P1,Resolved,Incident Response Team,Ransomware,Immediately isolate the endpoint
ALT-001137,44856,2026-07-26 11:48:29,40.67,Medium,Low,P3,Open,Tier-1 SOC Analyst,Policy Violation,Investigate suspicious activity
ALT-005119,204242,2026-07-26 11:48:46,100.0,Critical,Critical,P1,Resolved,Incident Response Team,Privilege Escalation,Immediately isolate the endpoint
ALT-002021,67709,2026-07-26 11:48:59,35.07,Medium,Low,P3,Open,Tier-1 SOC Analyst,Policy Violation,Investigate suspicious activity
ALT-000952,38849,2026-07-26 11:49:03,100.0,Critical,Critical,P1,Investigating,Incident Response Team,Data Exfiltration,Immediately isolate the endpoint
ALT-002382,84019,2026-07-26 11:49:36,100.0,Critical,Critical,P1,Investigating,Incident Response Team,Privilege Escalation,Immediately isolate the endpoint
ALT-003374,120556,2026-07-26 11:49:40,100.0,Critical,Critical,P1,Open,Incident Response Team,Ransomware,Immediately isolate the endpoint
ALT-004973,202773,2026-07-26 11:49:41,62.92,High,Medium,P2,Investigating,Tier-2 SOC Analyst,Network Intrusion,Notify security team
ALT-004835,200764,2026-07-26 11:50:39,99.59,Critical,Critical,P1,Investigating,Incident Response Team,Malware Infection,Immediately isolate the endpoint
ALT-003874,142678,2026-07-26 11:50:59,100.0,Critical,Critical,P1,Open,Incident Response Team,Ransomware,Immediately isolate the endpoint
ALT-003730,137623,2026-07-26 11:51:03,77.06,High,Medium,P2,Open,Tier-2 SOC Analyst,Brute Force Attack,Notify security team
ALT-003677,136420,2026-07-26 11:51:09,100.0,Critical,Critical,P1,Investigating,Incident Response Team,Data Exfiltration,Immediately isolate the endpoint
ALT-005868,231208,2026-07-26 11:51:20,100.0,Critical,Critical,P1,Investigating,Incident Response Team,Data Exfiltration,Immediately isolate the endpoint
ALT-005956,232689,2026-07-26 11:51:56,98.72,Critical,Critical,P1,Investigating,Incident Response Team,Ransomware,Immediately isolate the endpoint
ALT-004900,201540,2026-07-26 11:52:05,100.0,Critical,Critical,P1,Investigating,Incident Response Team,Privilege Escalation,Immediately isolate the endpoint
ALT-005870,231210,2026-07-26 11:52:05,100.0,Critical,Critical,P1,Open,Incident Response Team,Ransomware,Immediately isolate the endpoint
ALT-004725,191720,2026-07-26 11:52:13,100.0,Critical,Critical,P1,Investigating,Incident Response Team,Ransomware,Immediately isolate the endpoint
ALT-003354,120129,2026-07-26 11:52:18,97.65,Critical,Critical,P1,Open,Incident Response Team,Privilege Escalation,Immediately isolate the endpoint
ALT-000542,20158,2026-07-26 11:52:51,100.0,Critical,Critical,P1,Open,Incident Response Team,Ransomware,Immediately isolate the endpoint
ALT-004305,169610,2026-07-26 11:53:42,100.0,Critical,Critical,P1,Open,Incident Response Team,Malware Infection,Immediately isolate the endpoint
ALT-000508,18980,2026-07-26 11:53:49,100.0,Critical,Critical,P1,Open,Incident Response Team,Ransomware,Immediately isolate the endpoint
ALT-003364,120139,2026-07-26 11:53:52,98.04,Critical,Critical,P1,Open,Incident Response Team,Malware Infection,Immediately isolate the endpoint
ALT-002056,70472,2026-07-26 11:54:01,99.92,Critical,Critical,P1,Open,Incident Response Team,Data Exfiltration,Immediately isolate the endpoint
ALT-002843,103813,2026-07-26 11:54:28,99.51,Critical,Critical,P1,Investigating,Incident Response Team,Ransomware,Immediately isolate the endpoint
ALT-006153,238107,2026-07-26 11:54:33,100.0,Critical,Critical,P1,Open,Incident Response Team,Malware Infection,Immediately isolate the endpoint
ALT-005075,203435,2026-07-26 11:54:35,100.0,Critical,Critical,P1,Open,Incident Response Team,Malware Infection,Immediately isolate the endpoint
ALT-001640,58822,2026-07-26 11:54:41,100.0,Critical,Critical,P1,Open,Incident Response Team,Data Exfiltration,Immediately isolate the endpoint
ALT-004871,201011,2026-07-26 11:55:14,59.81,High,Medium,P2,Open,Tier-2 SOC Analyst,Unauthorized Access,Notify security team
ALT-001049,41915,2026-07-26 11:55:47,100.0,Critical,Critical,P1,Open,Incident Response Team,Ransomware,Immediately isolate the endpoint
ALT-003067,110874,2026-07-26 11:55:57,100.0,Critical,Critical,P1,Open,Incident Response Team,Privilege Escalation,Immediately isolate the endpoint
ALT-001673,58897,2026-07-26 11:56:11,98.96,Critical,Critical,P1,Investigating,Incident Response Team,Privilege Escalation,Immediately isolate the endpoint
ALT-006136,238090,2026-07-26 11:56:12,100.0,Critical,Critical,P1,Investigating,Incident Response Team,Ransomware,Immediately isolate the endpoint
ALT-003421,121716,2026-07-26 11:56:13,70.93,High,Medium,P2,Investigating,Tier-2 SOC Analyst,Network Intrusion,Notify security team
ALT-004639,186288,2026-07-26 11:56:36,100.0,Critical,Critical,P1,Open,Incident Response Team,Data Exfiltration,Immediately isolate the endpoint
ALT-004106,158844,2026-07-26 11:56:38,99.36,Critical,Critical,P1,Open,Incident Response Team,Data Exfiltration,Immediately isolate the endpoint
ALT-001874,63871,2026-07-26 11:56:41,27.26,Medium,Low,P3,Investigating,Tier-1 SOC Analyst,Abnormal Traffic,Investigate suspicious activity
ALT-001684,60020,2026-07-26 11:56:49,100.0,Critical,Critical,P1,Open,Incident Response Team,Ransomware,Immediately isolate the endpoint
ALT-003457,123158,2026-07-26 11:57:22,100.0,Critical,Critical,P1,Open,Incident Response Team,Data Exfiltration,Immediately isolate the endpoint
ALT-000855,32747,2026-07-26 11:57:29,100.0,Critical,Critical,P1,Open,Incident Response Team,Privilege Escalation,Immediately isolate the endpoint
ALT-002404,84061,2026-07-26 11:57:36,100.0,Critical,Critical,P1,Open,Incident Response Team,Ransomware,Immediately isolate the endpoint
ALT-001603,57489,2026-07-26 11:57:38,100.0,Critical,Critical,P1,Open,Incident Response Team,Malware Infection,Immediately isolate the endpoint
ALT-005459,214388,2026-07-26 11:57:48,100.0,Critical,Critical,P1,Open,Incident Response Team,Data Exfiltration,Immediately isolate the endpoint
ALT-003705,136962,2026-07-26 11:57:54,100.0,Critical,Critical,P1,Open,Incident Response Team,Privilege Escalation,Immediately isolate the endpoint
ALT-004846,200775,2026-07-26 11:57:57,99.51,Critical,Critical,P1,Open,Incident Response Team,Data Exfiltration,Immediately isolate the endpoint
ALT-001894,64102,2026-07-26 11:58:26,97.25,Critical,Critical,P1,Investigating,Incident Response Team,Ransomware,Immediately isolate the endpoint
ALT-003792,139049,2026-07-26 11:58:31,25.27,Medium,Low,P3,Investigating,Tier-1 SOC Analyst,Abnormal Traffic,Investigate suspicious activity
ALT-004529,182735,2026-07-26 11:58:32,35.29,Medium,Low,P3,Investigating,Tier-1 SOC Analyst,Abnormal Traffic,Investigate suspicious activity
ALT-004192,160520,2026-07-26 11:58:54,100.0,Critical,Critical,P1,Investigating,Incident Response Team,Malware Infection,Immediately isolate the endpoint
ALT-001860,63857,2026-07-26 11:59:39,28.24,Medium,Low,P3,Resolved,Tier-1 SOC Analyst,Port Scan,Investigate suspicious activity
ALT-003817,140917,2026-07-26 12:00:20,100.0,Critical,Critical,P1,Open,Incident Response Team,Malware Infection,Immediately isolate the endpoint
ALT-003283,117571,2026-07-26 12:00:34,100.0,Critical,Critical,P1,Open,Incident Response Team,Privilege Escalation,Immediately isolate the endpoint
ALT-000981,38878,2026-07-26 12:00:41,100.0,Critical,Critical,P1,Open,Incident Response Team,Ransomware,Immediately isolate the endpoint
ALT-003802,140902,2026-07-26 12:00:52,100.0,Critical,Critical,P1,Investigating,Incident Response Team,Privilege Escalation,Immediately isolate the endpoint
ALT-005505,216239,2026-07-26 12:00:54,99.47,Critical,Critical,P1,Investigating,Incident Response Team,Ransomware,Immediately isolate the endpoint
ALT-004908,201548,2026-07-26 12:01:07,100.0,Critical,Critical,P1,Open,Incident Response Team,Ransomware,Immediately isolate the endpoint
ALT-002760,99587,2026-07-26 12:01:25,48.59,Medium,Low,P3,Resolved,Tier-1 SOC Analyst,Port Scan,Investigate suspicious activity
ALT-004011,152953,2026-07-26 12:01:26,100.0,Critical,Critical,P1,Open,Incident Response Team,Data Exfiltration,Immediately isolate the endpoint
ALT-001479,53821,2026-07-26 12:01:40,53.13,High,Medium,P2,Resolved,Tier-2 SOC Analyst,Network Intrusion,Notify security team
ALT-000957,38854,2026-07-26 12:01:48,100.0,Critical,Critical,P1,Open,Incident Response Team,Data Exfiltration,Immediately isolate the endpoint
ALT-004054,155193,2026-07-26 12:02:21,99.74,Critical,Critical,P1,Open,Incident Response Team,Malware Infection,Immediately isolate the endpoint
ALT-004397,176648,2026-07-26 12:02:22,100.0,Critical,Critical,P1,Open,Incident Response Team,Ransomware,Immediately isolate the endpoint
ALT-004109,158847,2026-07-26 12:03:24,99.31,Critical,Critical,P1,Open,Incident Response Team,Data Exfiltration,Immediately isolate the endpoint
ALT-002427,84084,2026-07-26 12:03:26,100.0,Critical,Critical,P1,Open,Incident Response Team,Ransomware,Immediately isolate the endpoint
ALT-001687,60023,2026-07-26 12:03:31,100.0,Critical,Critical,P1,Open,Incident Response Team,Data Exfiltration,Immediately isolate the endpoint
ALT-003487,126464,2026-07-26 12:03:52,97.83,Critical,Critical,P1,Investigating,Incident Response Team,Malware Infection,Immediately isolate the endpoint
ALT-000561,20177,2026-07-26 12:03:56,100.0,Critical,Critical,P1,Open,Incident Response Team,Privilege Escalation,Immediately isolate the endpoint
ALT-005646,225038,2026-07-26 12:03:56,100.0,Critical,Critical,P1,Open,Incident Response Team,Ransomware,Immediately isolate the endpoint
ALT-002938,107968,2026-07-26 12:04:19,100.0,Critical,Critical,P1,Investigating,Incident Response Team,Data Exfiltration,Immediately isolate the endpoint
ALT-000490,17647,2026-07-26 12:04:57,100.0,Critical,Critical,P1,Investigating,Incident Response Team,Malware Infection,Immediately isolate the endpoint
ALT-004176,160504,2026-07-26 12:05:31,100.0,Critical,Critical,P1,Open,Incident Response Team,Data Exfiltration,Immediately isolate the endpoint
ALT-000464,15578,2026-07-26 12:05:40,100.0,Critical,Critical,P1,Open,Incident Response Team,Data Exfiltration,Immediately isolate the endpoint
ALT-004702,189112,2026-07-26 12:05:54,100.0,Critical,Critical,P1,Open,Incident Response Team,Malware Infection,Immediately isolate the endpoint
ALT-005904,231392,2026-07-26 12:06:09,100.0,Critical,Critical,P1,Open,Incident Response Team,Ransomware,Immediately isolate the endpoint
ALT-003413,121708,2026-07-26 12:06:09,63.15,High,Medium,P2,Investigating,Tier-2 SOC Analyst,Suspicious Login,Notify security team
ALT-003813,140913,2026-07-26 12:06:26,100.0,Critical,Critical,P1,Open,Incident Response Team,Malware Infection,Immediately isolate the endpoint
ALT-005789,229997,2026-07-26 12:06:30,100.0,Critical,Critical,P1,Open,Incident Response Team,Data Exfiltration,Immediately isolate the endpoint
ALT-006021,233889,2026-07-26 12:06:54,100.0,Critical,Critical,P1,Investigating,Incident Response Team,Malware Infection,Immediately isolate the endpoint
ALT-003780,139035,2026-07-26 12:07:01,26.87,Medium,Low,P3,Open,Tier-1 SOC Analyst,Reconnaissance,Investigate suspicious activity
ALT-004361,174246,2026-07-26 12:07:22,100.0,Critical,Critical,P1,Open,Incident Response Team,Malware Infection,Immediately isolate the endpoint
ALT-004007,152949,2026-07-26 12:07:45,100.0,Critical,Critical,P1,Open,Incident Response Team,Privilege Escalation,Immediately isolate the endpoint
ALT-005363,211013,2026-07-26 12:08:17,28.0,Medium,Low,P3,Resolved,Tier-1 SOC Analyst,Reconnaissance,Investigate suspicious activity
ALT-002445,85070,2026-07-26 12:08:21,100.0,Critical,Critical,P1,Open,Incident Response Team,Data Exfiltration,Immediately isolate the endpoint
ALT-002882,105090,2026-07-26 12:08:39,100.0,Critical,Critical,P1,Investigating,Incident Response Team,Malware Infection,Immediately isolate the endpoint
ALT-005047,203219,2026-07-26 12:09:01,100.0,Critical,Critical,P1,Open,Incident Response Team,Data Exfiltration,Immediately isolate the endpoint
ALT-002464,85089,2026-07-26 12:09:54,100.0,Critical,Critical,P1,Open,Incident Response Team,Data Exfiltration,Immediately isolate the endpoint
ALT-004881,201419,2026-07-26 12:10:12,24.93,Medium,Low,P3,Investigating,Tier-1 SOC Analyst,Abnormal Traffic,Investigate suspicious activity
ALT-004111,158849,2026-07-26 12:10:25,99.18,Critical,Critical,P1,Resolved,Incident Response Team,Malware Infection,Immediately isolate the endpoint
ALT-002527,86279,2026-07-26 12:10:29,39.71,Medium,Low,P3,Investigating,Tier-1 SOC Analyst,Policy Violation,Investigate suspicious activity
ALT-004437,177901,2026-07-26 12:10:55,98.06,Critical,Critical,P1,Investigating,Incident Response Team,Malware Infection,Immediately isolate the endpoint
ALT-001057,41923,2026-07-26 12:10:56,100.0,Critical,Critical,P1,Investigating,Incident Response Team,Ransomware,Immediately isolate the endpoint
ALT-005674,225189,2026-07-26 12:11:06,100.0,Critical,Critical,P1,Open,Incident Response Team,Privilege Escalation,Immediately isolate the endpoint
ALT-005292,210577,2026-07-26 12:11:10,99.23,Critical,Critical,P1,Open,Incident Response Team,Malware Infection,Immediately isolate the endpoint
ALT-004233,166305,2026-07-26 12:11:11,100.0,Critical,Critical,P1,Investigating,Incident Response Team,Malware Infection,Immediately isolate the endpoint
ALT-004367,174252,2026-07-26 12:11:38,100.0,Critical,Critical,P1,Open,Incident Response Team,Malware Infection,Immediately isolate the endpoint
ALT-001320,49256,2026-07-26 12:11:42,99.9,Critical,Critical,P1,Investigating,Incident Response Team,Privilege Escalation,Immediately isolate the endpoint
ALT-000533,19838,2026-07-26 12:11:55,99.07,Critical,Critical,P1,Resolved,Incident Response Team,Data Exfiltration,Immediately isolate the endpoint
ALT-002115,70778,2026-07-26 12:12:09,100.0,Critical,Critical,P1,Open,Incident Response Team,Ransomware,Immediately isolate the endpoint
ALT-005496,216230,2026-07-26 12:12:42,99.41,Critical,Critical,P1,Open,Incident Response Team,Privilege Escalation,Immediately isolate the endpoint
ALT-000102,2653,2026-07-26 12:12:50,99.2,Critical,Critical,P1,Investigating,Incident Response Team,Data Exfiltration,Immediately isolate the endpoint
ALT-005158,205596,2026-07-26 12:13:04,99.24,Critical,Critical,P1,Open,Incident Response Team,Data Exfiltration,Immediately isolate the endpoint
ALT-004590,185243,2026-07-26 12:13:05,100.0,Critical,Critical,P1,Investigating,Incident Response Team,Privilege Escalation,Immediately isolate the endpoint
ALT-002029,69528,2026-07-26 12:13:09,100.0,Critical,Critical,P1,Open,Incident Response Team,Malware Infection,Immediately isolate the endpoint
ALT-002650,95368,2026-07-26 12:13:20,59.58,High,Medium,P2,Investigating,Tier-2 SOC Analyst,Unauthorized Access,Notify security team
ALT-002191,75912,2026-07-26 12:13:20,26.65,Medium,Low,P3,Open,Tier-1 SOC Analyst,Reconnaissance,Investigate suspicious activity
ALT-005803,230537,2026-07-26 12:13:24,100.0,Critical,Critical,P1,Investigating,Incident Response Team,Malware Infection,Immediately isolate the endpoint
ALT-002225,77682,2026-07-26 12:13:31,100.0,Critical,Critical,P1,Open,Incident Response Team,Malware Infection,Immediately isolate the endpoint
ALT-000441,15555,2026-07-26 12:13:32,100.0,Critical,Critical,P1,Open,Incident Response Team,Ransomware,Immediately isolate the endpoint
ALT-003174,114377,2026-07-26 12:13:38,100.0,Critical,Critical,P1,Open,Incident Response Team,Data Exfiltration,Immediately isolate the endpoint
ALT-005929,232139,2026-07-26 12:14:21,99.97,Critical,Critical,P1,Investigating,Incident Response Team,Malware Infection,Immediately isolate the endpoint
ALT-003629,135882,2026-07-26 12:14:25,99.52,Critical,Critical,P1,Investigating,Incident Response Team,Data Exfiltration,Immediately isolate the endpoint
ALT-004873,201013,2026-07-26 12:14:43,52.88,High,Medium,P2,Open,Tier-2 SOC Analyst,Suspicious Login,Notify security team
ALT-004148,159367,2026-07-26 12:14:51,100.0,Critical,Critical,P1,Open,Incident Response Team,Malware Infection,Immediately isolate the endpoint
ALT-004820,200749,2026-07-26 12:15:03,99.48,Critical,Critical,P1,Open,Incident Response Team,Ransomware,Immediately isolate the endpoint
ALT-002239,77696,2026-07-26 12:15:24,100.0,Critical,Critical,P1,Investigating,Incident Response Team,Ransomware,Immediately isolate the endpoint
ALT-002168,75888,2026-07-26 12:15:35,34.66,Medium,Low,P3,Investigating,Tier-1 SOC Analyst,Reconnaissance,Investigate suspicious activity
ALT-003123,112202,2026-07-26 12:16:05,44.62,Medium,Low,P3,Open,Tier-1 SOC Analyst,Policy Violation,Investigate suspicious activity
ALT-001315,49251,2026-07-26 12:16:13,99.75,Critical,Critical,P1,Open,Incident Response Team,Data Exfiltration,Immediately isolate the endpoint
ALT-000519,19824,2026-07-26 12:16:27,100.0,Critical,Critical,P1,Open,Incident Response Team,Privilege Escalation,Immediately isolate the endpoint
ALT-001744,60630,2026-07-26 12:16:38,100.0,Critical,Critical,P1,Open,Incident Response Team,Malware Infection,Immediately isolate the endpoint
ALT-000811,30530,2026-07-26 12:16:38,100.0,Critical,Critical,P1,Open,Incident Response Team,Malware Infection,Immediately isolate the endpoint
ALT-000231,9488,2026-07-26 12:16:48,100.0,Critical,Critical,P1,Resolved,Incident Response Team,Privilege Escalation,Immediately isolate the endpoint
ALT-002803,100111,2026-07-26 12:16:50,42.96,Medium,Low,P3,Open,Tier-1 SOC Analyst,Port Scan,Investigate suspicious activity
ALT-000685,27012,2026-07-26 12:17:02,100.0,Critical,Critical,P1,Investigating,Incident Response Team,Malware Infection,Immediately isolate the endpoint
ALT-005534,216606,2026-07-26 12:17:17,33.0,Medium,Low,P3,Open,Tier-1 SOC Analyst,Port Scan,Investigate suspicious activity
ALT-004810,199631,2026-07-26 12:17:39,100.0,Critical,Critical,P1,Open,Incident Response Team,Malware Infection,Immediately isolate the endpoint
ALT-000875,34285,2026-07-26 12:17:40,100.0,Critical,Critical,P1,Investigating,Incident Response Team,Ransomware,Immediately isolate the endpoint
ALT-003506,126663,2026-07-26 12:18:11,98.58,Critical,Critical,P1,Investigating,Incident Response Team,Data Exfiltration,Immediately isolate the endpoint
ALT-001364,51478,2026-07-26 12:18:29,100.0,Critical,Critical,P1,Resolved,Incident Response Team,Privilege Escalation,Immediately isolate the endpoint
ALT-005697,225419,2026-07-26 12:18:41,100.0,Critical,Critical,P1,Open,Incident Response Team,Privilege Escalation,Immediately isolate the endpoint
ALT-004849,200989,2026-07-26 12:18:42,54.64,High,Medium,P2,Open,Tier-2 SOC Analyst,Unauthorized Access,Notify security team
ALT-002252,78464,2026-07-26 12:19:09,35.69,Medium,Low,P3,Investigating,Tier-1 SOC Analyst,Abnormal Traffic,Investigate suspicious activity
ALT-004177,160505,2026-07-26 12:19:15,100.0,Critical,Critical,P1,Open,Incident Response Team,Ransomware,Immediately isolate the endpoint
ALT-004802,199623,2026-07-26 12:19:28,100.0,Critical,Critical,P1,Open,Incident Response Team,Data Exfiltration,Immediately isolate the endpoint
ALT-003173,114376,2026-07-26 12:19:30,100.0,Critical,Critical,P1,Open,Incident Response Team,Malware Infection,Immediately isolate the endpoint
ALT-000521,19826,2026-07-26 12:19:52,98.92,Critical,Critical,P1,Open,Incident Response Team,Malware Infection,Immediately isolate the endpoint
ALT-000050,2392,2026-07-26 12:20:12,99.46,Critical,Critical,P1,Investigating,Incident Response Team,Data Exfiltration,Immediately isolate the endpoint
ALT-001855,63375,2026-07-26 12:20:19,99.86,Critical,Critical,P1,Open,Incident Response Team,Privilege Escalation,Immediately isolate the endpoint
ALT-004420,176921,2026-07-26 12:20:50,100.0,Critical,Critical,P1,Open,Incident Response Team,Data Exfiltration,Immediately isolate the endpoint
ALT-005611,223404,2026-07-26 12:20:57,99.94,Critical,Critical,P1,Open,Incident Response Team,Ransomware,Immediately isolate the endpoint
ALT-003672,136415,2026-07-26 12:20:59,100.0,Critical,Critical,P1,Open,Incident Response Team,Privilege Escalation,Immediately isolate the endpoint
ALT-005398,213165,2026-07-26 12:21:18,100.0,Critical,Critical,P1,Open,Incident Response Team,Privilege Escalation,Immediately isolate the endpoint
ALT-005578,218204,2026-07-26 12:21:21,99.97,Critical,Critical,P1,Open,Incident Response Team,Privilege Escalation,Immediately isolate the endpoint
ALT-001853,63373,2026-07-26 12:21:35,99.86,Critical,Critical,P1,Open,Incident Response Team,Privilege Escalation,Immediately isolate the endpoint
ALT-003917,147623,2026-07-26 12:22:28,100.0,Critical,Critical,P1,Investigating,Incident Response Team,Privilege Escalation,Immediately isolate the endpoint
ALT-004874,201411,2026-07-26 12:22:41,30.27,Medium,Low,P3,Open,Tier-1 SOC Analyst,Reconnaissance,Investigate suspicious activity
ALT-002562,90727,2026-07-26 12:23:08,100.0,Critical,Critical,P1,Open,Incident Response Team,Malware Infection,Immediately isolate the endpoint
ALT-004056,155195,2026-07-26 12:23:27,99.68,Critical,Critical,P1,Investigating,Incident Response Team,Malware Infection,Immediately isolate the endpoint
ALT-001198,45477,2026-07-26 12:23:45,100.0,Critical,Critical,P1,Investigating,Incident Response Team,Malware Infection,Immediately isolate the endpoint
ALT-006075,234877,2026-07-26 12:23:45,100.0,Critical,Critical,P1,Open,Incident Response Team,Privilege Escalation,Immediately isolate the endpoint
ALT-000853,32745,2026-07-26 12:23:48,100.0,Critical,Critical,P1,Open,Incident Response Team,Privilege Escalation,Immediately isolate the endpoint
ALT-004017,154634,2026-07-26 12:24:19,50.55,High,Medium,P2,Open,Tier-2 SOC Analyst,Unauthorized Access,Notify security team
ALT-005698,225420,2026-07-26 12:24:35,100.0,Critical,Critical,P1,Investigating,Incident Response Team,Ransomware,Immediately isolate the endpoint
ALT-004612,185265,2026-07-26 12:24:54,100.0,Critical,Critical,P1,Resolved,Incident Response Team,Data Exfiltration,Immediately isolate the endpoint
ALT-002873,104016,2026-07-26 12:25:34,100.0,Critical,Critical,P1,Investigating,Incident Response Team,Ransomware,Immediately isolate the endpoint
ALT-004941,201976,2026-07-26 12:25:49,100.0,Critical,Critical,P1,Open,Incident Response Team,Privilege Escalation,Immediately isolate the endpoint
ALT-001963,66030,2026-07-26 12:25:49,78.24,High,Medium,P2,Investigating,Tier-2 SOC Analyst,Suspicious Login,Notify security team
ALT-004809,199630,2026-07-26 12:26:00,100.0,Critical,Critical,P1,Open,Incident Response Team,Malware Infection,Immediately isolate the endpoint
ALT-004710,189120,2026-07-26 12:26:20,100.0,Critical,Critical,P1,Open,Incident Response Team,Privilege Escalation,Immediately isolate the endpoint
ALT-002975,108729,2026-07-26 12:26:33,100.0,Critical,Critical,P1,Open,Incident Response Team,Ransomware,Immediately isolate the endpoint
ALT-005420,213233,2026-07-26 12:26:39,100.0,Critical,Critical,P1,Resolved,Incident Response Team,Data Exfiltration,Immediately isolate the endpoint
ALT-005975,232708,2026-07-26 12:26:49,98.81,Critical,Critical,P1,Open,Incident Response Team,Data Exfiltration,Immediately isolate the endpoint
ALT-003918,147624,2026-07-26 12:27:01,100.0,Critical,Critical,P1,Investigating,Incident Response Team,Malware Infection,Immediately isolate the endpoint
ALT-001558,55928,2026-07-26 12:27:23,100.0,Critical,Critical,P1,Open,Incident Response Team,Data Exfiltration,Immediately isolate the endpoint
ALT-003226,114596,2026-07-26 12:27:38,98.18,Critical,Critical,P1,Open,Incident Response Team,Data Exfiltration,Immediately isolate the endpoint
ALT-000369,13372,2026-07-26 12:28:00,100.0,Critical,Critical,P1,Open,Incident Response Team,Data Exfiltration,Immediately isolate the endpoint
ALT-000781,29910,2026-07-26 12:28:01,100.0,Critical,Critical,P1,Open,Incident Response Team,Malware Infection,Immediately isolate the endpoint
ALT-006047,234094,2026-07-26 12:28:14,100.0,Critical,Critical,P1,Investigating,Incident Response Team,Ransomware,Immediately isolate the endpoint
ALT-004188,160516,2026-07-26 12:28:18,100.0,Critical,Critical,P1,Open,Incident Response Team,Ransomware,Immediately isolate the endpoint
ALT-003220,114590,2026-07-26 12:28:23,98.22,Critical,Critical,P1,Investigating,Incident Response Team,Malware Infection,Immediately isolate the endpoint
ALT-002233,77690,2026-07-26 12:28:32,100.0,Critical,Critical,P1,Investigating,Incident Response Team,Data Exfiltration,Immediately isolate the endpoint
ALT-004229,166189,2026-07-26 12:28:46,100.0,Critical,Critical,P1,Resolved,Incident Response Team,Malware Infection,Immediately isolate the endpoint
ALT-001936,65925,2026-07-26 12:28:53,100.0,Critical,Critical,P1,Open,Incident Response Team,Privilege Escalation,Immediately isolate the endpoint
ALT-000486,17643,2026-07-26 12:29:03,99.37,Critical,Critical,P1,Open,Incident Response Team,Privilege Escalation,Immediately isolate the endpoint
ALT-004866,201006,2026-07-26 12:29:28,47.64,Medium,Low,P3,Open,Tier-1 SOC Analyst,Reconnaissance,Investigate suspicious activity
ALT-000045,2387,2026-07-26 12:29:33,98.07,Critical,Critical,P1,Resolved,Incident Response Team,Privilege Escalation,Immediately isolate the endpoint
ALT-005564,218190,2026-07-26 12:30:15,99.97,Critical,Critical,P1,Resolved,Incident Response Team,Ransomware,Immediately isolate the endpoint
ALT-001440,52864,2026-07-26 12:30:30,53.01,High,Medium,P2,Open,Tier-2 SOC Analyst,Brute Force Attack,Notify security team
ALT-005045,203217,2026-07-26 12:30:38,100.0,Critical,Critical,P1,Investigating,Incident Response Team,Data Exfiltration,Immediately isolate the endpoint
ALT-003687,136944,2026-07-26 12:31:18,100.0,Critical,Critical,P1,Open,Incident Response Team,Data Exfiltration,Immediately isolate the endpoint
ALT-006004,233169,2026-07-26 12:31:39,100.0,Critical,Critical,P1,Investigating,Incident Response Team,Malware Infection,Immediately isolate the endpoint
ALT-001152,44901,2026-07-26 12:31:47,66.79,High,Medium,P2,Open,Tier-2 SOC Analyst,Unauthorized Access,Notify security team
ALT-002897,105105,2026-07-26 12:31:58,100.0,Critical,Critical,P1,Investigating,Incident Response Team,Ransomware,Immediately isolate the endpoint
ALT-003585,130598,2026-07-26 12:32:07,100.0,Critical,Critical,P1,Open,Incident Response Team,Data Exfiltration,Immediately isolate the endpoint
ALT-000285,10073,2026-07-26 12:32:32,100.0,Critical,Critical,P1,Investigating,Incident Response Team,Data Exfiltration,Immediately isolate the endpoint
ALT-002424,84081,2026-07-26 12:32:58,100.0,Critical,Critical,P1,Investigating,Incident Response Team,Data Exfiltration,Immediately isolate the endpoint
ALT-004160,159379,2026-07-26 12:33:10,99.37,Critical,Critical,P1,Investigating,Incident Response Team,Privilege Escalation,Immediately isolate the endpoint
ALT-001290,47214,2026-07-26 12:33:12,58.43,High,Medium,P2,Open,Tier-2 SOC Analyst,Network Intrusion,Notify security team
ALT-004199,166159,2026-07-26 12:33:18,100.0,Critical,Critical,P1,Open,Incident Response Team,Data Exfiltration,Immediately isolate the endpoint
ALT-001222,45984,2026-07-26 12:33:19,100.0,Critical,Critical,P1,Open,Incident Response Team,Data Exfiltration,Immediately isolate the endpoint
ALT-003028,109481,2026-07-26 12:33:33,100.0,Critical,Critical,P1,Open,Incident Response Team,Malware Infection,Immediately isolate the endpoint
ALT-005876,231364,2026-07-26 12:33:39,100.0,Critical,Critical,P1,Open,Incident Response Team,Ransomware,Immediately isolate the endpoint
ALT-001342,50377,2026-07-26 12:33:46,99.91,Critical,Critical,P1,Resolved,Incident Response Team,Privilege Escalation,Immediately isolate the endpoint
ALT-001396,52550,2026-07-26 12:33:54,55.31,High,Medium,P2,Open,Tier-2 SOC Analyst,Brute Force Attack,Notify security team
ALT-006010,233878,2026-07-26 12:34:01,100.0,Critical,Critical,P1,Open,Incident Response Team,Malware Infection,Immediately isolate the endpoint
ALT-000682,27009,2026-07-26 12:34:12,100.0,Critical,Critical,P1,Open,Incident Response Team,Ransomware,Immediately isolate the endpoint
ALT-002426,84083,2026-07-26 12:34:41,100.0,Critical,Critical,P1,Open,Incident Response Team,Privilege Escalation,Immediately isolate the endpoint
ALT-002658,95434,2026-07-26 12:34:53,100.0,Critical,Critical,P1,Investigating,Incident Response Team,Privilege Escalation,Immediately isolate the endpoint
ALT-006138,238092,2026-07-26 12:35:01,100.0,Critical,Critical,P1,Open,Incident Response Team,Data Exfiltration,Immediately isolate the endpoint
ALT-000341,13144,2026-07-26 12:35:03,100.0,Critical,Critical,P1,Resolved,Incident Response Team,Privilege Escalation,Immediately isolate the endpoint
ALT-000555,20171,2026-07-26 12:35:14,100.0,Critical,Critical,P1,Open,Incident Response Team,Privilege Escalation,Immediately isolate the endpoint
ALT-000129,4190,2026-07-26 12:35:22,100.0,Critical,Critical,P1,Resolved,Incident Response Team,Privilege Escalation,Immediately isolate the endpoint
ALT-000027,2369,2026-07-26 12:35:27,98.41,Critical,Critical,P1,Investigating,Incident Response Team,Data Exfiltration,Immediately isolate the endpoint
ALT-004277,167672,2026-07-26 12:35:46,99.91,Critical,Critical,P1,Open,Incident Response Team,Ransomware,Immediately isolate the endpoint
ALT-004274,167669,2026-07-26 12:36:03,99.66,Critical,Critical,P1,Resolved,Incident Response Team,Privilege Escalation,Immediately isolate the endpoint
ALT-005390,213157,2026-07-26 12:36:03,100.0,Critical,Critical,P1,Open,Incident Response Team,Data Exfiltration,Immediately isolate the endpoint
ALT-004910,201550,2026-07-26 12:36:08,99.99,Critical,Critical,P1,Investigating,Incident Response Team,Malware Infection,Immediately isolate the endpoint
ALT-004913,201553,2026-07-26 12:36:15,100.0,Critical,Critical,P1,Open,Incident Response Team,Data Exfiltration,Immediately isolate the endpoint
ALT-005971,232704,2026-07-26 12:37:05,100.0,Critical,Critical,P1,Investigating,Incident Response Team,Privilege Escalation,Immediately isolate the endpoint
ALT-000336,13139,2026-07-26 12:37:11,100.0,Critical,Critical,P1,Investigating,Incident Response Team,Malware Infection,Immediately isolate the endpoint
ALT-000154,4893,2026-07-26 12:37:42,96.17,Critical,Critical,P1,Investigating,Incident Response Team,Malware Infection,Immediately isolate the endpoint
ALT-002123,74310,2026-07-26 12:39:00,100.0,Critical,Critical,P1,Investigating,Incident Response Team,Privilege Escalation,Immediately isolate the endpoint
ALT-003100,111878,2026-07-26 12:39:27,34.56,Medium,Low,P3,Open,Tier-1 SOC Analyst,Policy Violation,Investigate suspicious activity
ALT-001215,45977,2026-07-26 12:39:43,100.0,Critical,Critical,P1,Open,Incident Response Team,Ransomware,Immediately isolate the endpoint
ALT-004415,176916,2026-07-26 12:39:48,100.0,Critical,Critical,P1,Open,Incident Response Team,Malware Infection,Immediately isolate the endpoint
ALT-000113,4174,2026-07-26 12:39:52,100.0,Critical,Critical,P1,Open,Incident Response Team,Privilege Escalation,Immediately isolate the endpoint
ALT-003250,115160,2026-07-26 12:39:59,100.0,Critical,Critical,P1,Investigating,Incident Response Team,Ransomware,Immediately isolate the endpoint
ALT-005227,207281,2026-07-26 12:40:05,100.0,Critical,Critical,P1,Open,Incident Response Team,Data Exfiltration,Immediately isolate the endpoint
ALT-004202,166162,2026-07-26 12:40:10,100.0,Critical,Critical,P1,Resolved,Incident Response Team,Data Exfiltration,Immediately isolate the endpoint
ALT-001848,63368,2026-07-26 12:40:18,100.0,Critical,Critical,P1,Investigating,Incident Response Team,Data Exfiltration,Immediately isolate the endpoint
ALT-003063,110870,2026-07-26 12:40:23,100.0,Critical,Critical,P1,Investigating,Incident Response Team,Malware Infection,Immediately isolate the endpoint
ALT-001237,45999,2026-07-26 12:41:19,100.0,Critical,Critical,P1,Open,Incident Response Team,Malware Infection,Immediately isolate the endpoint
ALT-001103,44822,2026-07-26 12:41:37,100.0,Critical,Critical,P1,Investigating,Incident Response Team,Malware Infection,Immediately isolate the endpoint
ALT-002777,99604,2026-07-26 12:42:12,47.06,Medium,Low,P3,Resolved,Tier-1 SOC Analyst,Port Scan,Investigate suspicious activity
ALT-003152,112232,2026-07-26 12:42:20,39.51,Medium,Low,P3,Open,Tier-1 SOC Analyst,Policy Violation,Investigate suspicious activity
ALT-005645,225037,2026-07-26 12:42:34,100.0,Critical,Critical,P1,Investigating,Incident Response Team,Ransomware,Immediately isolate the endpoint
ALT-005069,203241,2026-07-26 12:42:47,100.0,Critical,Critical,P1,Investigating,Incident Response Team,Data Exfiltration,Immediately isolate the endpoint
ALT-001939,65951,2026-07-26 12:42:57,100.0,Critical,Critical,P1,Open,Incident Response Team,Data Exfiltration,Immediately isolate the endpoint
ALT-001356,51470,2026-07-26 12:43:13,100.0,Critical,Critical,P1,Open,Incident Response Team,Privilege Escalation,Immediately isolate the endpoint
ALT-001544,54843,2026-07-26 12:43:28,100.0,Critical,Critical,P1,Open,Incident Response Team,Data Exfiltration,Immediately isolate the endpoint
ALT-005829,230811,2026-07-26 12:43:31,99.97,Critical,Critical,P1,Open,Incident Response Team,Ransomware,Immediately isolate the endpoint
ALT-004853,200993,2026-07-26 12:43:46,52.46,High,Medium,P2,Open,Tier-2 SOC Analyst,Brute Force Attack,Notify security team
ALT-005598,223391,2026-07-26 12:43:54,100.0,Critical,Critical,P1,Open,Incident Response Team,Malware Infection,Immediately isolate the endpoint
ALT-003175,114378,2026-07-26 12:43:58,100.0,Critical,Critical,P1,Open,Incident Response Team,Privilege Escalation,Immediately isolate the endpoint
ALT-004253,167128,2026-07-26 12:44:03,100.0,Critical,Critical,P1,Open,Incident Response Team,Ransomware,Immediately isolate the endpoint
ALT-002821,103423,2026-07-26 12:44:20,100.0,Critical,Critical,P1,Resolved,Incident Response Team,Malware Infection,Immediately isolate the endpoint
ALT-001972,66039,2026-07-26 12:44:34,72.29,High,Medium,P2,Open,Tier-2 SOC Analyst,Suspicious Login,Notify security team
ALT-003729,137622,2026-07-26 12:44:43,75.54,High,Medium,P2,Resolved,Tier-2 SOC Analyst,Brute Force Attack,Notify security team
ALT-000364,13367,2026-07-26 12:44:47,100.0,Critical,Critical,P1,Open,Incident Response Team,Privilege Escalation,Immediately isolate the endpoint
ALT-001846,63366,2026-07-26 12:44:58,100.0,Critical,Critical,P1,Open,Incident Response Team,Data Exfiltration,Immediately isolate the endpoint
ALT-001980,66985,2026-07-26 12:45:07,99.78,Critical,Critical,P1,Open,Incident Response Team,Malware Infection,Immediately isolate the endpoint
ALT-000684,27011,2026-07-26 12:45:20,100.0,Critical,Critical,P1,Open,Incident Response Team,Malware Infection,Immediately isolate the endpoint
ALT-001307,49243,2026-07-26 12:45:32,99.97,Critical,Critical,P1,Open,Incident Response Team,Privilege Escalation,Immediately isolate the endpoint
ALT-000550,20166,2026-07-26 12:45:36,100.0,Critical,Critical,P1,Investigating,Incident Response Team,Privilege Escalation,Immediately isolate the endpoint
ALT-000623,24926,2026-07-26 12:45:37,100.0,Critical,Critical,P1,Open,Incident Response Team,Ransomware,Immediately isolate the endpoint
ALT-003371,120553,2026-07-26 12:45:45,100.0,Critical,Critical,P1,Investigating,Incident Response Team,Malware Infection,Immediately isolate the endpoint
ALT-004672,186620,2026-07-26 12:46:05,46.4,Medium,Low,P3,Investigating,Tier-1 SOC Analyst,Policy Violation,Investigate suspicious activity
ALT-000186,5723,2026-07-26 12:46:15,99.99,Critical,Critical,P1,Open,Incident Response Team,Data Exfiltration,Immediately isolate the endpoint
ALT-003329,119222,2026-07-26 12:46:19,99.93,Critical,Critical,P1,Open,Incident Response Team,Data Exfiltration,Immediately isolate the endpoint
ALT-004196,166156,2026-07-26 12:46:43,100.0,Critical,Critical,P1,Investigating,Incident Response Team,Privilege Escalation,Immediately isolate the endpoint
ALT-005205,206032,2026-07-26 12:46:59,100.0,Critical,Critical,P1,Open,Incident Response Team,Ransomware,Immediately isolate the endpoint
ALT-004221,166181,2026-07-26 12:47:16,99.33,Critical,Critical,P1,Open,Incident Response Team,Privilege Escalation,Immediately isolate the endpoint
ALT-003890,146550,2026-07-26 12:47:20,58.74,High,Medium,P2,Resolved,Tier-2 SOC Analyst,Network Intrusion,Notify security team
ALT-002895,105103,2026-07-26 12:47:43,100.0,Critical,Critical,P1,Open,Incident Response Team,Malware Infection,Immediately isolate the endpoint
ALT-002054,69553,2026-07-26 12:47:58,100.0,Critical,Critical,P1,Investigating,Incident Response Team,Ransomware,Immediately isolate the endpoint
ALT-003266,117554,2026-07-26 12:48:04,99.73,Critical,Critical,P1,Resolved,Incident Response Team,Privilege Escalation,Immediately isolate the endpoint
ALT-004442,177906,2026-07-26 12:48:28,97.09,Critical,Critical,P1,Open,Incident Response Team,Ransomware,Immediately isolate the endpoint
ALT-004758,196558,2026-07-26 12:48:57,21.2,Medium,Low,P3,Open,Tier-1 SOC Analyst,Reconnaissance,Investigate suspicious activity
ALT-006112,235256,2026-07-26 12:49:09,100.0,Critical,Critical,P1,Open,Incident Response Team,Malware Infection,Immediately isolate the endpoint
ALT-004022,154639,2026-07-26 12:49:35,100.0,Critical,Critical,P1,Open,Incident Response Team,Data Exfiltration,Immediately isolate the endpoint
ALT-000848,32740,2026-07-26 12:49:36,100.0,Critical,Critical,P1,Open,Incident Response Team,Privilege Escalation,Immediately isolate the endpoint
ALT-001926,65915,2026-07-26 12:49:46,100.0,Critical,Critical,P1,Investigating,Incident Response Team,Privilege Escalation,Immediately isolate the endpoint
ALT-001331,49267,2026-07-26 12:49:52,100.0,Critical,Critical,P1,Open,Incident Response Team,Ransomware,Immediately isolate the endpoint
ALT-005447,213260,2026-07-26 12:49:53,100.0,Critical,Critical,P1,Open,Incident Response Team,Privilege Escalation,Immediately isolate the endpoint
ALT-002856,103999,2026-07-26 12:50:17,99.99,Critical,Critical,P1,Resolved,Incident Response Team,Privilege Escalation,Immediately isolate the endpoint
ALT-001275,47199,2026-07-26 12:50:42,75.23,High,Medium,P2,Investigating,Tier-2 SOC Analyst,Suspicious Login,Notify security team
ALT-003492,126469,2026-07-26 12:50:55,97.99,Critical,Critical,P1,Investigating,Incident Response Team,Ransomware,Immediately isolate the endpoint
ALT-002290,81720,2026-07-26 12:51:13,100.0,Critical,Critical,P1,Open,Incident Response Team,Malware Infection,Immediately isolate the endpoint
ALT-002526,86278,2026-07-26 12:51:31,40.67,Medium,Low,P3,Investigating,Tier-1 SOC Analyst,Policy Violation,Investigate suspicious activity
ALT-001656,58838,2026-07-26 12:51:38,100.0,Critical,Critical,P1,Open,Incident Response Team,Malware Infection,Immediately isolate the endpoint
ALT-006090,235234,2026-07-26 12:51:39,100.0,Critical,Critical,P1,Open,Incident Response Team,Ransomware,Immediately isolate the endpoint
ALT-002027,67715,2026-07-26 12:51:53,38.69,Medium,Low,P3,Open,Tier-1 SOC Analyst,Policy Violation,Investigate suspicious activity
ALT-005639,225031,2026-07-26 12:51:55,100.0,Critical,Critical,P1,Investigating,Incident Response Team,Malware Infection,Immediately isolate the endpoint
ALT-000937,37397,2026-07-26 12:51:58,100.0,Critical,Critical,P1,Open,Incident Response Team,Privilege Escalation,Immediately isolate the endpoint
ALT-005361,211010,2026-07-26 12:52:08,22.06,Medium,Low,P3,Open,Tier-1 SOC Analyst,Abnormal Traffic,Investigate suspicious activity
ALT-002132,74319,2026-07-26 12:52:20,100.0,Critical,Critical,P1,Open,Incident Response Team,Malware Infection,Immediately isolate the endpoint
ALT-005219,207273,2026-07-26 12:52:34,100.0,Critical,Critical,P1,Open,Incident Response Team,Ransomware,Immediately isolate the endpoint
ALT-003989,152931,2026-07-26 12:52:44,100.0,Critical,Critical,P1,Investigating,Incident Response Team,Data Exfiltration,Immediately isolate the endpoint
ALT-001931,65920,2026-07-26 12:52:44,100.0,Critical,Critical,P1,Investigating,Incident Response Team,Privilege Escalation,Immediately isolate the endpoint
ALT-005737,229295,2026-07-26 12:52:50,39.21,Medium,Low,P3,Investigating,Tier-1 SOC Analyst,Policy Violation,Investigate suspicious activity
ALT-003094,111871,2026-07-26 12:53:08,23.5,Medium,Low,P3,Open,Tier-1 SOC Analyst,Port Scan,Investigate suspicious activity
ALT-005193,206020,2026-07-26 12:53:10,100.0,Critical,Critical,P1,Open,Incident Response Team,Data Exfiltration,Immediately isolate the endpoint
ALT-002933,107963,2026-07-26 12:53:11,100.0,Critical,Critical,P1,Open,Incident Response Team,Ransomware,Immediately isolate the endpoint
ALT-002784,100084,2026-07-26 12:53:18,21.58,Medium,Low,P3,Open,Tier-1 SOC Analyst,Abnormal Traffic,Investigate suspicious activity
ALT-001598,57484,2026-07-26 12:53:33,100.0,Critical,Critical,P1,Open,Incident Response Team,Malware Infection,Immediately isolate the endpoint
ALT-001083,43602,2026-07-26 12:53:36,99.55,Critical,Critical,P1,Investigating,Incident Response Team,Data Exfiltration,Immediately isolate the endpoint
ALT-002685,98109,2026-07-26 12:53:40,100.0,Critical,Critical,P1,Open,Incident Response Team,Privilege Escalation,Immediately isolate the endpoint
ALT-005024,203194,2026-07-26 12:53:41,24.84,Medium,Low,P3,Open,Tier-1 SOC Analyst,Policy Violation,Investigate suspicious activity
ALT-003985,149827,2026-07-26 12:53:54,20.63,Medium,Low,P3,Open,Tier-1 SOC Analyst,Port Scan,Investigate suspicious activity
ALT-001362,51476,2026-07-26 12:53:56,100.0,Critical,Critical,P1,Open,Incident Response Team,Privilege Escalation,Immediately isolate the endpoint
ALT-004170,160498,2026-07-26 12:53:58,100.0,Critical,Critical,P1,Open,Incident Response Team,Malware Infection,Immediately isolate the endpoint
ALT-003193,114396,2026-07-26 12:54:07,100.0,Critical,Critical,P1,Resolved,Incident Response Team,Ransomware,Immediately isolate the endpoint
ALT-002104,70767,2026-07-26 12:54:42,100.0,Critical,Critical,P1,Investigating,Incident Response Team,Ransomware,Immediately isolate the endpoint
ALT-002170,75890,2026-07-26 12:54:55,32.3,Medium,Low,P3,Resolved,Tier-1 SOC Analyst,Policy Violation,Investigate suspicious activity
ALT-003011,108765,2026-07-26 12:55:00,99.99,Critical,Critical,P1,Open,Incident Response Team,Privilege Escalation,Immediately isolate the endpoint
ALT-003436,123137,2026-07-26 12:55:13,97.71,Critical,Critical,P1,Open,Incident Response Team,Malware Infection,Immediately isolate the endpoint
ALT-005174,205788,2026-07-26 12:55:21,99.98,Critical,Critical,P1,Open,Incident Response Team,Ransomware,Immediately isolate the endpoint
ALT-000783,29912,2026-07-26 12:55:25,100.0,Critical,Critical,P1,Open,Incident Response Team,Malware Infection,Immediately isolate the endpoint
ALT-003258,117459,2026-07-26 12:55:29,20.76,Medium,Low,P3,Investigating,Tier-1 SOC Analyst,Abnormal Traffic,Investigate suspicious activity
ALT-000771,29900,2026-07-26 12:55:32,100.0,Critical,Critical,P1,Open,Incident Response Team,Privilege Escalation,Immediately isolate the endpoint
ALT-002188,75909,2026-07-26 12:55:34,44.56,Medium,Low,P3,Open,Tier-1 SOC Analyst,Abnormal Traffic,Investigate suspicious activity
ALT-000799,30518,2026-07-26 12:55:35,100.0,Critical,Critical,P1,Open,Incident Response Team,Malware Infection,Immediately isolate the endpoint
ALT-005874,231214,2026-07-26 12:55:38,100.0,Critical,Critical,P1,Open,Incident Response Team,Ransomware,Immediately isolate the endpoint
ALT-000008,1769,2026-07-26 12:55:53,100.0,Critical,Critical,P1,Investigating,Incident Response Team,Malware Infection,Immediately isolate the endpoint
ALT-002704,98128,2026-07-26 12:55:58,100.0,Critical,Critical,P1,Open,Incident Response Team,Data Exfiltration,Immediately isolate the endpoint
ALT-005509,216243,2026-07-26 12:56:30,99.39,Critical,Critical,P1,Open,Incident Response Team,Malware Infection,Immediately isolate the endpoint
ALT-002836,103806,2026-07-26 12:56:42,99.49,Critical,Critical,P1,Open,Incident Response Team,Malware Infection,Immediately isolate the endpoint
ALT-003169,114372,2026-07-26 12:57:05,100.0,Critical,Critical,P1,Open,Incident Response Team,Privilege Escalation,Immediately isolate the endpoint
ALT-001552,54851,2026-07-26 12:57:18,100.0,Critical,Critical,P1,Investigating,Incident Response Team,Ransomware,Immediately isolate the endpoint
ALT-003081,111858,2026-07-26 12:57:25,25.88,Medium,Low,P3,Investigating,Tier-1 SOC Analyst,Policy Violation,Investigate suspicious activity
ALT-000088,2639,2026-07-26 12:57:56,99.08,Critical,Critical,P1,Resolved,Incident Response Team,Malware Infection,Immediately isolate the endpoint
ALT-005082,203442,2026-07-26 12:58:12,100.0,Critical,Critical,P1,Investigating,Incident Response Team,Malware Infection,Immediately isolate the endpoint
ALT-004039,155178,2026-07-26 12:58:14,99.6,Critical,Critical,P1,Open,Incident Response Team,Ransomware,Immediately isolate the endpoint
ALT-005254,208180,2026-07-26 12:58:27,100.0,Critical,Critical,P1,Investigating,Incident Response Team,Ransomware,Immediately isolate the endpoint
ALT-001899,64107,2026-07-26 12:58:52,91.93,Critical,Critical,P1,Open,Incident Response Team,Malware Infection,Immediately isolate the endpoint
ALT-003459,123160,2026-07-26 12:58:56,97.97,Critical,Critical,P1,Open,Incident Response Team,Ransomware,Immediately isolate the endpoint
ALT-004130,158868,2026-07-26 12:59:05,100.0,Critical,Critical,P1,Investigating,Incident Response Team,Privilege Escalation,Immediately isolate the endpoint
ALT-002946,108507,2026-07-26 12:59:24,21.63,Medium,Low,P3,Open,Tier-1 SOC Analyst,Reconnaissance,Investigate suspicious activity
ALT-001864,63861,2026-07-26 12:59:56,22.15,Medium,Low,P3,Resolved,Tier-1 SOC Analyst,Reconnaissance,Investigate suspicious activity
ALT-000303,10645,2026-07-26 13:00:04,100.0,Critical,Critical,P1,Open,Incident Response Team,Ransomware,Immediately isolate the endpoint
ALT-002332,82775,2026-07-26 13:00:50,100.0,Critical,Critical,P1,Investigating,Incident Response Team,Ransomware,Immediately isolate the endpoint
ALT-004756,194042,2026-07-26 13:00:53,100.0,Critical,Critical,P1,Investigating,Incident Response Team,Data Exfiltration,Immediately isolate the endpoint
ALT-003441,123142,2026-07-26 13:00:58,98.11,Critical,Critical,P1,Investigating,Incident Response Team,Data Exfiltration,Immediately isolate the endpoint
ALT-002746,98846,2026-07-26 13:01:12,99.94,Critical,Critical,P1,Investigating,Incident Response Team,Privilege Escalation,Immediately isolate the endpoint
ALT-002974,108728,2026-07-26 13:01:26,100.0,Critical,Critical,P1,Investigating,Incident Response Team,Privilege Escalation,Immediately isolate the endpoint
ALT-001428,52852,2026-07-26 13:01:38,49.65,Medium,Low,P3,Open,Tier-1 SOC Analyst,Abnormal Traffic,Investigate suspicious activity
ALT-004642,186291,2026-07-26 13:01:51,99.98,Critical,Critical,P1,Open,Incident Response Team,Malware Infection,Immediately isolate the endpoint
ALT-001780,61159,2026-07-26 13:02:11,100.0,Critical,Critical,P1,Open,Incident Response Team,Privilege Escalation,Immediately isolate the endpoint
ALT-005600,223393,2026-07-26 13:02:17,100.0,Critical,Critical,P1,Investigating,Incident Response Team,Data Exfiltration,Immediately isolate the endpoint
ALT-004213,166173,2026-07-26 13:02:48,99.4,Critical,Critical,P1,Open,Incident Response Team,Privilege Escalation,Immediately isolate the endpoint
ALT-001482,53824,2026-07-26 13:02:59,49.15,Medium,Low,P3,Investigating,Tier-1 SOC Analyst,Port Scan,Investigate suspicious activity
ALT-001117,44836,2026-07-26 13:03:01,51.12,High,Medium,P2,Open,Tier-2 SOC Analyst,Network Intrusion,Notify security team
ALT-003872,142676,2026-07-26 13:03:08,100.0,Critical,Critical,P1,Open,Incident Response Team,Malware Infection,Immediately isolate the endpoint
ALT-000335,13138,2026-07-26 13:03:23,100.0,Critical,Critical,P1,Investigating,Incident Response Team,Malware Infection,Immediately isolate the endpoint
ALT-004473,180547,2026-07-26 13:03:25,100.0,Critical,Critical,P1,Open,Incident Response Team,Ransomware,Immediately isolate the endpoint
ALT-003835,141838,2026-07-26 13:03:56,100.0,Critical,Critical,P1,Open,Incident Response Team,Data Exfiltration,Immediately isolate the endpoint
ALT-000003,1764,2026-07-26 13:04:29,100.0,Critical,Critical,P1,Open,Incident Response Team,Ransomware,Immediately isolate the endpoint
ALT-003018,108772,2026-07-26 13:04:31,99.99,Critical,Critical,P1,Resolved,Incident Response Team,Privilege Escalation,Immediately isolate the endpoint
ALT-002866,104009,2026-07-26 13:04:33,100.0,Critical,Critical,P1,Investigating,Incident Response Team,Ransomware,Immediately isolate the endpoint
ALT-000869,32761,2026-07-26 13:04:41,100.0,Critical,Critical,P1,Open,Incident Response Team,Malware Infection,Immediately isolate the endpoint
ALT-002124,74311,2026-07-26 13:04:41,100.0,Critical,Critical,P1,Open,Incident Response Team,Malware Infection,Immediately isolate the endpoint
ALT-005203,206030,2026-07-26 13:04:47,100.0,Critical,Critical,P1,Open,Incident Response Team,Privilege Escalation,Immediately isolate the endpoint
ALT-005491,216225,2026-07-26 13:04:55,99.24,Critical,Critical,P1,Investigating,Incident Response Team,Privilege Escalation,Immediately isolate the endpoint
ALT-000551,20167,2026-07-26 13:05:05,100.0,Critical,Critical,P1,Investigating,Incident Response Team,Ransomware,Immediately isolate the endpoint
ALT-002345,83756,2026-07-26 13:05:13,51.36,High,Medium,P2,Open,Tier-2 SOC Analyst,Brute Force Attack,Notify security team
ALT-000664,26287,2026-07-26 13:05:18,100.0,Critical,Critical,P1,Open,Incident Response Team,Malware Infection,Immediately isolate the endpoint
ALT-004064,156865,2026-07-26 13:06:25,100.0,Critical,Critical,P1,Open,Incident Response Team,Ransomware,Immediately isolate the endpoint
ALT-003328,119221,2026-07-26 13:06:46,99.93,Critical,Critical,P1,Investigating,Incident Response Team,Privilege Escalation,Immediately isolate the endpoint
ALT-001883,64091,2026-07-26 13:07:03,100.0,Critical,Critical,P1,Investigating,Incident Response Team,Ransomware,Immediately isolate the endpoint
ALT-005540,216612,2026-07-26 13:07:14,34.87,Medium,Low,P3,Open,Tier-1 SOC Analyst,Reconnaissance,Investigate suspicious activity
ALT-003249,115159,2026-07-26 13:07:34,100.0,Critical,Critical,P1,Open,Incident Response Team,Malware Infection,Immediately isolate the endpoint
ALT-006155,238109,2026-07-26 13:08:00,100.0,Critical,Critical,P1,Open,Incident Response Team,Malware Infection,Immediately isolate the endpoint
ALT-001663,58887,2026-07-26 13:08:05,98.93,Critical,Critical,P1,Resolved,Incident Response Team,Data Exfiltration,Immediately isolate the endpoint
ALT-000843,31069,2026-07-26 13:08:08,59.93,High,Medium,P2,Open,Tier-2 SOC Analyst,Network Intrusion,Notify security team
ALT-002608,92119,2026-07-26 13:08:24,100.0,Critical,Critical,P1,Investigating,Incident Response Team,Malware Infection,Immediately isolate the endpoint
ALT-000742,27749,2026-07-26 13:08:26,100.0,Critical,Critical,P1,Investigating,Incident Response Team,Privilege Escalation,Immediately isolate the endpoint
ALT-003040,109493,2026-07-26 13:08:44,100.0,Critical,Critical,P1,Open,Incident Response Team,Data Exfiltration,Immediately isolate the endpoint
ALT-005061,203233,2026-07-26 13:09:06,100.0,Critical,Critical,P1,Open,Incident Response Team,Privilege Escalation,Immediately isolate the endpoint
ALT-002144,74491,2026-07-26 13:09:49,86.91,Critical,Critical,P1,Open,Incident Response Team,Malware Infection,Immediately isolate the endpoint
ALT-001666,58890,2026-07-26 13:10:14,98.95,Critical,Critical,P1,Investigating,Incident Response Team,Data Exfiltration,Immediately isolate the endpoint
ALT-005351,211000,2026-07-26 13:10:50,50.16,High,Medium,P2,Investigating,Tier-2 SOC Analyst,Unauthorized Access,Notify security team
ALT-001384,51921,2026-07-26 13:11:01,97.52,Critical,Critical,P1,Investigating,Incident Response Team,Ransomware,Immediately isolate the endpoint
ALT-002656,95378,2026-07-26 13:11:15,62.92,High,Medium,P2,Open,Tier-2 SOC Analyst,Suspicious Login,Notify security team
ALT-006118,236125,2026-07-26 13:11:15,34.91,Medium,Low,P3,Open,Tier-1 SOC Analyst,Reconnaissance,Investigate suspicious activity
ALT-003091,111868,2026-07-26 13:11:26,24.58,Medium,Low,P3,Resolved,Tier-1 SOC Analyst,Abnormal Traffic,Investigate suspicious activity
ALT-003215,114585,2026-07-26 13:11:27,98.38,Critical,Critical,P1,Investigating,Incident Response Team,Malware Infection,Immediately isolate the endpoint
ALT-004410,176911,2026-07-26 13:11:45,100.0,Critical,Critical,P1,Open,Incident Response Team,Ransomware,Immediately isolate the endpoint
ALT-000939,37399,2026-07-26 13:11:56,100.0,Critical,Critical,P1,Resolved,Incident Response Team,Privilege Escalation,Immediately isolate the endpoint
ALT-006101,235245,2026-07-26 13:12:04,100.0,Critical,Critical,P1,Investigating,Incident Response Team,Data Exfiltration,Immediately isolate the endpoint
ALT-003855,142659,2026-07-26 13:12:05,100.0,Critical,Critical,P1,Open,Incident Response Team,Ransomware,Immediately isolate the endpoint
ALT-004460,180534,2026-07-26 13:12:19,100.0,Critical,Critical,P1,Investigating,Incident Response Team,Privilege Escalation,Immediately isolate the endpoint
ALT-003540,127922,2026-07-26 13:12:21,100.0,Critical,Critical,P1,Investigating,Incident Response Team,Data Exfiltration,Immediately isolate the endpoint
ALT-005481,214410,2026-07-26 13:12:30,100.0,Critical,Critical,P1,Investigating,Incident Response Team,Malware Infection,Immediately isolate the endpoint
ALT-003588,130601,2026-07-26 13:13:03,100.0,Critical,Critical,P1,Open,Incident Response Team,Malware Infection,Immediately isolate the endpoint
ALT-003489,126466,2026-07-26 13:13:18,98.52,Critical,Critical,P1,Open,Incident Response Team,Privilege Escalation,Immediately isolate the endpoint
ALT-003818,140918,2026-07-26 13:13:23,100.0,Critical,Critical,P1,Resolved,Incident Response Team,Malware Infection,Immediately isolate the endpoint
ALT-003832,140932,2026-07-26 13:13:28,100.0,Critical,Critical,P1,Open,Incident Response Team,Ransomware,Immediately isolate the endpoint
ALT-005415,213182,2026-07-26 13:13:36,100.0,Critical,Critical,P1,Open,Incident Response Team,Data Exfiltration,Immediately isolate the endpoint
ALT-005668,225183,2026-07-26 13:13:54,100.0,Critical,Critical,P1,Open,Incident Response Team,Data Exfiltration,Immediately isolate the endpoint
ALT-006039,234086,2026-07-26 13:13:59,100.0,Critical,Critical,P1,Open,Incident Response Team,Ransomware,Immediately isolate the endpoint
ALT-005093,203453,2026-07-26 13:14:33,100.0,Critical,Critical,P1,Investigating,Incident Response Team,Malware Infection,Immediately isolate the endpoint
ALT-003292,118033,2026-07-26 13:14:34,100.0,Critical,Critical,P1,Resolved,Incident Response Team,Data Exfiltration,Immediately isolate the endpoint
ALT-005413,213180,2026-07-26 13:14:38,100.0,Critical,Critical,P1,Open,Incident Response Team,Ransomware,Immediately isolate the endpoint
ALT-001321,49257,2026-07-26 13:14:47,100.0,Critical,Critical,P1,Open,Incident Response Team,Malware Infection,Immediately isolate the endpoint
ALT-003392,121272,2026-07-26 13:14:58,100.0,Critical,Critical,P1,Open,Incident Response Team,Privilege Escalation,Immediately isolate the endpoint
ALT-004665,186613,2026-07-26 13:15:00,48.45,Medium,Low,P3,Investigating,Tier-1 SOC Analyst,Policy Violation,Investigate suspicious activity
ALT-001265,47006,2026-07-26 13:15:08,100.0,Critical,Critical,P1,Investigating,Incident Response Team,Malware Infection,Immediately isolate the endpoint
ALT-003738,137631,2026-07-26 13:15:10,100.0,Critical,Critical,P1,Open,Incident Response Team,Privilege Escalation,Immediately isolate the endpoint
ALT-002613,92124,2026-07-26 13:15:38,100.0,Critical,Critical,P1,Investigating,Incident Response Team,Privilege Escalation,Immediately isolate the endpoint
ALT-001082,43601,2026-07-26 13:15:39,99.59,Critical,Critical,P1,Investigating,Incident Response Team,Ransomware,Immediately isolate the endpoint
ALT-001278,47202,2026-07-26 13:16:21,61.47,High,Medium,P2,Investigating,Tier-2 SOC Analyst,Unauthorized Access,Notify security team
ALT-005316,210706,2026-07-26 13:16:22,51.3,High,Medium,P2,Resolved,Tier-2 SOC Analyst,Unauthorized Access,Notify security team
ALT-004909,201549,2026-07-26 13:16:25,99.99,Critical,Critical,P1,Open,Incident Response Team,Malware Infection,Immediately isolate the endpoint
ALT-004257,167132,2026-07-26 13:16:54,100.0,Critical,Critical,P1,Investigating,Incident Response Team,Malware Infection,Immediately isolate the endpoint
ALT-004006,152948,2026-07-26 13:17:01,100.0,Critical,Critical,P1,Open,Incident Response Team,Privilege Escalation,Immediately isolate the endpoint
ALT-005822,230625,2026-07-26 13:17:09,84.89,Critical,Critical,P1,Investigating,Incident Response Team,Data Exfiltration,Immediately isolate the endpoint
ALT-002951,108515,2026-07-26 13:17:21,24.04,Medium,Low,P3,Investigating,Tier-1 SOC Analyst,Policy Violation,Investigate suspicious activity
ALT-005584,218210,2026-07-26 13:17:42,99.97,Critical,Critical,P1,Investigating,Incident Response Team,Privilege Escalation,Immediately isolate the endpoint
ALT-001841,62292,2026-07-26 13:17:57,100.0,Critical,Critical,P1,Investigating,Incident Response Team,Data Exfiltration,Immediately isolate the endpoint
ALT-001932,65921,2026-07-26 13:18:09,100.0,Critical,Critical,P1,Open,Incident Response Team,Data Exfiltration,Immediately isolate the endpoint
ALT-001974,66041,2026-07-26 13:18:29,65.23,High,Medium,P2,Open,Tier-2 SOC Analyst,Suspicious Login,Notify security team
ALT-005271,208413,2026-07-26 13:19:15,100.0,Critical,Critical,P1,Resolved,Incident Response Team,Malware Infection,Immediately isolate the endpoint
ALT-005189,206016,2026-07-26 13:19:20,100.0,Critical,Critical,P1,Resolved,Incident Response Team,Privilege Escalation,Immediately isolate the endpoint
ALT-002220,76236,2026-07-26 13:19:38,100.0,Critical,Critical,P1,Open,Incident Response Team,Ransomware,Immediately isolate the endpoint
ALT-004116,158854,2026-07-26 13:19:41,100.0,Critical,Critical,P1,Open,Incident Response Team,Ransomware,Immediately isolate the endpoint
ALT-004667,186615,2026-07-26 13:20:00,46.76,Medium,Low,P3,Open,Tier-1 SOC Analyst,Policy Violation,Investigate suspicious activity
ALT-003386,121266,2026-07-26 13:20:04,100.0,Critical,Critical,P1,Investigating,Incident Response Team,Malware Infection,Immediately isolate the endpoint
ALT-002047,69546,2026-07-26 13:20:07,100.0,Critical,Critical,P1,Investigating,Incident Response Team,Ransomware,Immediately isolate the endpoint
ALT-000355,13158,2026-07-26 13:20:08,100.0,Critical,Critical,P1,Open,Incident Response Team,Data Exfiltration,Immediately isolate the endpoint
ALT-001297,47221,2026-07-26 13:20:39,55.17,High,Medium,P2,Open,Tier-2 SOC Analyst,Unauthorized Access,Notify security team
ALT-004979,202779,2026-07-26 13:20:43,62.26,High,Medium,P2,Investigating,Tier-2 SOC Analyst,Unauthorized Access,Notify security team
ALT-001209,45488,2026-07-26 13:20:46,100.0,Critical,Critical,P1,Investigating,Incident Response Team,Malware Infection,Immediately isolate the endpoint
ALT-002033,69532,2026-07-26 13:21:15,100.0,Critical,Critical,P1,Open,Incident Response Team,Malware Infection,Immediately isolate the endpoint
ALT-004507,181880,2026-07-26 13:21:20,100.0,Critical,Critical,P1,Open,Incident Response Team,Privilege Escalation,Immediately isolate the endpoint
ALT-000132,4193,2026-07-26 13:21:22,100.0,Critical,Critical,P1,Open,Incident Response Team,Privilege Escalation,Immediately isolate the endpoint
ALT-000726,27733,2026-07-26 13:21:31,100.0,Critical,Critical,P1,Open,Incident Response Team,Ransomware,Immediately isolate the endpoint
ALT-000433,15547,2026-07-26 13:21:32,100.0,Critical,Critical,P1,Open,Incident Response Team,Data Exfiltration,Immediately isolate the endpoint
ALT-002771,99598,2026-07-26 13:21:42,49.41,Medium,Low,P3,Investigating,Tier-1 SOC Analyst,Reconnaissance,Investigate suspicious activity
ALT-005761,229620,2026-07-26 13:21:46,100.0,Critical,Critical,P1,Investigating,Incident Response Team,Malware Infection,Immediately isolate the endpoint
ALT-003136,112215,2026-07-26 13:22:10,29.84,Medium,Low,P3,Investigating,Tier-1 SOC Analyst,Policy Violation,Investigate suspicious activity
ALT-003219,114589,2026-07-26 13:22:21,98.12,Critical,Critical,P1,Investigating,Incident Response Team,Privilege Escalation,Immediately isolate the endpoint
ALT-000408,14692,2026-07-26 13:22:29,100.0,Critical,Critical,P1,Open,Incident Response Team,Ransomware,Immediately isolate the endpoint
ALT-000002,1541,2026-07-26 13:22:41,100.0,Critical,Critical,P1,Open,Incident Response Team,Malware Infection,Immediately isolate the endpoint
ALT-000690,27201,2026-07-26 13:22:43,100.0,Critical,Critical,P1,Open,Incident Response Team,Privilege Escalation,Immediately isolate the endpoint
ALT-000762,28167,2026-07-26 13:23:04,97.42,Critical,Critical,P1,Open,Incident Response Team,Data Exfiltration,Immediately isolate the endpoint
ALT-002884,105092,2026-07-26 13:23:43,100.0,Critical,Critical,P1,Investigating,Incident Response Team,Privilege Escalation,Immediately isolate the endpoint
ALT-004540,182804,2026-07-26 13:23:51,52.97,High,Medium,P2,Resolved,Tier-2 SOC Analyst,Brute Force Attack,Notify security team
ALT-003432,123133,2026-07-26 13:24:05,97.76,Critical,Critical,P1,Open,Incident Response Team,Privilege Escalation,Immediately isolate the endpoint
ALT-004532,182796,2026-07-26 13:24:11,56.77,High,Medium,P2,Open,Tier-2 SOC Analyst,Network Intrusion,Notify security team
ALT-004677,186629,2026-07-26 13:24:17,51.86,High,Medium,P2,Investigating,Tier-2 SOC Analyst,Network Intrusion,Notify security team
ALT-002996,108750,2026-07-26 13:24:19,99.99,Critical,Critical,P1,Open,Incident Response Team,Privilege Escalation,Immediately isolate the endpoint
ALT-005373,212557,2026-07-26 13:24:44,20.17,Medium,Low,P3,Open,Tier-1 SOC Analyst,Reconnaissance,Investigate suspicious activity
ALT-004088,158641,2026-07-26 13:25:02,68.08,High,Medium,P2,Investigating,Tier-2 SOC Analyst,Brute Force Attack,Notify security team
ALT-004247,166319,2026-07-26 13:25:11,100.0,Critical,Critical,P1,Investigating,Incident Response Team,Ransomware,Immediately isolate the endpoint
ALT-001577,56183,2026-07-26 13:25:34,100.0,Critical,Critical,P1,Open,Incident Response Team,Malware Infection,Immediately isolate the endpoint
ALT-002819,103421,2026-07-26 13:25:34,100.0,Critical,Critical,P1,Open,Incident Response Team,Data Exfiltration,Immediately isolate the endpoint
ALT-005210,207264,2026-07-26 13:25:40,100.0,Critical,Critical,P1,Investigating,Incident Response Team,Data Exfiltration,Immediately isolate the endpoint
ALT-002690,98114,2026-07-26 13:26:01,100.0,Critical,Critical,P1,Open,Incident Response Team,Privilege Escalation,Immediately isolate the endpoint
ALT-004714,191117,2026-07-26 13:26:17,21.69,Medium,Low,P3,Open,Tier-1 SOC Analyst,Policy Violation,Investigate suspicious activity
ALT-001760,61139,2026-07-26 13:26:37,99.98,Critical,Critical,P1,Investigating,Incident Response Team,Malware Infection,Immediately isolate the endpoint
ALT-005244,207298,2026-07-26 13:26:43,100.0,Critical,Critical,P1,Open,Incident Response Team,Data Exfiltration,Immediately isolate the endpoint
ALT-000766,28171,2026-07-26 13:27:03,94.78,Critical,Critical,P1,Investigating,Incident Response Team,Privilege Escalation,Immediately isolate the endpoint
ALT-006143,238097,2026-07-26 13:27:05,99.99,Critical,Critical,P1,Open,Incident Response Team,Malware Infection,Immediately isolate the endpoint
ALT-005326,210716,2026-07-26 13:27:12,53.94,High,Medium,P2,Resolved,Tier-2 SOC Analyst,Unauthorized Access,Notify security team
ALT-004970,202770,2026-07-26 13:27:46,65.86,High,Medium,P2,Open,Tier-2 SOC Analyst,Unauthorized Access,Notify security team
ALT-001467,53795,2026-07-26 13:28:06,57.62,High,Medium,P2,Open,Tier-2 SOC Analyst,Network Intrusion,Notify security team
ALT-004429,177893,2026-07-26 13:28:18,65.17,High,Medium,P2,Open,Tier-2 SOC Analyst,Unauthorized Access,Notify security team
ALT-000180,5717,2026-07-26 13:28:20,99.97,Critical,Critical,P1,Open,Incident Response Team,Privilege Escalation,Immediately isolate the endpoint
ALT-001615,57501,2026-07-26 13:28:26,100.0,Critical,Critical,P1,Investigating,Incident Response Team,Data Exfiltration,Immediately isolate the endpoint
ALT-003603,131710,2026-07-26 13:28:26,100.0,Critical,Critical,P1,Resolved,Incident Response Team,Privilege Escalation,Immediately isolate the endpoint
ALT-002004,67692,2026-07-26 13:29:02,34.06,Medium,Low,P3,Open,Tier-1 SOC Analyst,Policy Violation,Investigate suspicious activity
ALT-004324,172387,2026-07-26 13:29:15,100.0,Critical,Critical,P1,Open,Incident Response Team,Privilege Escalation,Immediately isolate the endpoint
ALT-003940,148414,2026-07-26 13:29:17,99.93,Critical,Critical,P1,Investigating,Incident Response Team,Malware Infection,Immediately isolate the endpoint
ALT-001323,49259,2026-07-26 13:29:50,100.0,Critical,Critical,P1,Investigating,Incident Response Team,Privilege Escalation,Immediately isolate the endpoint
ALT-004344,174229,2026-07-26 13:30:28,100.0,Critical,Critical,P1,Open,Incident Response Team,Data Exfiltration,Immediately isolate the endpoint
ALT-005149,205587,2026-07-26 13:30:59,99.05,Critical,Critical,P1,Open,Incident Response Team,Data Exfiltration,Immediately isolate the endpoint
ALT-003013,108767,2026-07-26 13:31:53,100.0,Critical,Critical,P1,Open,Incident Response Team,Privilege Escalation,Immediately isolate the endpoint
ALT-001371,51485,2026-07-26 13:32:25,100.0,Critical,Critical,P1,Investigating,Incident Response Team,Malware Infection,Immediately isolate the endpoint
ALT-005919,232129,2026-07-26 13:32:26,99.97,Critical,Critical,P1,Open,Incident Response Team,Ransomware,Immediately isolate the endpoint
ALT-004251,166323,2026-07-26 13:33:03,100.0,Critical,Critical,P1,Investigating,Incident Response Team,Malware Infection,Immediately isolate the endpoint
ALT-004300,167695,2026-07-26 13:33:28,99.94,Critical,Critical,P1,Open,Incident Response Team,Privilege Escalation,Immediately isolate the endpoint
ALT-003863,142667,2026-07-26 13:33:40,100.0,Critical,Critical,P1,Investigating,Incident Response Team,Data Exfiltration,Immediately isolate the endpoint
ALT-001098,44817,2026-07-26 13:33:45,100.0,Critical,Critical,P1,Open,Incident Response Team,Ransomware,Immediately isolate the endpoint
ALT-000370,13373,2026-07-26 13:34:01,100.0,Critical,Critical,P1,Open,Incident Response Team,Privilege Escalation,Immediately isolate the endpoint
ALT-002713,98271,2026-07-26 13:34:20,99.99,Critical,Critical,P1,Open,Incident Response Team,Privilege Escalation,Immediately isolate the endpoint
ALT-004989,202789,2026-07-26 13:34:27,65.22,High,Medium,P2,Investigating,Tier-2 SOC Analyst,Suspicious Login,Notify security team
ALT-005140,205578,2026-07-26 13:34:39,99.18,Critical,Critical,P1,Open,Incident Response Team,Privilege Escalation,Immediately isolate the endpoint
ALT-006132,238086,2026-07-26 13:34:45,99.99,Critical,Critical,P1,Open,Incident Response Team,Data Exfiltration,Immediately isolate the endpoint
ALT-005765,229973,2026-07-26 13:34:53,100.0,Critical,Critical,P1,Open,Incident Response Team,Ransomware,Immediately isolate the endpoint
ALT-002244,77701,2026-07-26 13:35:04,100.0,Critical,Critical,P1,Open,Incident Response Team,Data Exfiltration,Immediately isolate the endpoint
ALT-003579,130592,2026-07-26 13:35:20,100.0,Critical,Critical,P1,Investigating,Incident Response Team,Data Exfiltration,Immediately isolate the endpoint
ALT-005705,225427,2026-07-26 13:35:36,100.0,Critical,Critical,P1,Investigating,Incident Response Team,Ransomware,Immediately isolate the endpoint
ALT-000192,5729,2026-07-26 13:35:37,99.99,Critical,Critical,P1,Investigating,Incident Response Team,Privilege Escalation,Immediately isolate the endpoint
ALT-000016,1777,2026-07-26 13:35:48,100.0,Critical,Critical,P1,Open,Incident Response Team,Ransomware,Immediately isolate the endpoint
ALT-006067,234724,2026-07-26 13:35:53,22.08,Medium,Low,P3,Investigating,Tier-1 SOC Analyst,Abnormal Traffic,Investigate suspicious activity
ALT-001368,51482,2026-07-26 13:36:08,100.0,Critical,Critical,P1,Open,Incident Response Team,Data Exfiltration,Immediately isolate the endpoint
ALT-003770,137998,2026-07-26 13:36:11,99.72,Critical,Critical,P1,Open,Incident Response Team,Data Exfiltration,Immediately isolate the endpoint
ALT-005887,231375,2026-07-26 13:36:39,99.95,Critical,Critical,P1,Open,Incident Response Team,Privilege Escalation,Immediately isolate the endpoint
ALT-000707,27218,2026-07-26 13:36:40,100.0,Critical,Critical,P1,Open,Incident Response Team,Ransomware,Immediately isolate the endpoint
ALT-002052,69551,2026-07-26 13:37:01,100.0,Critical,Critical,P1,Investigating,Incident Response Team,Malware Infection,Immediately isolate the endpoint
ALT-000626,24929,2026-07-26 13:37:07,100.0,Critical,Critical,P1,Investigating,Incident Response Team,Ransomware,Immediately isolate the endpoint
ALT-002227,77684,2026-07-26 13:37:31,100.0,Critical,Critical,P1,Investigating,Incident Response Team,Privilege Escalation,Immediately isolate the endpoint
ALT-002737,98837,2026-07-26 13:37:42,99.87,Critical,Critical,P1,Open,Incident Response Team,Data Exfiltration,Immediately isolate the endpoint
ALT-005835,230817,2026-07-26 13:37:46,99.82,Critical,Critical,P1,Open,Incident Response Team,Data Exfiltration,Immediately isolate the endpoint
ALT-001326,49262,2026-07-26 13:37:51,99.88,Critical,Critical,P1,Open,Incident Response Team,Privilege Escalation,Immediately isolate the endpoint
ALT-000330,11460,2026-07-26 13:37:58,99.95,Critical,Critical,P1,Open,Incident Response Team,Malware Infection,Immediately isolate the endpoint
ALT-002381,84018,2026-07-26 13:37:58,100.0,Critical,Critical,P1,Open,Incident Response Team,Data Exfiltration,Immediately isolate the endpoint
ALT-003859,142663,2026-07-26 13:38:22,100.0,Critical,Critical,P1,Open,Incident Response Team,Data Exfiltration,Immediately isolate the endpoint
ALT-002313,82756,2026-07-26 13:38:28,100.0,Critical,Critical,P1,Open,Incident Response Team,Privilege Escalation,Immediately isolate the endpoint
ALT-003085,111862,2026-07-26 13:38:37,25.47,Medium,Low,P3,Open,Tier-1 SOC Analyst,Reconnaissance,Investigate suspicious activity
ALT-003608,131715,2026-07-26 13:39:01,100.0,Critical,Critical,P1,Investigating,Incident Response Team,Malware Infection,Immediately isolate the endpoint
ALT-004198,166158,2026-07-26 13:39:13,100.0,Critical,Critical,P1,Resolved,Incident Response Team,Data Exfiltration,Immediately isolate the endpoint
ALT-000988,40002,2026-07-26 13:39:16,100.0,Critical,Critical,P1,Resolved,Incident Response Team,Malware Infection,Immediately isolate the endpoint
ALT-000342,13145,2026-07-26 13:39:19,100.0,Critical,Critical,P1,Investigating,Incident Response Team,Ransomware,Immediately isolate the endpoint
ALT-005595,223388,2026-07-26 13:39:51,100.0,Critical,Critical,P1,Open,Incident Response Team,Ransomware,Immediately isolate the endpoint
ALT-002537,86289,2026-07-26 13:40:24,34.93,Medium,Low,P3,Investigating,Tier-1 SOC Analyst,Reconnaissance,Investigate suspicious activity
ALT-003458,123159,2026-07-26 13:40:33,98.17,Critical,Critical,P1,Investigating,Incident Response Team,Privilege Escalation,Immediately isolate the endpoint
ALT-002105,70768,2026-07-26 13:40:43,100.0,Critical,Critical,P1,Open,Incident Response Team,Privilege Escalation,Immediately isolate the endpoint
ALT-004614,185267,2026-07-26 13:40:52,100.0,Critical,Critical,P1,Open,Incident Response Team,Data Exfiltration,Immediately isolate the endpoint
ALT-000656,26279,2026-07-26 13:41:31,100.0,Critical,Critical,P1,Investigating,Incident Response Team,Privilege Escalation,Immediately isolate the endpoint
ALT-006056,234103,2026-07-26 13:41:34,100.0,Critical,Critical,P1,Open,Incident Response Team,Data Exfiltration,Immediately isolate the endpoint
ALT-003428,121723,2026-07-26 13:41:36,70.95,High,Medium,P2,Open,Tier-2 SOC Analyst,Brute Force Attack,Notify security team
ALT-005566,218192,2026-07-26 13:41:38,99.97,Critical,Critical,P1,Open,Incident Response Team,Privilege Escalation,Immediately isolate the endpoint
ALT-001815,62266,2026-07-26 13:41:56,100.0,Critical,Critical,P1,Open,Incident Response Team,Ransomware,Immediately isolate the endpoint
ALT-004924,201959,2026-07-26 13:42:01,100.0,Critical,Critical,P1,Open,Incident Response Team,Malware Infection,Immediately isolate the endpoint
ALT-004646,186295,2026-07-26 13:42:01,100.0,Critical,Critical,P1,Open,Incident Response Team,Data Exfiltration,Immediately isolate the endpoint
ALT-003779,139034,2026-07-26 13:42:09,26.85,Medium,Low,P3,Open,Tier-1 SOC Analyst,Reconnaissance,Investigate suspicious activity
ALT-005586,218212,2026-07-26 13:42:10,99.98,Critical,Critical,P1,Open,Incident Response Team,Privilege Escalation,Immediately isolate the endpoint
ALT-005787,229995,2026-07-26 13:42:12,100.0,Critical,Critical,P1,Investigating,Incident Response Team,Ransomware,Immediately isolate the endpoint
ALT-003556,130458,2026-07-26 13:42:23,100.0,Critical,Critical,P1,Open,Incident Response Team,Ransomware,Immediately isolate the endpoint
ALT-003712,137605,2026-07-26 13:42:38,100.0,Critical,Critical,P1,Open,Incident Response Team,Ransomware,Immediately isolate the endpoint
ALT-003860,142664,2026-07-26 13:42:51,100.0,Critical,Critical,P1,Open,Incident Response Team,Privilege Escalation,Immediately isolate the endpoint
ALT-003080,111857,2026-07-26 13:42:52,24.43,Medium,Low,P3,Resolved,Tier-1 SOC Analyst,Policy Violation,Investigate suspicious activity
ALT-002901,105795,2026-07-26 13:43:23,100.0,Critical,Critical,P1,Open,Incident Response Team,Privilege Escalation,Immediately isolate the endpoint
ALT-000352,13155,2026-07-26 13:43:34,100.0,Critical,Critical,P1,Open,Incident Response Team,Ransomware,Immediately isolate the endpoint
ALT-003815,140915,2026-07-26 13:43:59,100.0,Critical,Critical,P1,Investigating,Incident Response Team,Privilege Escalation,Immediately isolate the endpoint
ALT-005499,216233,2026-07-26 13:44:02,99.55,Critical,Critical,P1,Investigating,Incident Response Team,Malware Infection,Immediately isolate the endpoint
ALT-005043,203215,2026-07-26 13:44:18,34.44,Medium,Low,P3,Open,Tier-1 SOC Analyst,Port Scan,Investigate suspicious activity
ALT-000780,29909,2026-07-26 13:44:21,100.0,Critical,Critical,P1,Investigating,Incident Response Team,Ransomware,Immediately isolate the endpoint
ALT-004451,180525,2026-07-26 13:44:37,100.0,Critical,Critical,P1,Open,Incident Response Team,Privilege Escalation,Immediately isolate the endpoint
ALT-006005,233873,2026-07-26 13:44:40,100.0,Critical,Critical,P1,Open,Incident Response Team,Privilege Escalation,Immediately isolate the endpoint
ALT-001650,58832,2026-07-26 13:44:58,100.0,Critical,Critical,P1,Open,Incident Response Team,Ransomware,Immediately isolate the endpoint
ALT-006064,234720,2026-07-26 13:45:21,22.57,Medium,Low,P3,Open,Tier-1 SOC Analyst,Abnormal Traffic,Investigate suspicious activity
ALT-005872,231212,2026-07-26 13:45:34,100.0,Critical,Critical,P1,Investigating,Incident Response Team,Privilege Escalation,Immediately isolate the endpoint
ALT-000455,15569,2026-07-26 13:45:57,99.98,Critical,Critical,P1,Open,Incident Response Team,Ransomware,Immediately isolate the endpoint
ALT-005136,205574,2026-07-26 13:46:01,98.71,Critical,Critical,P1,Open,Incident Response Team,Malware Infection,Immediately isolate the endpoint
ALT-004480,180554,2026-07-26 13:46:01,100.0,Critical,Critical,P1,Investigating,Incident Response Team,Privilege Escalation,Immediately isolate the endpoint
ALT-003616,131723,2026-07-26 13:46:06,100.0,Critical,Critical,P1,Investigating,Incident Response Team,Privilege Escalation,Immediately isolate the endpoint
ALT-000844,31070,2026-07-26 13:46:22,50.07,High,Medium,P2,Open,Tier-2 SOC Analyst,Suspicious Login,Notify security team
ALT-002570,90974,2026-07-26 13:46:59,100.0,Critical,Critical,P1,Investigating,Incident Response Team,Ransomware,Immediately isolate the endpoint
ALT-001092,44811,2026-07-26 13:47:01,100.0,Critical,Critical,P1,Open,Incident Response Team,Ransomware,Immediately isolate the endpoint
ALT-001753,60639,2026-07-26 13:47:06,100.0,Critical,Critical,P1,Investigating,Incident Response Team,Data Exfiltration,Immediately isolate the endpoint
ALT-002197,76213,2026-07-26 13:47:21,97.66,Critical,Critical,P1,Investigating,Incident Response Team,Malware Infection,Immediately isolate the endpoint
ALT-000068,2619,2026-07-26 13:47:23,100.0,Critical,Critical,P1,Resolved,Incident Response Team,Ransomware,Immediately isolate the endpoint
ALT-003551,130453,2026-07-26 13:47:46,100.0,Critical,Critical,P1,Open,Incident Response Team,Data Exfiltration,Immediately isolate the endpoint
ALT-002487,85823,2026-07-26 13:48:06,100.0,Critical,Critical,P1,Open,Incident Response Team,Malware Infection,Immediately isolate the endpoint
ALT-006108,235252,2026-07-26 13:49:01,100.0,Critical,Critical,P1,Open,Incident Response Team,Privilege Escalation,Immediately isolate the endpoint
ALT-004180,160508,2026-07-26 13:49:04,100.0,Critical,Critical,P1,Open,Incident Response Team,Malware Infection,Immediately isolate the endpoint
ALT-003112,112191,2026-07-26 13:49:08,30.55,Medium,Low,P3,Open,Tier-1 SOC Analyst,Reconnaissance,Investigate suspicious activity
ALT-002988,108742,2026-07-26 13:49:25,100.0,Critical,Critical,P1,Resolved,Incident Response Team,Data Exfiltration,Immediately isolate the endpoint
ALT-002920,107950,2026-07-26 13:49:34,100.0,Critical,Critical,P1,Open,Incident Response Team,Privilege Escalation,Immediately isolate the endpoint
ALT-003279,117567,2026-07-26 13:49:36,99.8,Critical,Critical,P1,Open,Incident Response Team,Data Exfiltration,Immediately isolate the endpoint
ALT-002908,105802,2026-07-26 13:50:10,100.0,Critical,Critical,P1,Investigating,Incident Response Team,Malware Infection,Immediately isolate the endpoint
ALT-000580,21690,2026-07-26 13:50:12,100.0,Critical,Critical,P1,Open,Incident Response Team,Ransomware,Immediately isolate the endpoint
ALT-000445,15559,2026-07-26 13:50:29,100.0,Critical,Critical,P1,Investigating,Incident Response Team,Malware Infection,Immediately isolate the endpoint
ALT-002501,85837,2026-07-26 13:50:30,100.0,Critical,Critical,P1,Open,Incident Response Team,Ransomware,Immediately isolate the endpoint
ALT-001723,60609,2026-07-26 13:50:40,100.0,Critical,Critical,P1,Open,Incident Response Team,Privilege Escalation,Immediately isolate the endpoint
ALT-005664,225179,2026-07-26 13:50:42,100.0,Critical,Critical,P1,Open,Incident Response Team,Privilege Escalation,Immediately isolate the endpoint
ALT-003409,121704,2026-07-26 13:51:15,72.79,High,Medium,P2,Open,Tier-2 SOC Analyst,Brute Force Attack,Notify security team
ALT-005198,206025,2026-07-26 13:51:15,100.0,Critical,Critical,P1,Resolved,Incident Response Team,Malware Infection,Immediately isolate the endpoint
ALT-001789,61218,2026-07-26 13:51:24,99.49,Critical,Critical,P1,Open,Incident Response Team,Malware Infection,Immediately isolate the endpoint
ALT-003128,112207,2026-07-26 13:51:57,32.11,Medium,Low,P3,Open,Tier-1 SOC Analyst,Abnormal Traffic,Investigate suspicious activity
ALT-000910,35087,2026-07-26 13:52:10,100.0,Critical,Critical,P1,Open,Incident Response Team,Privilege Escalation,Immediately isolate the endpoint
ALT-002473,85372,2026-07-26 13:52:14,37.81,Medium,Low,P3,Open,Tier-1 SOC Analyst,Abnormal Traffic,Investigate suspicious activity
ALT-000171,5417,2026-07-26 13:52:34,100.0,Critical,Critical,P1,Investigating,Incident Response Team,Privilege Escalation,Immediately isolate the endpoint
ALT-003346,120121,2026-07-26 13:52:56,97.77,Critical,Critical,P1,Open,Incident Response Team,Malware Infection,Immediately isolate the endpoint
ALT-005057,203229,2026-07-26 13:53:21,100.0,Critical,Critical,P1,Investigating,Incident Response Team,Malware Infection,Immediately isolate the endpoint
ALT-002397,84034,2026-07-26 13:53:25,100.0,Critical,Critical,P1,Resolved,Incident Response Team,Ransomware,Immediately isolate the endpoint
ALT-000424,15538,2026-07-26 13:53:32,100.0,Critical,Critical,P1,Open,Incident Response Team,Data Exfiltration,Immediately isolate the endpoint
ALT-000703,27214,2026-07-26 13:53:33,100.0,Critical,Critical,P1,Resolved,Incident Response Team,Data Exfiltration,Immediately isolate the endpoint
ALT-000996,40010,2026-07-26 13:53:49,100.0,Critical,Critical,P1,Open,Incident Response Team,Malware Infection,Immediately isolate the endpoint
ALT-005357,211006,2026-07-26 13:53:54,45.1,Medium,Low,P3,Open,Tier-1 SOC Analyst,Port Scan,Investigate suspicious activity
ALT-003293,118034,2026-07-26 13:54:06,100.0,Critical,Critical,P1,Open,Incident Response Team,Data Exfiltration,Immediately isolate the endpoint
ALT-001271,47012,2026-07-26 13:54:29,100.0,Critical,Critical,P1,Investigating,Incident Response Team,Malware Infection,Immediately isolate the endpoint
ALT-002463,85088,2026-07-26 13:54:48,100.0,Critical,Critical,P1,Resolved,Incident Response Team,Malware Infection,Immediately isolate the endpoint
ALT-000363,13366,2026-07-26 13:55:13,92.22,Critical,Critical,P1,Open,Incident Response Team,Malware Infection,Immediately isolate the endpoint
ALT-002880,104023,2026-07-26 13:55:31,100.0,Critical,Critical,P1,Investigating,Incident Response Team,Malware Infection,Immediately isolate the endpoint
ALT-004770,196694,2026-07-26 13:55:46,22.04,Medium,Low,P3,Open,Tier-1 SOC Analyst,Reconnaissance,Investigate suspicious activity
ALT-002576,90980,2026-07-26 13:55:48,100.0,Critical,Critical,P1,Open,Incident Response Team,Malware Infection,Immediately isolate the endpoint
ALT-005888,231376,2026-07-26 13:55:51,99.94,Critical,Critical,P1,Open,Incident Response Team,Privilege Escalation,Immediately isolate the endpoint
ALT-001366,51480,2026-07-26 13:57:04,100.0,Critical,Critical,P1,Resolved,Incident Response Team,Privilege Escalation,Immediately isolate the endpoint
ALT-001533,54832,2026-07-26 13:57:29,100.0,Critical,Critical,P1,Investigating,Incident Response Team,Malware Infection,Immediately isolate the endpoint
ALT-002203,76219,2026-07-26 13:57:34,100.0,Critical,Critical,P1,Open,Incident Response Team,Data Exfiltration,Immediately isolate the endpoint
ALT-005815,230618,2026-07-26 13:57:39,96.64,Critical,Critical,P1,Open,Incident Response Team,Data Exfiltration,Immediately isolate the endpoint
ALT-006077,234879,2026-07-26 13:57:58,100.0,Critical,Critical,P1,Open,Incident Response Team,Data Exfiltration,Immediately isolate the endpoint
ALT-004378,174752,2026-07-26 13:57:59,37.48,Medium,Low,P3,Open,Tier-1 SOC Analyst,Abnormal Traffic,Investigate suspicious activity
ALT-002184,75904,2026-07-26 13:58:24,28.69,Medium,Low,P3,Open,Tier-1 SOC Analyst,Policy Violation,Investigate suspicious activity
ALT-000691,27202,2026-07-26 13:58:36,100.0,Critical,Critical,P1,Investigating,Incident Response Team,Malware Infection,Immediately isolate the endpoint
ALT-002282,81712,2026-07-26 13:58:44,98.88,Critical,Critical,P1,Open,Incident Response Team,Data Exfiltration,Immediately isolate the endpoint
ALT-001706,60042,2026-07-26 13:58:45,100.0,Critical,Critical,P1,Open,Incident Response Team,Ransomware,Immediately isolate the endpoint
ALT-000689,27200,2026-07-26 13:59:04,100.0,Critical,Critical,P1,Open,Incident Response Team,Data Exfiltration,Immediately isolate the endpoint
ALT-005248,208174,2026-07-26 13:59:08,100.0,Critical,Critical,P1,Investigating,Incident Response Team,Malware Infection,Immediately isolate the endpoint
ALT-003666,136409,2026-07-26 13:59:08,100.0,Critical,Critical,P1,Investigating,Incident Response Team,Data Exfiltration,Immediately isolate the endpoint
ALT-003970,149301,2026-07-26 13:59:12,100.0,Critical,Critical,P1,Open,Incident Response Team,Ransomware,Immediately isolate the endpoint
ALT-006012,233880,2026-07-26 13:59:18,100.0,Critical,Critical,P1,Investigating,Incident Response Team,Malware Infection,Immediately isolate the endpoint
ALT-006146,238100,2026-07-26 13:59:18,99.99,Critical,Critical,P1,Open,Incident Response Team,Malware Infection,Immediately isolate the endpoint
ALT-001005,40461,2026-07-26 13:59:18,100.0,Critical,Critical,P1,Open,Incident Response Team,Privilege Escalation,Immediately isolate the endpoint
ALT-005239,207293,2026-07-26 13:59:18,100.0,Critical,Critical,P1,Open,Incident Response Team,Privilege Escalation,Immediately isolate the endpoint
ALT-002150,74502,2026-07-26 13:59:22,99.76,Critical,Critical,P1,Open,Incident Response Team,Data Exfiltration,Immediately isolate the endpoint
ALT-002222,77679,2026-07-26 13:59:35,100.0,Critical,Critical,P1,Open,Incident Response Team,Malware Infection,Immediately isolate the endpoint
ALT-004649,186298,2026-07-26 13:59:43,99.98,Critical,Critical,P1,Resolved,Incident Response Team,Data Exfiltration,Immediately isolate the endpoint
ALT-005467,214396,2026-07-26 14:00:10,100.0,Critical,Critical,P1,Investigating,Incident Response Team,Malware Infection,Immediately isolate the endpoint
ALT-004124,158862,2026-07-26 14:00:17,100.0,Critical,Critical,P1,Investigating,Incident Response Team,Malware Infection,Immediately isolate the endpoint
ALT-001538,54837,2026-07-26 14:00:29,100.0,Critical,Critical,P1,Open,Incident Response Team,Privilege Escalation,Immediately isolate the endpoint
ALT-005883,231371,2026-07-26 14:00:59,99.94,Critical,Critical,P1,Open,Incident Response Team,Privilege Escalation,Immediately isolate the endpoint
ALT-005317,210707,2026-07-26 14:01:00,53.75,High,Medium,P2,Investigating,Tier-2 SOC Analyst,Brute Force Attack,Notify security team
ALT-005877,231365,2026-07-26 14:01:15,99.93,Critical,Critical,P1,Open,Incident Response Team,Privilege Escalation,Immediately isolate the endpoint
ALT-000488,17645,2026-07-26 14:01:30,100.0,Critical,Critical,P1,Open,Incident Response Team,Data Exfiltration,Immediately isolate the endpoint
ALT-000368,13371,2026-07-26 14:01:31,100.0,Critical,Critical,P1,Open,Incident Response Team,Privilege Escalation,Immediately isolate the endpoint
ALT-003176,114379,2026-07-26 14:01:59,100.0,Critical,Critical,P1,Investigating,Incident Response Team,Privilege Escalation,Immediately isolate the endpoint
ALT-004012,152954,2026-07-26 14:01:59,100.0,Critical,Critical,P1,Open,Incident Response Team,Ransomware,Immediately isolate the endpoint
ALT-006152,238106,2026-07-26 14:02:18,100.0,Critical,Critical,P1,Open,Incident Response Team,Ransomware,Immediately isolate the endpoint
ALT-001761,61140,2026-07-26 14:02:38,100.0,Critical,Critical,P1,Investigating,Incident Response Team,Malware Infection,Immediately isolate the endpoint
ALT-005848,231188,2026-07-26 14:02:54,100.0,Critical,Critical,P1,Open,Incident Response Team,Data Exfiltration,Immediately isolate the endpoint
ALT-004026,154643,2026-07-26 14:03:14,100.0,Critical,Critical,P1,Open,Incident Response Team,Malware Infection,Immediately isolate the endpoint
ALT-000185,5722,2026-07-26 14:03:19,99.99,Critical,Critical,P1,Open,Incident Response Team,Data Exfiltration,Immediately isolate the endpoint
ALT-005264,208190,2026-07-26 14:03:43,100.0,Critical,Critical,P1,Open,Incident Response Team,Data Exfiltration,Immediately isolate the endpoint
ALT-000365,13368,2026-07-26 14:03:44,100.0,Critical,Critical,P1,Investigating,Incident Response Team,Data Exfiltration,Immediately isolate the endpoint
ALT-004029,154646,2026-07-26 14:03:44,45.07,Medium,Low,P3,Open,Tier-1 SOC Analyst,Abnormal Traffic,Investigate suspicious activity
ALT-000700,27211,2026-07-26 14:03:49,100.0,Critical,Critical,P1,Open,Incident Response Team,Ransomware,Immediately isolate the endpoint
ALT-000567,20183,2026-07-26 14:03:58,100.0,Critical,Critical,P1,Investigating,Incident Response Team,Data Exfiltration,Immediately isolate the endpoint
ALT-004157,159376,2026-07-26 14:04:29,100.0,Critical,Critical,P1,Investigating,Incident Response Team,Malware Infection,Immediately isolate the endpoint
ALT-003532,127914,2026-07-26 14:04:45,100.0,Critical,Critical,P1,Investigating,Incident Response Team,Privilege Escalation,Immediately isolate the endpoint
ALT-005510,216375,2026-07-26 14:04:53,21.02,Medium,Low,P3,Open,Tier-1 SOC Analyst,Policy Violation,Investigate suspicious activity
ALT-001357,51471,2026-07-26 14:05:16,100.0,Critical,Critical,P1,Open,Incident Response Team,Ransomware,Immediately isolate the endpoint
ALT-002646,95156,2026-07-26 14:05:24,100.0,Critical,Critical,P1,Resolved,Incident Response Team,Data Exfiltration,Immediately isolate the endpoint
ALT-004684,189094,2026-07-26 14:05:25,100.0,Critical,Critical,P1,Investigating,Incident Response Team,Data Exfiltration,Immediately isolate the endpoint
ALT-001359,51473,2026-07-26 14:05:40,100.0,Critical,Critical,P1,Open,Incident Response Team,Malware Infection,Immediately isolate the endpoint
ALT-002472,85371,2026-07-26 14:05:41,31.64,Medium,Low,P3,Open,Tier-1 SOC Analyst,Port Scan,Investigate suspicious activity
ALT-001148,44897,2026-07-26 14:06:06,66.41,High,Medium,P2,Open,Tier-2 SOC Analyst,Suspicious Login,Notify security team
ALT-004887,201437,2026-07-26 14:06:20,36.29,Medium,Low,P3,Resolved,Tier-1 SOC Analyst,Port Scan,Investigate suspicious activity
ALT-001530,54829,2026-07-26 14:06:30,100.0,Critical,Critical,P1,Open,Incident Response Team,Malware Infection,Immediately isolate the endpoint
ALT-001896,64104,2026-07-26 14:06:42,85.16,Critical,Critical,P1,Open,Incident Response Team,Ransomware,Immediately isolate the endpoint
ALT-000054,2396,2026-07-26 14:07:07,99.43,Critical,Critical,P1,Open,Incident Response Team,Malware Infection,Immediately isolate the endpoint
ALT-000714,27225,2026-07-26 14:07:13,100.0,Critical,Critical,P1,Investigating,Incident Response Team,Ransomware,Immediately isolate the endpoint
ALT-003612,131719,2026-07-26 14:07:48,100.0,Critical,Critical,P1,Investigating,Incident Response Team,Ransomware,Immediately isolate the endpoint
ALT-003083,111860,2026-07-26 14:07:54,24.08,Medium,Low,P3,Open,Tier-1 SOC Analyst,Policy Violation,Investigate suspicious activity
ALT-004426,177890,2026-07-26 14:08:25,73.69,High,Medium,P2,Investigating,Tier-2 SOC Analyst,Brute Force Attack,Notify security team
ALT-002482,85381,2026-07-26 14:08:33,23.91,Medium,Low,P3,Resolved,Tier-1 SOC Analyst,Reconnaissance,Investigate suspicious activity
ALT-005713,225435,2026-07-26 14:08:37,100.0,Critical,Critical,P1,Open,Incident Response Team,Malware Infection,Immediately isolate the endpoint
ALT-001170,44919,2026-07-26 14:08:37,64.27,High,Medium,P2,Open,Tier-2 SOC Analyst,Brute Force Attack,Notify security team
ALT-000767,28172,2026-07-26 14:08:59,98.56,Critical,Critical,P1,Open,Incident Response Team,Data Exfiltration,Immediately isolate the endpoint
ALT-001692,60028,2026-07-26 14:10:06,100.0,Critical,Critical,P1,Investigating,Incident Response Team,Data Exfiltration,Immediately isolate the endpoint
ALT-004850,200990,2026-07-26 14:11:02,52.74,High,Medium,P2,Open,Tier-2 SOC Analyst,Suspicious Login,Notify security team
ALT-001051,41917,2026-07-26 14:11:48,100.0,Critical,Critical,P1,Investigating,Incident Response Team,Data Exfiltration,Immediately isolate the endpoint
ALT-005468,214397,2026-07-26 14:11:50,99.99,Critical,Critical,P1,Investigating,Incident Response Team,Ransomware,Immediately isolate the endpoint
ALT-005627,223710,2026-07-26 14:11:59,99.5,Critical,Critical,P1,Open,Incident Response Team,Malware Infection,Immediately isolate the endpoint
ALT-004534,182798,2026-07-26 14:12:05,56.87,High,Medium,P2,Resolved,Tier-2 SOC Analyst,Unauthorized Access,Notify security team
ALT-002752,98852,2026-07-26 14:12:06,100.0,Critical,Critical,P1,Open,Incident Response Team,Ransomware,Immediately isolate the endpoint
ALT-005370,212511,2026-07-26 14:12:50,21.35,Medium,Low,P3,Open,Tier-1 SOC Analyst,Reconnaissance,Investigate suspicious activity
ALT-004568,184171,2026-07-26 14:13:03,99.36,Critical,Critical,P1,Investigating,Incident Response Team,Ransomware,Immediately isolate the endpoint
ALT-005784,229992,2026-07-26 14:13:03,100.0,Critical,Critical,P1,Investigating,Incident Response Team,Data Exfiltration,Immediately isolate the endpoint
ALT-000541,20157,2026-07-26 14:13:07,100.0,Critical,Critical,P1,Open,Incident Response Team,Malware Infection,Immediately isolate the endpoint
ALT-002309,82752,2026-07-26 14:13:07,100.0,Critical,Critical,P1,Investigating,Incident Response Team,Ransomware,Immediately isolate the endpoint
ALT-000992,40006,2026-07-26 14:13:25,100.0,Critical,Critical,P1,Resolved,Incident Response Team,Data Exfiltration,Immediately isolate the endpoint
ALT-001665,58889,2026-07-26 14:13:43,99.01,Critical,Critical,P1,Open,Incident Response Team,Data Exfiltration,Immediately isolate the endpoint
ALT-001771,61150,2026-07-26 14:14:13,100.0,Critical,Critical,P1,Resolved,Incident Response Team,Data Exfiltration,Immediately isolate the endpoint
ALT-002603,92114,2026-07-26 14:14:33,100.0,Critical,Critical,P1,Open,Incident Response Team,Privilege Escalation,Immediately isolate the endpoint
ALT-001755,60641,2026-07-26 14:14:40,100.0,Critical,Critical,P1,Open,Incident Response Team,Privilege Escalation,Immediately isolate the endpoint
ALT-003534,127916,2026-07-26 14:14:51,100.0,Critical,Critical,P1,Open,Incident Response Team,Ransomware,Immediately isolate the endpoint
ALT-000378,13381,2026-07-26 14:14:56,100.0,Critical,Critical,P1,Investigating,Incident Response Team,Ransomware,Immediately isolate the endpoint
ALT-004375,174732,2026-07-26 14:15:30,23.11,Medium,Low,P3,Investigating,Tier-1 SOC Analyst,Abnormal Traffic,Investigate suspicious activity
ALT-001112,44831,2026-07-26 14:15:57,100.0,Critical,Critical,P1,Open,Incident Response Team,Ransomware,Immediately isolate the endpoint
ALT-001670,58894,2026-07-26 14:16:16,98.9,Critical,Critical,P1,Open,Incident Response Team,Data Exfiltration,Immediately isolate the endpoint
ALT-005917,232127,2026-07-26 14:16:42,100.0,Critical,Critical,P1,Investigating,Incident Response Team,Privilege Escalation,Immediately isolate the endpoint
ALT-002403,84040,2026-07-26 14:16:51,100.0,Critical,Critical,P1,Open,Incident Response Team,Ransomware,Immediately isolate the endpoint
ALT-001097,44816,2026-07-26 14:17:08,100.0,Critical,Critical,P1,Investigating,Incident Response Team,Privilege Escalation,Immediately isolate the endpoint
ALT-006098,235242,2026-07-26 14:17:08,100.0,Critical,Critical,P1,Investigating,Incident Response Team,Ransomware,Immediately isolate the endpoint
ALT-001671,58895,2026-07-26 14:17:25,98.91,Critical,Critical,P1,Open,Incident Response Team,Privilege Escalation,Immediately isolate the endpoint
ALT-003267,117555,2026-07-26 14:17:58,99.8,Critical,Critical,P1,Resolved,Incident Response Team,Data Exfiltration,Immediately isolate the endpoint
ALT-000257,9924,2026-07-26 14:18:21,28.23,Medium,Low,P3,Open,Tier-1 SOC Analyst,Port Scan,Investigate suspicious activity
ALT-005425,213238,2026-07-26 14:18:25,100.0,Critical,Critical,P1,Resolved,Incident Response Team,Data Exfiltration,Immediately isolate the endpoint
ALT-005714,225436,2026-07-26 14:18:29,100.0,Critical,Critical,P1,Investigating,Incident Response Team,Privilege Escalation,Immediately isolate the endpoint
ALT-005164,205602,2026-07-26 14:19:06,100.0,Critical,Critical,P1,Investigating,Incident Response Team,Malware Infection,Immediately isolate the endpoint
ALT-001941,65953,2026-07-26 14:19:06,100.0,Critical,Critical,P1,Open,Incident Response Team,Ransomware,Immediately isolate the endpoint
ALT-005320,210710,2026-07-26 14:19:11,54.81,High,Medium,P2,Investigating,Tier-2 SOC Analyst,Suspicious Login,Notify security team
ALT-003731,137624,2026-07-26 14:19:54,76.71,High,Medium,P2,Open,Tier-2 SOC Analyst,Network Intrusion,Notify security team
ALT-002130,74317,2026-07-26 14:19:55,100.0,Critical,Critical,P1,Open,Incident Response Team,Privilege Escalation,Immediately isolate the endpoint
ALT-004441,177905,2026-07-26 14:20:02,99.92,Critical,Critical,P1,Open,Incident Response Team,Data Exfiltration,Immediately isolate the endpoint
ALT-002359,83770,2026-07-26 14:20:11,47.35,Medium,Low,P3,Open,Tier-1 SOC Analyst,Policy Violation,Investigate suspicious activity
ALT-001522,54551,2026-07-26 14:20:13,100.0,Critical,Critical,P1,Open,Incident Response Team,Ransomware,Immediately isolate the endpoint
ALT-000275,10063,2026-07-26 14:20:27,100.0,Critical,Critical,P1,Investigating,Incident Response Team,Malware Infection,Immediately isolate the endpoint
ALT-005687,225202,2026-07-26 14:20:50,100.0,Critical,Critical,P1,Investigating,Incident Response Team,Privilege Escalation,Immediately isolate the endpoint
ALT-003451,123152,2026-07-26 14:20:58,98.25,Critical,Critical,P1,Open,Incident Response Team,Malware Infection,Immediately isolate the endpoint
ALT-005572,218198,2026-07-26 14:21:10,99.96,Critical,Critical,P1,Investigating,Incident Response Team,Privilege Escalation,Immediately isolate the endpoint
ALT-005624,223707,2026-07-26 14:21:42,99.5,Critical,Critical,P1,Open,Incident Response Team,Data Exfiltration,Immediately isolate the endpoint
ALT-001500,53842,2026-07-26 14:22:13,57.09,High,Medium,P2,Investigating,Tier-2 SOC Analyst,Unauthorized Access,Notify security team
ALT-003905,146565,2026-07-26 14:22:17,62.44,High,Medium,P2,Investigating,Tier-2 SOC Analyst,Suspicious Login,Notify security team
ALT-004417,176918,2026-07-26 14:22:19,100.0,Critical,Critical,P1,Open,Incident Response Team,Malware Infection,Immediately isolate the endpoint
ALT-001380,51917,2026-07-26 14:22:44,100.0,Critical,Critical,P1,Investigating,Incident Response Team,Malware Infection,Immediately isolate the endpoint
ALT-004230,166190,2026-07-26 14:22:44,99.35,Critical,Critical,P1,Open,Incident Response Team,Malware Infection,Immediately isolate the endpoint
ALT-003760,137988,2026-07-26 14:22:53,100.0,Critical,Critical,P1,Open,Incident Response Team,Data Exfiltration,Immediately isolate the endpoint
ALT-001819,62270,2026-07-26 14:22:56,99.24,Critical,Critical,P1,Investigating,Incident Response Team,Malware Infection,Immediately isolate the endpoint
ALT-000443,15557,2026-07-26 14:23:55,100.0,Critical,Critical,P1,Open,Incident Response Team,Malware Infection,Immediately isolate the endpoint
ALT-005362,211011,2026-07-26 14:24:00,27.08,Medium,Low,P3,Open,Tier-1 SOC Analyst,Abnormal Traffic,Investigate suspicious activity
ALT-000356,13159,2026-07-26 14:24:49,100.0,Critical,Critical,P1,Open,Incident Response Team,Privilege Escalation,Immediately isolate the endpoint
ALT-001405,52559,2026-07-26 14:25:19,46.62,Medium,Low,P3,Investigating,Tier-1 SOC Analyst,Port Scan,Investigate suspicious activity
ALT-005470,214399,2026-07-26 14:25:22,100.0,Critical,Critical,P1,Open,Incident Response Team,Data Exfiltration,Immediately isolate the endpoint
ALT-001940,65952,2026-07-26 14:26:10,99.98,Critical,Critical,P1,Open,Incident Response Team,Privilege Escalation,Immediately isolate the endpoint
ALT-005113,204236,2026-07-26 14:26:10,100.0,Critical,Critical,P1,Investigating,Incident Response Team,Ransomware,Immediately isolate the endpoint
ALT-002849,103819,2026-07-26 14:26:21,99.5,Critical,Critical,P1,Investigating,Incident Response Team,Malware Infection,Immediately isolate the endpoint
ALT-003685,136428,2026-07-26 14:26:38,100.0,Critical,Critical,P1,Open,Incident Response Team,Privilege Escalation,Immediately isolate the endpoint
ALT-001422,52846,2026-07-26 14:26:45,48.37,Medium,Low,P3,Open,Tier-1 SOC Analyst,Policy Violation,Investigate suspicious activity
ALT-005785,229993,2026-07-26 14:26:50,100.0,Critical,Critical,P1,Open,Incident Response Team,Data Exfiltration,Immediately isolate the endpoint
ALT-003139,112218,2026-07-26 14:27:04,28.61,Medium,Low,P3,Open,Tier-1 SOC Analyst,Reconnaissance,Investigate suspicious activity
ALT-002139,74326,2026-07-26 14:27:47,100.0,Critical,Critical,P1,Open,Incident Response Team,Ransomware,Immediately isolate the endpoint
ALT-004067,156868,2026-07-26 14:28:06,100.0,Critical,Critical,P1,Investigating,Incident Response Team,Privilege Escalation,Immediately isolate the endpoint
ALT-004439,177903,2026-07-26 14:28:09,99.54,Critical,Critical,P1,Investigating,Incident Response Team,Malware Infection,Immediately isolate the endpoint
ALT-005504,216238,2026-07-26 14:29:15,99.47,Critical,Critical,P1,Investigating,Incident Response Team,Ransomware,Immediately isolate the endpoint
ALT-002888,105096,2026-07-26 14:29:47,100.0,Critical,Critical,P1,Open,Incident Response Team,Privilege Escalation,Immediately isolate the endpoint
ALT-004002,152944,2026-07-26 14:29:48,100.0,Critical,Critical,P1,Investigating,Incident Response Team,Malware Infection,Immediately isolate the endpoint
ALT-003477,126454,2026-07-26 14:30:04,100.0,Critical,Critical,P1,Open,Incident Response Team,Data Exfiltration,Immediately isolate the endpoint
ALT-001372,51486,2026-07-26 14:30:05,100.0,Critical,Critical,P1,Resolved,Incident Response Team,Data Exfiltration,Immediately isolate the endpoint
ALT-004571,184174,2026-07-26 14:30:26,99.37,Critical,Critical,P1,Investigating,Incident Response Team,Ransomware,Immediately isolate the endpoint
ALT-005096,204219,2026-07-26 14:30:44,100.0,Critical,Critical,P1,Open,Incident Response Team,Data Exfiltration,Immediately isolate the endpoint
ALT-004333,172396,2026-07-26 14:30:55,100.0,Critical,Critical,P1,Investigating,Incident Response Team,Data Exfiltration,Immediately isolate the endpoint
ALT-000922,35099,2026-07-26 14:31:17,100.0,Critical,Critical,P1,Open,Incident Response Team,Malware Infection,Immediately isolate the endpoint
ALT-000151,4888,2026-07-26 14:31:17,64.19,High,Medium,P2,Investigating,Tier-2 SOC Analyst,Unauthorized Access,Notify security team
ALT-000964,38861,2026-07-26 14:31:22,100.0,Critical,Critical,P1,Open,Incident Response Team,Malware Infection,Immediately isolate the endpoint
ALT-004419,176920,2026-07-26 14:31:22,100.0,Critical,Critical,P1,Open,Incident Response Team,Privilege Escalation,Immediately isolate the endpoint
ALT-005156,205594,2026-07-26 14:31:25,99.13,Critical,Critical,P1,Investigating,Incident Response Team,Ransomware,Immediately isolate the endpoint
ALT-001501,53843,2026-07-26 14:31:31,57.56,High,Medium,P2,Open,Tier-2 SOC Analyst,Unauthorized Access,Notify security team
ALT-005622,223705,2026-07-26 14:32:16,99.54,Critical,Critical,P1,Investigating,Incident Response Team,Data Exfiltration,Immediately isolate the endpoint
ALT-002373,84010,2026-07-26 14:32:34,99.4,Critical,Critical,P1,Open,Incident Response Team,Data Exfiltration,Immediately isolate the endpoint
ALT-002249,78461,2026-07-26 14:32:34,47.86,Medium,Low,P3,Investigating,Tier-1 SOC Analyst,Abnormal Traffic,Investigate suspicious activity
ALT-004826,200755,2026-07-26 14:33:22,99.74,Critical,Critical,P1,Investigating,Incident Response Team,Data Exfiltration,Immediately isolate the endpoint
ALT-001777,61156,2026-07-26 14:33:29,100.0,Critical,Critical,P1,Open,Incident Response Team,Data Exfiltration,Immediately isolate the endpoint
ALT-001886,64094,2026-07-26 14:33:41,95.27,Critical,Critical,P1,Open,Incident Response Team,Privilege Escalation,Immediately isolate the endpoint
ALT-005905,231393,2026-07-26 14:33:47,99.94,Critical,Critical,P1,Open,Incident Response Team,Data Exfiltration,Immediately isolate the endpoint
ALT-003973,149304,2026-07-26 14:34:02,100.0,Critical,Critical,P1,Open,Incident Response Team,Data Exfiltration,Immediately isolate the endpoint
ALT-001526,54825,2026-07-26 14:34:05,100.0,Critical,Critical,P1,Open,Incident Response Team,Data Exfiltration,Immediately isolate the endpoint
ALT-004679,189089,2026-07-26 14:34:16,100.0,Critical,Critical,P1,Investigating,Incident Response Team,Malware Infection,Immediately isolate the endpoint
ALT-000036,2378,2026-07-26 14:34:19,98.07,Critical,Critical,P1,Resolved,Incident Response Team,Privilege Escalation,Immediately isolate the endpoint
ALT-004252,166324,2026-07-26 14:34:21,100.0,Critical,Critical,P1,Investigating,Incident Response Team,Privilege Escalation,Immediately isolate the endpoint
ALT-003268,117556,2026-07-26 14:34:21,100.0,Critical,Critical,P1,Investigating,Incident Response Team,Malware Infection,Immediately isolate the endpoint
ALT-000009,1770,2026-07-26 14:34:48,100.0,Critical,Critical,P1,Investigating,Incident Response Team,Data Exfiltration,Immediately isolate the endpoint
ALT-004560,182824,2026-07-26 14:35:12,46.78,Medium,Low,P3,Investigating,Tier-1 SOC Analyst,Abnormal Traffic,Investigate suspicious activity
ALT-002730,98288,2026-07-26 14:35:51,100.0,Critical,Critical,P1,Open,Incident Response Team,Privilege Escalation,Immediately isolate the endpoint
ALT-002283,81713,2026-07-26 14:36:04,99.13,Critical,Critical,P1,Resolved,Incident Response Team,Malware Infection,Immediately isolate the endpoint
ALT-003694,136951,2026-07-26 14:36:06,100.0,Critical,Critical,P1,Investigating,Incident Response Team,Malware Infection,Immediately isolate the endpoint
ALT-002958,108526,2026-07-26 14:36:18,21.75,Medium,Low,P3,Open,Tier-1 SOC Analyst,Reconnaissance,Investigate suspicious activity
ALT-001218,45980,2026-07-26 14:36:37,99.97,Critical,Critical,P1,Open,Incident Response Team,Malware Infection,Immediately isolate the endpoint
ALT-001960,66027,2026-07-26 14:37:28,42.85,Medium,Low,P3,Open,Tier-1 SOC Analyst,Abnormal Traffic,Investigate suspicious activity
ALT-004625,185971,2026-07-26 14:37:43,20.4,Medium,Low,P3,Open,Tier-1 SOC Analyst,Abnormal Traffic,Investigate suspicious activity
ALT-001450,53778,2026-07-26 14:37:59,59.69,High,Medium,P2,Investigating,Tier-2 SOC Analyst,Unauthorized Access,Notify security team
ALT-001034,41900,2026-07-26 14:38:03,100.0,Critical,Critical,P1,Open,Incident Response Team,Privilege Escalation,Immediately isolate the endpoint
ALT-006052,234099,2026-07-26 14:38:24,100.0,Critical,Critical,P1,Open,Incident Response Team,Malware Infection,Immediately isolate the endpoint
ALT-005354,211003,2026-07-26 14:38:29,48.96,Medium,Low,P3,Resolved,Tier-1 SOC Analyst,Policy Violation,Investigate suspicious activity
ALT-003880,142684,2026-07-26 14:38:53,100.0,Critical,Critical,P1,Open,Incident Response Team,Privilege Escalation,Immediately isolate the endpoint
ALT-002633,92172,2026-07-26 14:39:22,100.0,Critical,Critical,P1,Open,Incident Response Team,Privilege Escalation,Immediately isolate the endpoint
ALT-002336,82779,2026-07-26 14:40:31,100.0,Critical,Critical,P1,Open,Incident Response Team,Ransomware,Immediately isolate the endpoint
ALT-004298,167693,2026-07-26 14:40:38,99.94,Critical,Critical,P1,Investigating,Incident Response Team,Privilege Escalation,Immediately isolate the endpoint
ALT-001311,49247,2026-07-26 14:41:10,99.92,Critical,Critical,P1,Resolved,Incident Response Team,Ransomware,Immediately isolate the endpoint
ALT-000373,13376,2026-07-26 14:41:59,100.0,Critical,Critical,P1,Open,Incident Response Team,Privilege Escalation,Immediately isolate the endpoint
ALT-003631,135884,2026-07-26 14:42:41,99.42,Critical,Critical,P1,Investigating,Incident Response Team,Malware Infection,Immediately isolate the endpoint
ALT-004270,167145,2026-07-26 14:43:02,100.0,Critical,Critical,P1,Open,Incident Response Team,Data Exfiltration,Immediately isolate the endpoint
ALT-001040,41906,2026-07-26 14:43:28,100.0,Critical,Critical,P1,Resolved,Incident Response Team,Privilege Escalation,Immediately isolate the endpoint
ALT-001361,51475,2026-07-26 14:43:35,100.0,Critical,Critical,P1,Investigating,Incident Response Team,Malware Infection,Immediately isolate the endpoint
ALT-003223,114593,2026-07-26 14:43:43,98.54,Critical,Critical,P1,Investigating,Incident Response Team,Ransomware,Immediately isolate the endpoint
ALT-003762,137990,2026-07-26 14:43:56,99.62,Critical,Critical,P1,Open,Incident Response Team,Data Exfiltration,Immediately isolate the endpoint
ALT-004860,201000,2026-07-26 14:45:08,50.09,High,Medium,P2,Resolved,Tier-2 SOC Analyst,Brute Force Attack,Notify security team
ALT-002940,107970,2026-07-26 14:45:20,100.0,Critical,Critical,P1,Investigating,Incident Response Team,Malware Infection,Immediately isolate the endpoint
ALT-002010,67698,2026-07-26 14:45:20,25.86,Medium,Low,P3,Open,Tier-1 SOC Analyst,Abnormal Traffic,Investigate suspicious activity
ALT-004258,167133,2026-07-26 14:45:27,100.0,Critical,Critical,P1,Investigating,Incident Response Team,Malware Infection,Immediately isolate the endpoint
ALT-003932,148406,2026-07-26 14:45:53,99.93,Critical,Critical,P1,Open,Incident Response Team,Ransomware,Immediately isolate the endpoint
ALT-001787,61166,2026-07-26 14:46:27,100.0,Critical,Critical,P1,Investigating,Incident Response Team,Malware Infection,Immediately isolate the endpoint
ALT-003976,149730,2026-07-26 14:46:46,29.95,Medium,Low,P3,Open,Tier-1 SOC Analyst,Policy Violation,Investigate suspicious activity
ALT-000712,27223,2026-07-26 14:47:02,100.0,Critical,Critical,P1,Investigating,Incident Response Team,Privilege Escalation,Immediately isolate the endpoint
ALT-001181,45460,2026-07-26 14:47:06,100.0,Critical,Critical,P1,Open,Incident Response Team,Malware Infection,Immediately isolate the endpoint
ALT-005036,203208,2026-07-26 14:47:30,25.54,Medium,Low,P3,Open,Tier-1 SOC Analyst,Reconnaissance,Investigate suspicious activity
ALT-003533,127915,2026-07-26 14:47:56,100.0,Critical,Critical,P1,Open,Incident Response Team,Data Exfiltration,Immediately isolate the endpoint
ALT-001469,53797,2026-07-26 14:48:06,59.76,High,Medium,P2,Open,Tier-2 SOC Analyst,Suspicious Login,Notify security team
ALT-004078,156879,2026-07-26 14:48:25,100.0,Critical,Critical,P1,Open,Incident Response Team,Malware Infection,Immediately isolate the endpoint
ALT-004037,155176,2026-07-26 14:48:36,99.6,Critical,Critical,P1,Open,Incident Response Team,Ransomware,Immediately isolate the endpoint
ALT-000755,28160,2026-07-26 14:48:38,97.81,Critical,Critical,P1,Open,Incident Response Team,Ransomware,Immediately isolate the endpoint
ALT-003958,149289,2026-07-26 14:49:02,99.96,Critical,Critical,P1,Open,Incident Response Team,Data Exfiltration,Immediately isolate the endpoint
ALT-000861,32753,2026-07-26 14:49:17,99.46,Critical,Critical,P1,Open,Incident Response Team,Data Exfiltration,Immediately isolate the endpoint
ALT-001062,43581,2026-07-26 14:49:30,99.56,Critical,Critical,P1,Investigating,Incident Response Team,Malware Infection,Immediately isolate the endpoint
ALT-003814,140914,2026-07-26 14:49:36,100.0,Critical,Critical,P1,Open,Incident Response Team,Privilege Escalation,Immediately isolate the endpoint
ALT-004373,174446,2026-07-26 14:49:51,24.5,Medium,Low,P3,Resolved,Tier-1 SOC Analyst,Policy Violation,Investigate suspicious activity
ALT-005315,210705,2026-07-26 14:49:58,51.91,High,Medium,P2,Investigating,Tier-2 SOC Analyst,Network Intrusion,Notify security team
ALT-003789,139044,2026-07-26 14:50:08,25.28,Medium,Low,P3,Investigating,Tier-1 SOC Analyst,Policy Violation,Investigate suspicious activity
ALT-003849,142186,2026-07-26 14:50:41,100.0,Critical,Critical,P1,Open,Incident Response Team,Privilege Escalation,Immediately isolate the endpoint
ALT-004829,200758,2026-07-26 14:50:57,99.52,Critical,Critical,P1,Investigating,Incident Response Team,Data Exfiltration,Immediately isolate the endpoint
ALT-001512,54541,2026-07-26 14:51:06,100.0,Critical,Critical,P1,Open,Incident Response Team,Malware Infection,Immediately isolate the endpoint
ALT-004115,158853,2026-07-26 14:51:20,100.0,Critical,Critical,P1,Open,Incident Response Team,Privilege Escalation,Immediately isolate the endpoint
ALT-000616,24919,2026-07-26 14:51:28,100.0,Critical,Critical,P1,Open,Incident Response Team,Ransomware,Immediately isolate the endpoint
ALT-001305,49241,2026-07-26 14:51:30,99.71,Critical,Critical,P1,Investigating,Incident Response Team,Ransomware,Immediately isolate the endpoint
ALT-004565,184168,2026-07-26 14:51:37,99.38,Critical,Critical,P1,Open,Incident Response Team,Ransomware,Immediately isolate the endpoint
ALT-002846,103816,2026-07-26 14:51:43,99.51,Critical,Critical,P1,Open,Incident Response Team,Malware Infection,Immediately isolate the endpoint
ALT-001996,67001,2026-07-26 14:52:38,99.9,Critical,Critical,P1,Resolved,Incident Response Team,Malware Infection,Immediately isolate the endpoint
ALT-002398,84035,2026-07-26 14:52:55,100.0,Critical,Critical,P1,Investigating,Incident Response Team,Malware Infection,Immediately isolate the endpoint
ALT-005750,229609,2026-07-26 14:53:26,100.0,Critical,Critical,P1,Open,Incident Response Team,Privilege Escalation,Immediately isolate the endpoint
ALT-004517,182721,2026-07-26 14:53:39,29.08,Medium,Low,P3,Open,Tier-1 SOC Analyst,Abnormal Traffic,Investigate suspicious activity
ALT-001375,51489,2026-07-26 14:53:47,100.0,Critical,Critical,P1,Investigating,Incident Response Team,Ransomware,Immediately isolate the endpoint
ALT-005653,225045,2026-07-26 14:53:55,100.0,Critical,Critical,P1,Open,Incident Response Team,Privilege Escalation,Immediately isolate the endpoint
ALT-002612,92123,2026-07-26 14:54:41,100.0,Critical,Critical,P1,Open,Incident Response Team,Data Exfiltration,Immediately isolate the endpoint
ALT-003928,148272,2026-07-26 14:54:47,100.0,Critical,Critical,P1,Open,Incident Response Team,Ransomware,Immediately isolate the endpoint
ALT-001859,63856,2026-07-26 14:54:55,30.12,Medium,Low,P3,Resolved,Tier-1 SOC Analyst,Abnormal Traffic,Investigate suspicious activity
ALT-003571,130584,2026-07-26 14:55:16,100.0,Critical,Critical,P1,Investigating,Incident Response Team,Privilege Escalation,Immediately isolate the endpoint
ALT-000750,28155,2026-07-26 14:55:19,97.9,Critical,Critical,P1,Investigating,Incident Response Team,Data Exfiltration,Immediately isolate the endpoint
ALT-002961,108715,2026-07-26 14:55:39,100.0,Critical,Critical,P1,Investigating,Incident Response Team,Data Exfiltration,Immediately isolate the endpoint
ALT-000263,9931,2026-07-26 14:56:18,93.14,Critical,Critical,P1,Open,Incident Response Team,Malware Infection,Immediately isolate the endpoint
ALT-004720,191135,2026-07-26 14:56:32,20.21,Medium,Low,P3,Open,Tier-1 SOC Analyst,Reconnaissance,Investigate suspicious activity
ALT-003126,112205,2026-07-26 14:56:39,44.69,Medium,Low,P3,Open,Tier-1 SOC Analyst,Port Scan,Investigate suspicious activity
ALT-004880,201418,2026-07-26 14:56:44,23.83,Medium,Low,P3,Open,Tier-1 SOC Analyst,Policy Violation,Investigate suspicious activity
ALT-000892,34302,2026-07-26 14:56:47,100.0,Critical,Critical,P1,Open,Incident Response Team,Data Exfiltration,Immediately isolate the endpoint
ALT-003404,121284,2026-07-26 14:56:52,100.0,Critical,Critical,P1,Investigating,Incident Response Team,Malware Infection,Immediately isolate the endpoint
ALT-001343,50378,2026-07-26 14:56:53,100.0,Critical,Critical,P1,Investigating,Incident Response Team,Malware Infection,Immediately isolate the endpoint
ALT-003240,115150,2026-07-26 14:57:07,100.0,Critical,Critical,P1,Investigating,Incident Response Team,Malware Infection,Immediately isolate the endpoint
ALT-004675,186623,2026-07-26 14:57:17,46.1,Medium,Low,P3,Open,Tier-1 SOC Analyst,Port Scan,Investigate suspicious activity
ALT-003315,119208,2026-07-26 14:57:18,99.91,Critical,Critical,P1,Investigating,Incident Response Team,Data Exfiltration,Immediately isolate the endpoint
ALT-001927,65916,2026-07-26 14:57:31,100.0,Critical,Critical,P1,Investigating,Incident Response Team,Ransomware,Immediately isolate the endpoint
ALT-000266,9934,2026-07-26 14:57:33,63.35,High,Medium,P2,Open,Tier-2 SOC Analyst,Unauthorized Access,Notify security team
ALT-001547,54846,2026-07-26 14:58:04,100.0,Critical,Critical,P1,Investigating,Incident Response Team,Malware Infection,Immediately isolate the endpoint
ALT-000536,19841,2026-07-26 14:58:05,100.0,Critical,Critical,P1,Open,Incident Response Team,Privilege Escalation,Immediately isolate the endpoint
ALT-005299,210584,2026-07-26 14:58:51,99.16,Critical,Critical,P1,Open,Incident Response Team,Data Exfiltration,Immediately isolate the endpoint
ALT-001136,44855,2026-07-26 14:58:53,34.93,Medium,Low,P3,Open,Tier-1 SOC Analyst,Reconnaissance,Investigate suspicious activity
ALT-005762,229621,2026-07-26 14:59:28,100.0,Critical,Critical,P1,Open,Incident Response Team,Malware Infection,Immediately isolate the endpoint
ALT-001263,47004,2026-07-26 15:00:02,100.0,Critical,Critical,P1,Open,Incident Response Team,Privilege Escalation,Immediately isolate the endpoint
ALT-001075,43594,2026-07-26 15:00:33,99.57,Critical,Critical,P1,Investigating,Incident Response Team,Data Exfiltration,Immediately isolate the endpoint
ALT-003481,126458,2026-07-26 15:00:36,97.91,Critical,Critical,P1,Resolved,Incident Response Team,Privilege Escalation,Immediately isolate the endpoint
ALT-005138,205576,2026-07-26 15:00:42,98.71,Critical,Critical,P1,Investigating,Incident Response Team,Malware Infection,Immediately isolate the endpoint
ALT-001413,52837,2026-07-26 15:00:57,53.55,High,Medium,P2,Investigating,Tier-2 SOC Analyst,Unauthorized Access,Notify security team
ALT-000568,21678,2026-07-26 15:00:59,100.0,Critical,Critical,P1,Open,Incident Response Team,Data Exfiltration,Immediately isolate the endpoint
ALT-004553,182817,2026-07-26 15:01:17,55.09,High,Medium,P2,Investigating,Tier-2 SOC Analyst,Unauthorized Access,Notify security team
ALT-002954,108520,2026-07-26 15:01:22,22.56,Medium,Low,P3,Open,Tier-1 SOC Analyst,Abnormal Traffic,Investigate suspicious activity
ALT-002916,105810,2026-07-26 15:01:36,100.0,Critical,Critical,P1,Open,Incident Response Team,Ransomware,Immediately isolate the endpoint
ALT-000839,31065,2026-07-26 15:01:52,99.98,Critical,Critical,P1,Open,Incident Response Team,Data Exfiltration,Immediately isolate the endpoint
ALT-003121,112200,2026-07-26 15:01:52,28.62,Medium,Low,P3,Open,Tier-1 SOC Analyst,Port Scan,Investigate suspicious activity
ALT-005439,213252,2026-07-26 15:01:59,100.0,Critical,Critical,P1,Open,Incident Response Team,Privilege Escalation,Immediately isolate the endpoint
ALT-005766,229974,2026-07-26 15:02:04,100.0,Critical,Critical,P1,Open,Incident Response Team,Privilege Escalation,Immediately isolate the endpoint
ALT-003125,112204,2026-07-26 15:02:12,34.62,Medium,Low,P3,Open,Tier-1 SOC Analyst,Policy Violation,Investigate suspicious activity
ALT-005652,225044,2026-07-26 15:03:02,100.0,Critical,Critical,P1,Resolved,Incident Response Team,Privilege Escalation,Immediately isolate the endpoint
ALT-001451,53779,2026-07-26 15:03:08,60.92,High,Medium,P2,Open,Tier-2 SOC Analyst,Network Intrusion,Notify security team
ALT-001649,58831,2026-07-26 15:03:14,100.0,Critical,Critical,P1,Open,Incident Response Team,Ransomware,Immediately isolate the endpoint
ALT-002394,84031,2026-07-26 15:03:33,100.0,Critical,Critical,P1,Open,Incident Response Team,Malware Infection,Immediately isolate the endpoint
ALT-005065,203237,2026-07-26 15:04:09,100.0,Critical,Critical,P1,Investigating,Incident Response Team,Ransomware,Immediately isolate the endpoint
ALT-001453,53781,2026-07-26 15:04:18,60.75,High,Medium,P2,Open,Tier-2 SOC Analyst,Suspicious Login,Notify security team
ALT-005490,216224,2026-07-26 15:04:21,99.39,Critical,Critical,P1,Open,Incident Response Team,Ransomware,Immediately isolate the endpoint
ALT-004453,180527,2026-07-26 15:04:28,100.0,Critical,Critical,P1,Open,Incident Response Team,Malware Infection,Immediately isolate the endpoint
ALT-002083,70746,2026-07-26 15:04:31,99.35,Critical,Critical,P1,Open,Incident Response Team,Privilege Escalation,Immediately isolate the endpoint
ALT-002402,84039,2026-07-26 15:04:34,100.0,Critical,Critical,P1,Open,Incident Response Team,Malware Infection,Immediately isolate the endpoint
ALT-000814,31040,2026-07-26 15:05:16,100.0,Critical,Critical,P1,Open,Incident Response Team,Malware Infection,Immediately isolate the endpoint
ALT-001193,45472,2026-07-26 15:05:21,100.0,Critical,Critical,P1,Open,Incident Response Team,Ransomware,Immediately isolate the endpoint
ALT-000117,4178,2026-07-26 15:05:30,100.0,Critical,Critical,P1,Open,Incident Response Team,Ransomware,Immediately isolate the endpoint
ALT-001015,40471,2026-07-26 15:05:55,100.0,Critical,Critical,P1,Open,Incident Response Team,Ransomware,Immediately isolate the endpoint
ALT-001726,60612,2026-07-26 15:05:58,100.0,Critical,Critical,P1,Investigating,Incident Response Team,Ransomware,Immediately isolate the endpoint
ALT-003012,108766,2026-07-26 15:06:00,99.98,Critical,Critical,P1,Open,Incident Response Team,Data Exfiltration,Immediately isolate the endpoint
ALT-003039,109492,2026-07-26 15:06:18,100.0,Critical,Critical,P1,Open,Incident Response Team,Ransomware,Immediately isolate the endpoint
ALT-001875,63872,2026-07-26 15:07:03,26.01,Medium,Low,P3,Open,Tier-1 SOC Analyst,Policy Violation,Investigate suspicious activity
ALT-002533,86285,2026-07-26 15:07:09,41.63,Medium,Low,P3,Resolved,Tier-1 SOC Analyst,Reconnaissance,Investigate suspicious activity
ALT-001106,44825,2026-07-26 15:08:06,100.0,Critical,Critical,P1,Open,Incident Response Team,Ransomware,Immediately isolate the endpoint
ALT-005900,231388,2026-07-26 15:08:35,99.94,Critical,Critical,P1,Open,Incident Response Team,Privilege Escalation,Immediately isolate the endpoint
ALT-002666,96173,2026-07-26 15:09:04,100.0,Critical,Critical,P1,Investigating,Incident Response Team,Malware Infection,Immediately isolate the endpoint
ALT-001253,46351,2026-07-26 15:09:06,37.6,Medium,Low,P3,Open,Tier-1 SOC Analyst,Policy Violation,Investigate suspicious activity
ALT-003934,148408,2026-07-26 15:09:10,99.92,Critical,Critical,P1,Open,Incident Response Team,Privilege Escalation,Immediately isolate the endpoint
ALT-002407,84064,2026-07-26 15:09:11,100.0,Critical,Critical,P1,Open,Incident Response Team,Data Exfiltration,Immediately isolate the endpoint
ALT-000983,38880,2026-07-26 15:10:06,100.0,Critical,Critical,P1,Investigating,Incident Response Team,Malware Infection,Immediately isolate the endpoint
ALT-004554,182818,2026-07-26 15:10:11,54.41,High,Medium,P2,Open,Tier-2 SOC Analyst,Network Intrusion,Notify security team
ALT-000283,10071,2026-07-26 15:10:14,100.0,Critical,Critical,P1,Investigating,Incident Response Team,Data Exfiltration,Immediately isolate the endpoint
ALT-001767,61146,2026-07-26 15:10:19,100.0,Critical,Critical,P1,Resolved,Incident Response Team,Malware Infection,Immediately isolate the endpoint
ALT-000772,29901,2026-07-26 15:10:38,100.0,Critical,Critical,P1,Open,Incident Response Team,Privilege Escalation,Immediately isolate the endpoint
ALT-000361,13164,2026-07-26 15:10:55,100.0,Critical,Critical,P1,Open,Incident Response Team,Privilege Escalation,Immediately isolate the endpoint
ALT-003673,136416,2026-07-26 15:11:02,100.0,Critical,Critical,P1,Open,Incident Response Team,Ransomware,Immediately isolate the endpoint
ALT-006076,234878,2026-07-26 15:11:50,100.0,Critical,Critical,P1,Open,Incident Response Team,Privilege Escalation,Immediately isolate the endpoint
ALT-002014,67702,2026-07-26 15:12:04,32.68,Medium,Low,P3,Open,Tier-1 SOC Analyst,Abnormal Traffic,Investigate suspicious activity
ALT-002348,83759,2026-07-26 15:12:31,50.3,High,Medium,P2,Resolved,Tier-2 SOC Analyst,Network Intrusion,Notify security team
ALT-002028,67720,2026-07-26 15:12:56,44.54,Medium,Low,P3,Investigating,Tier-1 SOC Analyst,Policy Violation,Investigate suspicious activity
ALT-005201,206028,2026-07-26 15:13:08,100.0,Critical,Critical,P1,Investigating,Incident Response Team,Ransomware,Immediately isolate the endpoint
ALT-000063,2405,2026-07-26 15:13:15,99.49,Critical,Critical,P1,Open,Incident Response Team,Ransomware,Immediately isolate the endpoint
ALT-003326,119219,2026-07-26 15:13:30,99.97,Critical,Critical,P1,Investigating,Incident Response Team,Data Exfiltration,Immediately isolate the endpoint
ALT-006015,233883,2026-07-26 15:14:25,100.0,Critical,Critical,P1,Resolved,Incident Response Team,Malware Infection,Immediately isolate the endpoint
ALT-005436,213249,2026-07-26 15:14:25,100.0,Critical,Critical,P1,Investigating,Incident Response Team,Privilege Escalation,Immediately isolate the endpoint
ALT-003607,131714,2026-07-26 15:15:07,100.0,Critical,Critical,P1,Open,Incident Response Team,Data Exfiltration,Immediately isolate the endpoint
ALT-000482,17639,2026-07-26 15:15:29,99.4,Critical,Critical,P1,Investigating,Incident Response Team,Malware Infection,Immediately isolate the endpoint
ALT-001199,45478,2026-07-26 15:15:33,100.0,Critical,Critical,P1,Open,Incident Response Team,Data Exfiltration,Immediately isolate the endpoint
ALT-000344,13147,2026-07-26 15:15:42,100.0,Critical,Critical,P1,Open,Incident Response Team,Malware Infection,Immediately isolate the endpoint
ALT-003879,142683,2026-07-26 15:15:43,100.0,Critical,Critical,P1,Open,Incident Response Team,Privilege Escalation,Immediately isolate the endpoint
ALT-004101,158654,2026-07-26 15:15:56,75.55,High,Medium,P2,Investigating,Tier-2 SOC Analyst,Brute Force Attack,Notify security team
ALT-005076,203436,2026-07-26 15:16:06,99.99,Critical,Critical,P1,Investigating,Incident Response Team,Malware Infection,Immediately isolate the endpoint
ALT-005711,225433,2026-07-26 15:16:12,100.0,Critical,Critical,P1,Open,Incident Response Team,Data Exfiltration,Immediately isolate the endpoint
ALT-005858,231198,2026-07-26 15:16:27,100.0,Critical,Critical,P1,Open,Incident Response Team,Data Exfiltration,Immediately isolate the endpoint
ALT-002809,103411,2026-07-26 15:16:36,100.0,Critical,Critical,P1,Open,Incident Response Team,Data Exfiltration,Immediately isolate the endpoint
ALT-005513,216378,2026-07-26 15:16:39,22.92,Medium,Low,P3,Open,Tier-1 SOC Analyst,Reconnaissance,Investigate suspicious activity
ALT-004273,167668,2026-07-26 15:16:39,99.64,Critical,Critical,P1,Open,Incident Response Team,Malware Infection,Immediately isolate the endpoint
ALT-004207,166167,2026-07-26 15:16:44,99.07,Critical,Critical,P1,Open,Incident Response Team,Data Exfiltration,Immediately isolate the endpoint
ALT-002630,92169,2026-07-26 15:16:48,100.0,Critical,Critical,P1,Investigating,Incident Response Team,Ransomware,Immediately isolate the endpoint
ALT-002729,98287,2026-07-26 15:17:05,100.0,Critical,Critical,P1,Open,Incident Response Team,Ransomware,Immediately isolate the endpoint
ALT-003580,130593,2026-07-26 15:17:23,100.0,Critical,Critical,P1,Open,Incident Response Team,Ransomware,Immediately isolate the endpoint
ALT-001992,66997,2026-07-26 15:17:41,99.92,Critical,Critical,P1,Open,Incident Response Team,Data Exfiltration,Immediately isolate the endpoint
ALT-002112,70775,2026-07-26 15:18:05,99.36,Critical,Critical,P1,Resolved,Incident Response Team,Malware Infection,Immediately isolate the endpoint
ALT-005150,205588,2026-07-26 15:18:08,98.99,Critical,Critical,P1,Investigating,Incident Response Team,Ransomware,Immediately isolate the endpoint
ALT-005511,216376,2026-07-26 15:18:13,33.04,Medium,Low,P3,Investigating,Tier-1 SOC Analyst,Abnormal Traffic,Investigate suspicious activity
ALT-002204,76220,2026-07-26 15:18:38,100.0,Critical,Critical,P1,Open,Incident Response Team,Malware Infection,Immediately isolate the endpoint
ALT-003906,146566,2026-07-26 15:18:49,45.87,Medium,Low,P3,Open,Tier-1 SOC Analyst,Reconnaissance,Investigate suspicious activity
ALT-000042,2384,2026-07-26 15:18:59,98.11,Critical,Critical,P1,Open,Incident Response Team,Data Exfiltration,Immediately isolate the endpoint
ALT-005155,205593,2026-07-26 15:19:03,99.06,Critical,Critical,P1,Investigating,Incident Response Team,Data Exfiltration,Immediately isolate the endpoint
ALT-001081,43600,2026-07-26 15:19:43,99.6,Critical,Critical,P1,Resolved,Incident Response Team,Malware Infection,Immediately isolate the endpoint
ALT-003231,115141,2026-07-26 15:20:00,100.0,Critical,Critical,P1,Investigating,Incident Response Team,Data Exfiltration,Immediately isolate the endpoint
ALT-001629,57699,2026-07-26 15:20:01,99.68,Critical,Critical,P1,Investigating,Incident Response Team,Privilege Escalation,Immediately isolate the endpoint
ALT-001562,55932,2026-07-26 15:20:07,100.0,Critical,Critical,P1,Investigating,Incident Response Team,Malware Infection,Immediately isolate the endpoint
ALT-004823,200752,2026-07-26 15:20:24,99.42,Critical,Critical,P1,Open,Incident Response Team,Data Exfiltration,Immediately isolate the endpoint
ALT-002749,98849,2026-07-26 15:20:48,100.0,Critical,Critical,P1,Resolved,Incident Response Team,Data Exfiltration,Immediately isolate the endpoint
ALT-000500,18972,2026-07-26 15:20:51,100.0,Critical,Critical,P1,Open,Incident Response Team,Malware Infection,Immediately isolate the endpoint
ALT-000052,2394,2026-07-26 15:21:15,99.67,Critical,Critical,P1,Open,Incident Response Team,Ransomware,Immediately isolate the endpoint
ALT-003537,127919,2026-07-26 15:21:20,100.0,Critical,Critical,P1,Open,Incident Response Team,Data Exfiltration,Immediately isolate the endpoint
ALT-000958,38855,2026-07-26 15:21:23,100.0,Critical,Critical,P1,Open,Incident Response Team,Privilege Escalation,Immediately isolate the endpoint
ALT-002326,82769,2026-07-26 15:21:34,100.0,Critical,Critical,P1,Open,Incident Response Team,Ransomware,Immediately isolate the endpoint
ALT-004506,181879,2026-07-26 15:21:49,100.0,Critical,Critical,P1,Open,Incident Response Team,Privilege Escalation,Immediately isolate the endpoint
ALT-003864,142668,2026-07-26 15:21:51,100.0,Critical,Critical,P1,Open,Incident Response Team,Ransomware,Immediately isolate the endpoint
ALT-005954,232687,2026-07-26 15:22:06,98.93,Critical,Critical,P1,Open,Incident Response Team,Privilege Escalation,Immediately isolate the endpoint
ALT-005794,230251,2026-07-26 15:22:17,100.0,Critical,Critical,P1,Open,Incident Response Team,Data Exfiltration,Immediately isolate the endpoint
ALT-003339,120114,2026-07-26 15:23:21,96.98,Critical,Critical,P1,Open,Incident Response Team,Privilege Escalation,Immediately isolate the endpoint
ALT-005405,213172,2026-07-26 15:23:24,100.0,Critical,Critical,P1,Open,Incident Response Team,Ransomware,Immediately isolate the endpoint
ALT-003102,112181,2026-07-26 15:23:24,39.08,Medium,Low,P3,Open,Tier-1 SOC Analyst,Policy Violation,Investigate suspicious activity
ALT-005143,205581,2026-07-26 15:23:24,98.95,Critical,Critical,P1,Investigating,Incident Response Team,Privilege Escalation,Immediately isolate the endpoint
ALT-005330,210720,2026-07-26 15:23:50,50.81,High,Medium,P2,Investigating,Tier-2 SOC Analyst,Suspicious Login,Notify security team
ALT-001911,64513,2026-07-26 15:24:05,99.99,Critical,Critical,P1,Investigating,Incident Response Team,Data Exfiltration,Immediately isolate the endpoint
ALT-006033,233976,2026-07-26 15:24:46,100.0,Critical,Critical,P1,Investigating,Incident Response Team,Data Exfiltration,Immediately isolate the endpoint
ALT-005145,205583,2026-07-26 15:24:51,98.95,Critical,Critical,P1,Open,Incident Response Team,Privilege Escalation,Immediately isolate the endpoint
ALT-002718,98276,2026-07-26 15:25:05,100.0,Critical,Critical,P1,Investigating,Incident Response Team,Ransomware,Immediately isolate the endpoint
ALT-002213,76229,2026-07-26 15:25:08,81.79,Critical,Critical,P1,Open,Incident Response Team,Ransomware,Immediately isolate the endpoint
ALT-000399,13774,2026-07-26 15:25:52,22.59,Medium,Low,P3,Open,Tier-1 SOC Analyst,Reconnaissance,Investigate suspicious activity
ALT-005313,210703,2026-07-26 15:26:10,53.67,High,Medium,P2,Investigating,Tier-2 SOC Analyst,Network Intrusion,Notify security team
ALT-000577,21687,2026-07-26 15:26:22,100.0,Critical,Critical,P1,Open,Incident Response Team,Data Exfiltration,Immediately isolate the endpoint
ALT-002622,92161,2026-07-26 15:26:31,100.0,Critical,Critical,P1,Investigating,Incident Response Team,Data Exfiltration,Immediately isolate the endpoint
ALT-003901,146561,2026-07-26 15:26:59,52.58,High,Medium,P2,Investigating,Tier-2 SOC Analyst,Network Intrusion,Notify security team
ALT-000995,40009,2026-07-26 15:27:05,100.0,Critical,Critical,P1,Investigating,Incident Response Team,Privilege Escalation,Immediately isolate the endpoint
ALT-001821,62272,2026-07-26 15:27:12,99.2,Critical,Critical,P1,Resolved,Incident Response Team,Malware Infection,Immediately isolate the endpoint
ALT-000024,2366,2026-07-26 15:27:19,98.47,Critical,Critical,P1,Open,Incident Response Team,Malware Infection,Immediately isolate the endpoint
ALT-004557,182821,2026-07-26 15:27:55,48.31,Medium,Low,P3,Open,Tier-1 SOC Analyst,Policy Violation,Investigate suspicious activity
ALT-004944,202259,2026-07-26 15:28:20,100.0,Critical,Critical,P1,Open,Incident Response Team,Data Exfiltration,Immediately isolate the endpoint
ALT-005757,229616,2026-07-26 15:28:21,100.0,Critical,Critical,P1,Open,Incident Response Team,Data Exfiltration,Immediately isolate the endpoint
ALT-003915,146575,2026-07-26 15:28:32,66.62,High,Medium,P2,Investigating,Tier-2 SOC Analyst,Network Intrusion,Notify security team
ALT-002515,85851,2026-07-26 15:28:58,100.0,Critical,Critical,P1,Investigating,Incident Response Team,Malware Infection,Immediately isolate the endpoint
ALT-003462,123163,2026-07-26 15:29:47,98.2,Critical,Critical,P1,Investigating,Incident Response Team,Privilege Escalation,Immediately isolate the endpoint
ALT-003098,111875,2026-07-26 15:30:03,22.2,Medium,Low,P3,Open,Tier-1 SOC Analyst,Abnormal Traffic,Investigate suspicious activity
ALT-004394,176645,2026-07-26 15:30:58,100.0,Critical,Critical,P1,Open,Incident Response Team,Ransomware,Immediately isolate the endpoint
ALT-001838,62289,2026-07-26 15:31:10,99.21,Critical,Critical,P1,Open,Incident Response Team,Privilege Escalation,Immediately isolate the endpoint
ALT-001795,61224,2026-07-26 15:31:16,99.53,Critical,Critical,P1,Open,Incident Response Team,Ransomware,Immediately isolate the endpoint
ALT-004461,180535,2026-07-26 15:31:30,100.0,Critical,Critical,P1,Investigating,Incident Response Team,Ransomware,Immediately isolate the endpoint
ALT-005202,206029,2026-07-26 15:31:33,100.0,Critical,Critical,P1,Open,Incident Response Team,Privilege Escalation,Immediately isolate the endpoint
ALT-002342,83753,2026-07-26 15:31:58,52.26,High,Medium,P2,Open,Tier-2 SOC Analyst,Suspicious Login,Notify security team
ALT-000345,13148,2026-07-26 15:32:33,100.0,Critical,Critical,P1,Open,Incident Response Team,Privilege Escalation,Immediately isolate the endpoint
ALT-004917,201952,2026-07-26 15:33:04,100.0,Critical,Critical,P1,Investigating,Incident Response Team,Ransomware,Immediately isolate the endpoint
ALT-004337,172400,2026-07-26 15:33:18,100.0,Critical,Critical,P1,Investigating,Incident Response Team,Malware Infection,Immediately isolate the endpoint
ALT-003084,111861,2026-07-26 15:33:24,25.61,Medium,Low,P3,Open,Tier-1 SOC Analyst,Abnormal Traffic,Investigate suspicious activity
ALT-005003,202881,2026-07-26 15:33:32,30.56,Medium,Low,P3,Open,Tier-1 SOC Analyst,Abnormal Traffic,Investigate suspicious activity
ALT-002609,92120,2026-07-26 15:33:36,100.0,Critical,Critical,P1,Open,Incident Response Team,Ransomware,Immediately isolate the endpoint
ALT-002850,103820,2026-07-26 15:33:49,99.52,Critical,Critical,P1,Open,Incident Response Team,Privilege Escalation,Immediately isolate the endpoint
ALT-001594,56200,2026-07-26 15:34:19,100.0,Critical,Critical,P1,Investigating,Incident Response Team,Malware Infection,Immediately isolate the endpoint
ALT-002493,85829,2026-07-26 15:34:25,100.0,Critical,Critical,P1,Investigating,Incident Response Team,Data Exfiltration,Immediately isolate the endpoint
ALT-003554,130456,2026-07-26 15:35:01,100.0,Critical,Critical,P1,Open,Incident Response Team,Ransomware,Immediately isolate the endpoint
ALT-001679,58903,2026-07-26 15:36:09,98.92,Critical,Critical,P1,Open,Incident Response Team,Privilege Escalation,Immediately isolate the endpoint
ALT-000673,27000,2026-07-26 15:36:24,100.0,Critical,Critical,P1,Resolved,Incident Response Team,Privilege Escalation,Immediately isolate the endpoint
ALT-004771,196695,2026-07-26 15:36:26,21.55,Medium,Low,P3,Open,Tier-1 SOC Analyst,Port Scan,Investigate suspicious activity
ALT-003830,140930,2026-07-26 15:36:41,100.0,Critical,Critical,P1,Investigating,Incident Response Team,Malware Infection,Immediately isolate the endpoint
ALT-001891,64099,2026-07-26 15:36:51,100.0,Critical,Critical,P1,Open,Incident Response Team,Malware Infection,Immediately isolate the endpoint
ALT-002657,95379,2026-07-26 15:36:55,35.92,Medium,Low,P3,Open,Tier-1 SOC Analyst,Port Scan,Investigate suspicious activity
ALT-003781,139036,2026-07-26 15:37:39,27.16,Medium,Low,P3,Open,Tier-1 SOC Analyst,Reconnaissance,Investigate suspicious activity
ALT-004666,186614,2026-07-26 15:37:53,43.63,Medium,Low,P3,Open,Tier-1 SOC Analyst,Reconnaissance,Investigate suspicious activity
ALT-004118,158856,2026-07-26 15:38:18,100.0,Critical,Critical,P1,Resolved,Incident Response Team,Data Exfiltration,Immediately isolate the endpoint
ALT-000244,9501,2026-07-26 15:38:31,99.76,Critical,Critical,P1,Open,Incident Response Team,Ransomware,Immediately isolate the endpoint
ALT-000438,15552,2026-07-26 15:38:42,100.0,Critical,Critical,P1,Open,Incident Response Team,Data Exfiltration,Immediately isolate the endpoint
ALT-002782,99609,2026-07-26 15:38:57,45.67,Medium,Low,P3,Open,Tier-1 SOC Analyst,Reconnaissance,Investigate suspicious activity
ALT-001420,52844,2026-07-26 15:39:07,48.55,Medium,Low,P3,Open,Tier-1 SOC Analyst,Reconnaissance,Investigate suspicious activity
ALT-002201,76217,2026-07-26 15:39:10,97.17,Critical,Critical,P1,Open,Incident Response Team,Privilege Escalation,Immediately isolate the endpoint
ALT-002053,69552,2026-07-26 15:40:06,100.0,Critical,Critical,P1,Open,Incident Response Team,Ransomware,Immediately isolate the endpoint
ALT-004867,201007,2026-07-26 15:40:11,50.79,High,Medium,P2,Investigating,Tier-2 SOC Analyst,Network Intrusion,Notify security team
ALT-000086,2637,2026-07-26 15:40:38,99.15,Critical,Critical,P1,Open,Incident Response Team,Data Exfiltration,Immediately isolate the endpoint
ALT-001810,62261,2026-07-26 15:40:45,100.0,Critical,Critical,P1,Open,Incident Response Team,Malware Infection,Immediately isolate the endpoint
ALT-005195,206022,2026-07-26 15:41:06,100.0,Critical,Critical,P1,Resolved,Incident Response Team,Malware Infection,Immediately isolate the endpoint
ALT-005770,229978,2026-07-26 15:41:48,100.0,Critical,Critical,P1,Open,Incident Response Team,Privilege Escalation,Immediately isolate the endpoint
ALT-006014,233882,2026-07-26 15:42:13,100.0,Critical,Critical,P1,Resolved,Incident Response Team,Data Exfiltration,Immediately isolate the endpoint
ALT-001636,58818,2026-07-26 15:42:42,100.0,Critical,Critical,P1,Open,Incident Response Team,Privilege Escalation,Immediately isolate the endpoint
ALT-003129,112208,2026-07-26 15:42:57,30.9,Medium,Low,P3,Investigating,Tier-1 SOC Analyst,Reconnaissance,Investigate suspicious activity
ALT-005005,202883,2026-07-26 15:43:03,23.44,Medium,Low,P3,Investigating,Tier-1 SOC Analyst,Reconnaissance,Investigate suspicious activity
ALT-003907,146567,2026-07-26 15:43:04,54.67,High,Medium,P2,Investigating,Tier-2 SOC Analyst,Brute Force Attack,Notify security team
ALT-000732,27739,2026-07-26 15:43:41,99.84,Critical,Critical,P1,Resolved,Incident Response Team,Data Exfiltration,Immediately isolate the endpoint
ALT-002607,92118,2026-07-26 15:43:48,100.0,Critical,Critical,P1,Open,Incident Response Team,Malware Infection,Immediately isolate the endpoint
ALT-002864,104007,2026-07-26 15:44:07,100.0,Critical,Critical,P1,Resolved,Incident Response Team,Ransomware,Immediately isolate the endpoint
ALT-000254,9921,2026-07-26 15:44:18,68.32,High,Medium,P2,Open,Tier-2 SOC Analyst,Brute Force Attack,Notify security team
ALT-004319,169624,2026-07-26 15:44:21,100.0,Critical,Critical,P1,Open,Incident Response Team,Ransomware,Immediately isolate the endpoint
ALT-004580,184183,2026-07-26 15:44:23,99.48,Critical,Critical,P1,Open,Incident Response Team,Privilege Escalation,Immediately isolate the endpoint
ALT-001608,57494,2026-07-26 15:44:37,100.0,Critical,Critical,P1,Open,Incident Response Team,Data Exfiltration,Immediately isolate the endpoint
ALT-005073,203245,2026-07-26 15:44:37,100.0,Critical,Critical,P1,Open,Incident Response Team,Malware Infection,Immediately isolate the endpoint
ALT-004749,194035,2026-07-26 15:45:01,100.0,Critical,Critical,P1,Open,Incident Response Team,Privilege Escalation,Immediately isolate the endpoint
ALT-002977,108731,2026-07-26 15:45:22,100.0,Critical,Critical,P1,Open,Incident Response Team,Malware Infection,Immediately isolate the endpoint
ALT-002211,76227,2026-07-26 15:45:56,98.72,Critical,Critical,P1,Investigating,Incident Response Team,Malware Infection,Immediately isolate the endpoint
ALT-001330,49266,2026-07-26 15:46:01,99.88,Critical,Critical,P1,Investigating,Incident Response Team,Malware Infection,Immediately isolate the endpoint
ALT-000178,5715,2026-07-26 15:46:19,100.0,Critical,Critical,P1,Open,Incident Response Team,Ransomware,Immediately isolate the endpoint
ALT-002016,67704,2026-07-26 15:46:41,39.44,Medium,Low,P3,Open,Tier-1 SOC Analyst,Port Scan,Investigate suspicious activity
ALT-002594,91547,2026-07-26 15:46:49,99.99,Critical,Critical,P1,Open,Incident Response Team,Malware Infection,Immediately isolate the endpoint
ALT-004671,186619,2026-07-26 15:46:53,49.2,Medium,Low,P3,Open,Tier-1 SOC Analyst,Port Scan,Investigate suspicious activity
ALT-004407,176908,2026-07-26 15:47:23,100.0,Critical,Critical,P1,Open,Incident Response Team,Privilege Escalation,Immediately isolate the endpoint
ALT-000625,24928,2026-07-26 15:47:27,100.0,Critical,Critical,P1,Open,Incident Response Team,Ransomware,Immediately isolate the endpoint
ALT-000216,7753,2026-07-26 15:47:40,100.0,Critical,Critical,P1,Open,Incident Response Team,Data Exfiltration,Immediately isolate the endpoint
ALT-004899,201539,2026-07-26 15:47:52,99.99,Critical,Critical,P1,Resolved,Incident Response Team,Privilege Escalation,Immediately isolate the endpoint
ALT-001884,64092,2026-07-26 15:48:03,100.0,Critical,Critical,P1,Open,Incident Response Team,Ransomware,Immediately isolate the endpoint
ALT-001004,40460,2026-07-26 15:48:08,100.0,Critical,Critical,P1,Open,Incident Response Team,Privilege Escalation,Immediately isolate the endpoint
ALT-002747,98847,2026-07-26 15:48:20,100.0,Critical,Critical,P1,Open,Incident Response Team,Data Exfiltration,Immediately isolate the endpoint
ALT-002960,108529,2026-07-26 15:48:53,22.36,Medium,Low,P3,Open,Tier-1 SOC Analyst,Reconnaissance,Investigate suspicious activity
ALT-004027,154644,2026-07-26 15:49:13,100.0,Critical,Critical,P1,Open,Incident Response Team,Ransomware,Immediately isolate the endpoint
ALT-003298,118039,2026-07-26 15:49:22,100.0,Critical,Critical,P1,Investigating,Incident Response Team,Ransomware,Immediately isolate the endpoint
ALT-003118,112197,2026-07-26 15:49:22,32.05,Medium,Low,P3,Open,Tier-1 SOC Analyst,Abnormal Traffic,Investigate suspicious activity
ALT-001475,53803,2026-07-26 15:49:30,58.31,High,Medium,P2,Open,Tier-2 SOC Analyst,Brute Force Attack,Notify security team
ALT-001970,66037,2026-07-26 15:49:45,84.76,Critical,Critical,P1,Resolved,Incident Response Team,Ransomware,Immediately isolate the endpoint
ALT-001607,57493,2026-07-26 15:49:46,100.0,Critical,Critical,P1,Investigating,Incident Response Team,Privilege Escalation,Immediately isolate the endpoint
ALT-000887,34297,2026-07-26 15:49:50,100.0,Critical,Critical,P1,Investigating,Incident Response Team,Ransomware,Immediately isolate the endpoint
ALT-004898,201538,2026-07-26 15:49:55,99.99,Critical,Critical,P1,Open,Incident Response Team,Ransomware,Immediately isolate the endpoint
ALT-005269,208411,2026-07-26 15:50:21,100.0,Critical,Critical,P1,Investigating,Incident Response Team,Privilege Escalation,Immediately isolate the endpoint
ALT-006166,238120,2026-07-26 15:50:21,100.0,Critical,Critical,P1,Open,Incident Response Team,Privilege Escalation,Immediately isolate the endpoint
ALT-003406,121286,2026-07-26 15:50:38,99.99,Critical,Critical,P1,Open,Incident Response Team,Privilege Escalation,Immediately isolate the endpoint
ALT-005451,213264,2026-07-26 15:50:59,100.0,Critical,Critical,P1,Open,Incident Response Team,Privilege Escalation,Immediately isolate the endpoint
ALT-004052,155191,2026-07-26 15:51:21,99.74,Critical,Critical,P1,Open,Incident Response Team,Data Exfiltration,Immediately isolate the endpoint
ALT-003257,115543,2026-07-26 15:51:36,100.0,Critical,Critical,P1,Open,Incident Response Team,Ransomware,Immediately isolate the endpoint
ALT-000903,35080,2026-07-26 15:51:47,100.0,Critical,Critical,P1,Open,Incident Response Team,Malware Infection,Immediately isolate the endpoint
ALT-003878,142682,2026-07-26 15:51:51,100.0,Critical,Critical,P1,Resolved,Incident Response Team,Privilege Escalation,Immediately isolate the endpoint
ALT-005094,203664,2026-07-26 15:52:30,100.0,Critical,Critical,P1,Resolved,Incident Response Team,Privilege Escalation,Immediately isolate the endpoint
ALT-005233,207287,2026-07-26 15:52:46,100.0,Critical,Critical,P1,Investigating,Incident Response Team,Malware Infection,Immediately isolate the endpoint
ALT-002062,70478,2026-07-26 15:52:47,99.92,Critical,Critical,P1,Open,Incident Response Team,Data Exfiltration,Immediately isolate the endpoint
ALT-004530,182738,2026-07-26 15:52:48,27.15,Medium,Low,P3,Investigating,Tier-1 SOC Analyst,Abnormal Traffic,Investigate suspicious activity
ALT-003980,149756,2026-07-26 15:53:14,24.02,Medium,Low,P3,Open,Tier-1 SOC Analyst,Abnormal Traffic,Investigate suspicious activity
ALT-004024,154641,2026-07-26 15:53:14,100.0,Critical,Critical,P1,Investigating,Incident Response Team,Ransomware,Immediately isolate the endpoint
ALT-004955,202487,2026-07-26 15:54:36,100.0,Critical,Critical,P1,Open,Incident Response Team,Privilege Escalation,Immediately isolate the endpoint
ALT-001069,43588,2026-07-26 15:54:43,99.55,Critical,Critical,P1,Investigating,Incident Response Team,Privilege Escalation,Immediately isolate the endpoint
ALT-000966,38863,2026-07-26 15:55:00,100.0,Critical,Critical,P1,Open,Incident Response Team,Data Exfiltration,Immediately isolate the endpoint
ALT-000425,15539,2026-07-26 15:55:03,100.0,Critical,Critical,P1,Investigating,Incident Response Team,Data Exfiltration,Immediately isolate the endpoint
ALT-005923,232133,2026-07-26 15:55:54,100.0,Critical,Critical,P1,Resolved,Incident Response Team,Data Exfiltration,Immediately isolate the endpoint
ALT-000061,2403,2026-07-26 15:56:17,99.74,Critical,Critical,P1,Open,Incident Response Team,Data Exfiltration,Immediately isolate the endpoint
ALT-000896,34306,2026-07-26 15:56:35,100.0,Critical,Critical,P1,Open,Incident Response Team,Data Exfiltration,Immediately isolate the endpoint
ALT-000600,24903,2026-07-26 15:56:56,100.0,Critical,Critical,P1,Resolved,Incident Response Team,Data Exfiltration,Immediately isolate the endpoint
ALT-004131,159350,2026-07-26 15:57:05,100.0,Critical,Critical,P1,Open,Incident Response Team,Ransomware,Immediately isolate the endpoint
ALT-003598,131705,2026-07-26 15:57:42,100.0,Critical,Critical,P1,Investigating,Incident Response Team,Ransomware,Immediately isolate the endpoint
ALT-005680,225195,2026-07-26 15:58:28,100.0,Critical,Critical,P1,Open,Incident Response Team,Privilege Escalation,Immediately isolate the endpoint
ALT-005891,231379,2026-07-26 15:58:42,99.95,Critical,Critical,P1,Open,Incident Response Team,Malware Infection,Immediately isolate the endpoint
ALT-000371,13374,2026-07-26 15:59:04,100.0,Critical,Critical,P1,Open,Incident Response Team,Ransomware,Immediately isolate the endpoint
ALT-001337,50372,2026-07-26 15:59:15,99.94,Critical,Critical,P1,Open,Incident Response Team,Data Exfiltration,Immediately isolate the endpoint
ALT-000879,34289,2026-07-26 15:59:57,100.0,Critical,Critical,P1,Investigating,Incident Response Team,Data Exfiltration,Immediately isolate the endpoint
ALT-003837,142174,2026-07-26 16:00:08,100.0,Critical,Critical,P1,Open,Incident Response Team,Malware Infection,Immediately isolate the endpoint
ALT-004112,158850,2026-07-26 16:00:40,100.0,Critical,Critical,P1,Open,Incident Response Team,Data Exfiltration,Immediately isolate the endpoint
ALT-002797,100100,2026-07-26 16:01:09,23.66,Medium,Low,P3,Open,Tier-1 SOC Analyst,Abnormal Traffic,Investigate suspicious activity
ALT-001834,62285,2026-07-26 16:01:32,99.27,Critical,Critical,P1,Open,Incident Response Team,Malware Infection,Immediately isolate the endpoint
ALT-000277,10065,2026-07-26 16:01:37,100.0,Critical,Critical,P1,Investigating,Incident Response Team,Privilege Escalation,Immediately isolate the endpoint
ALT-004282,167677,2026-07-26 16:02:01,99.85,Critical,Critical,P1,Resolved,Incident Response Team,Malware Infection,Immediately isolate the endpoint
ALT-002699,98123,2026-07-26 16:02:09,100.0,Critical,Critical,P1,Open,Incident Response Team,Data Exfiltration,Immediately isolate the endpoint
ALT-003828,140928,2026-07-26 16:02:25,100.0,Critical,Critical,P1,Investigating,Incident Response Team,Malware Infection,Immediately isolate the endpoint
ALT-003327,119220,2026-07-26 16:02:32,99.95,Critical,Critical,P1,Investigating,Incident Response Team,Privilege Escalation,Immediately isolate the endpoint
ALT-000813,30532,2026-07-26 16:02:56,100.0,Critical,Critical,P1,Open,Incident Response Team,Malware Infection,Immediately isolate the endpoint
ALT-001329,49265,2026-07-26 16:03:20,100.0,Critical,Critical,P1,Resolved,Incident Response Team,Data Exfiltration,Immediately isolate the endpoint
ALT-000706,27217,2026-07-26 16:03:52,100.0,Critical,Critical,P1,Open,Incident Response Team,Ransomware,Immediately isolate the endpoint
ALT-005443,213256,2026-07-26 16:04:01,100.0,Critical,Critical,P1,Open,Incident Response Team,Privilege Escalation,Immediately isolate the endpoint
ALT-001378,51492,2026-07-26 16:04:21,100.0,Critical,Critical,P1,Investigating,Incident Response Team,Ransomware,Immediately isolate the endpoint
ALT-005200,206027,2026-07-26 16:04:57,100.0,Critical,Critical,P1,Open,Incident Response Team,Data Exfiltration,Immediately isolate the endpoint
ALT-004906,201546,2026-07-26 16:04:58,99.99,Critical,Critical,P1,Investigating,Incident Response Team,Data Exfiltration,Immediately isolate the endpoint
ALT-003743,137636,2026-07-26 16:05:10,100.0,Critical,Critical,P1,Investigating,Incident Response Team,Ransomware,Immediately isolate the endpoint
ALT-006080,234882,2026-07-26 16:05:14,100.0,Critical,Critical,P1,Open,Incident Response Team,Data Exfiltration,Immediately isolate the endpoint
ALT-002116,70779,2026-07-26 16:05:27,100.0,Critical,Critical,P1,Investigating,Incident Response Team,Ransomware,Immediately isolate the endpoint
ALT-001717,60053,2026-07-26 16:05:30,100.0,Critical,Critical,P1,Open,Incident Response Team,Data Exfiltration,Immediately isolate the endpoint
ALT-005080,203440,2026-07-26 16:05:36,100.0,Critical,Critical,P1,Open,Incident Response Team,Data Exfiltration,Immediately isolate the endpoint
ALT-000174,5420,2026-07-26 16:06:01,100.0,Critical,Critical,P1,Investigating,Incident Response Team,Privilege Escalation,Immediately isolate the endpoint
ALT-004602,185255,2026-07-26 16:06:12,100.0,Critical,Critical,P1,Resolved,Incident Response Team,Malware Infection,Immediately isolate the endpoint
ALT-005402,213169,2026-07-26 16:07:05,100.0,Critical,Critical,P1,Open,Incident Response Team,Ransomware,Immediately isolate the endpoint
ALT-002627,92166,2026-07-26 16:07:24,100.0,Critical,Critical,P1,Open,Incident Response Team,Privilege Escalation,Immediately isolate the endpoint
ALT-002451,85076,2026-07-26 16:07:28,100.0,Critical,Critical,P1,Investigating,Incident Response Team,Privilege Escalation,Immediately isolate the endpoint
ALT-002000,67005,2026-07-26 16:08:05,99.93,Critical,Critical,P1,Investigating,Incident Response Team,Malware Infection,Immediately isolate the endpoint
ALT-002663,96170,2026-07-26 16:08:35,100.0,Critical,Critical,P1,Investigating,Incident Response Team,Data Exfiltration,Immediately isolate the endpoint
ALT-005058,203230,2026-07-26 16:08:53,100.0,Critical,Critical,P1,Open,Incident Response Team,Privilege Escalation,Immediately isolate the endpoint
ALT-001835,62286,2026-07-26 16:08:54,99.36,Critical,Critical,P1,Open,Incident Response Team,Privilege Escalation,Immediately isolate the endpoint
ALT-003725,137618,2026-07-26 16:09:04,100.0,Critical,Critical,P1,Open,Incident Response Team,Data Exfiltration,Immediately isolate the endpoint
ALT-001721,60607,2026-07-26 16:09:05,100.0,Critical,Critical,P1,Investigating,Incident Response Team,Privilege Escalation,Immediately isolate the endpoint
ALT-000418,15532,2026-07-26 16:09:10,100.0,Critical,Critical,P1,Open,Incident Response Team,Malware Infection,Immediately isolate the endpoint
ALT-003341,120116,2026-07-26 16:09:14,97.73,Critical,Critical,P1,Open,Incident Response Team,Privilege Escalation,Immediately isolate the endpoint
ALT-005717,225439,2026-07-26 16:09:24,100.0,Critical,Critical,P1,Resolved,Incident Response Team,Ransomware,Immediately isolate the endpoint
ALT-000632,26255,2026-07-26 16:09:35,100.0,Critical,Critical,P1,Open,Incident Response Team,Malware Infection,Immediately isolate the endpoint
ALT-004110,158848,2026-07-26 16:10:03,99.34,Critical,Critical,P1,Resolved,Incident Response Team,Malware Infection,Immediately isolate the endpoint
ALT-003888,146548,2026-07-26 16:10:15,48.44,Medium,Low,P3,Investigating,Tier-1 SOC Analyst,Abnormal Traffic,Investigate suspicious activity
ALT-004911,201551,2026-07-26 16:10:23,99.99,Critical,Critical,P1,Investigating,Incident Response Team,Data Exfiltration,Immediately isolate the endpoint
ALT-004179,160507,2026-07-26 16:10:24,100.0,Critical,Critical,P1,Open,Incident Response Team,Malware Infection,Immediately isolate the endpoint
ALT-000475,15665,2026-07-26 16:10:32,100.0,Critical,Critical,P1,Open,Incident Response Team,Malware Infection,Immediately isolate the endpoint
ALT-002064,70480,2026-07-26 16:10:59,99.92,Critical,Critical,P1,Investigating,Incident Response Team,Privilege Escalation,Immediately isolate the endpoint
ALT-004685,189095,2026-07-26 16:11:26,100.0,Critical,Critical,P1,Investigating,Incident Response Team,Privilege Escalation,Immediately isolate the endpoint
ALT-000758,28163,2026-07-26 16:11:40,97.96,Critical,Critical,P1,Investigating,Incident Response Team,Ransomware,Immediately isolate the endpoint
ALT-001537,54836,2026-07-26 16:12:47,100.0,Critical,Critical,P1,Open,Incident Response Team,Malware Infection,Immediately isolate the endpoint
ALT-004699,189109,2026-07-26 16:13:01,100.0,Critical,Critical,P1,Investigating,Incident Response Team,Malware Infection,Immediately isolate the endpoint
ALT-000924,35101,2026-07-26 16:13:01,100.0,Critical,Critical,P1,Investigating,Incident Response Team,Ransomware,Immediately isolate the endpoint
ALT-005151,205589,2026-07-26 16:13:06,100.0,Critical,Critical,P1,Investigating,Incident Response Team,Malware Infection,Immediately isolate the endpoint
ALT-002840,103810,2026-07-26 16:13:31,99.51,Critical,Critical,P1,Investigating,Incident Response Team,Privilege Escalation,Immediately isolate the endpoint
ALT-000775,29904,2026-07-26 16:13:35,100.0,Critical,Critical,P1,Investigating,Incident Response Team,Ransomware,Immediately isolate the endpoint
ALT-005018,203187,2026-07-26 16:13:54,24.7,Medium,Low,P3,Investigating,Tier-1 SOC Analyst,Reconnaissance,Investigate suspicious activity
ALT-001140,44859,2026-07-26 16:13:59,40.17,Medium,Low,P3,Open,Tier-1 SOC Analyst,Port Scan,Investigate suspicious activity
ALT-003150,112230,2026-07-26 16:13:59,40.02,Medium,Low,P3,Open,Tier-1 SOC Analyst,Reconnaissance,Investigate suspicious activity
ALT-002692,98116,2026-07-26 16:14:42,100.0,Critical,Critical,P1,Open,Incident Response Team,Privilege Escalation,Immediately isolate the endpoint
ALT-004922,201957,2026-07-26 16:14:47,100.0,Critical,Critical,P1,Open,Incident Response Team,Ransomware,Immediately isolate the endpoint
ALT-005894,231382,2026-07-26 16:16:22,99.94,Critical,Critical,P1,Open,Incident Response Team,Ransomware,Immediately isolate the endpoint
ALT-005029,203201,2026-07-26 16:16:31,27.93,Medium,Low,P3,Open,Tier-1 SOC Analyst,Abnormal Traffic,Investigate suspicious activity
ALT-001597,56203,2026-07-26 16:16:33,100.0,Critical,Critical,P1,Open,Incident Response Team,Data Exfiltration,Immediately isolate the endpoint
ALT-000318,11448,2026-07-26 16:16:38,99.96,Critical,Critical,P1,Open,Incident Response Team,Malware Infection,Immediately isolate the endpoint
ALT-003788,139043,2026-07-26 16:16:49,25.93,Medium,Low,P3,Investigating,Tier-1 SOC Analyst,Abnormal Traffic,Investigate suspicious activity
ALT-000089,2640,2026-07-26 16:17:13,99.02,Critical,Critical,P1,Resolved,Incident Response Team,Privilege Escalation,Immediately isolate the endpoint
ALT-005555,217562,2026-07-26 16:17:18,99.25,Critical,Critical,P1,Open,Incident Response Team,Privilege Escalation,Immediately isolate the endpoint
ALT-001439,52863,2026-07-26 16:17:19,47.78,Medium,Low,P3,Resolved,Tier-1 SOC Analyst,Port Scan,Investigate suspicious activity
ALT-001742,60628,2026-07-26 16:17:49,100.0,Critical,Critical,P1,Open,Incident Response Team,Data Exfiltration,Immediately isolate the endpoint
ALT-005168,205782,2026-07-26 16:17:49,99.95,Critical,Critical,P1,Open,Incident Response Team,Privilege Escalation,Immediately isolate the endpoint
ALT-000056,2398,2026-07-26 16:17:56,99.62,Critical,Critical,P1,Open,Incident Response Team,Data Exfiltration,Immediately isolate the endpoint
ALT-004036,155175,2026-07-26 16:17:59,99.59,Critical,Critical,P1,Open,Incident Response Team,Data Exfiltration,Immediately isolate the endpoint
ALT-001840,62291,2026-07-26 16:18:04,99.46,Critical,Critical,P1,Investigating,Incident Response Team,Data Exfiltration,Immediately isolate the endpoint
ALT-003782,139037,2026-07-26 16:18:15,29.22,Medium,Low,P3,Investigating,Tier-1 SOC Analyst,Port Scan,Investigate suspicious activity
ALT-006008,233876,2026-07-26 16:18:40,100.0,Critical,Critical,P1,Open,Incident Response Team,Data Exfiltration,Immediately isolate the endpoint
ALT-001776,61155,2026-07-26 16:18:41,100.0,Critical,Critical,P1,Open,Incident Response Team,Malware Infection,Immediately isolate the endpoint
ALT-000529,19834,2026-07-26 16:18:44,98.88,Critical,Critical,P1,Open,Incident Response Team,Data Exfiltration,Immediately isolate the endpoint
ALT-005232,207286,2026-07-26 16:18:51,100.0,Critical,Critical,P1,Open,Incident Response Team,Ransomware,Immediately isolate the endpoint
ALT-004582,185235,2026-07-26 16:18:58,100.0,Critical,Critical,P1,Open,Incident Response Team,Malware Infection,Immediately isolate the endpoint
ALT-003634,135887,2026-07-26 16:19:01,99.5,Critical,Critical,P1,Open,Incident Response Team,Data Exfiltration,Immediately isolate the endpoint
ALT-000798,30517,2026-07-26 16:19:09,100.0,Critical,Critical,P1,Investigating,Incident Response Team,Data Exfiltration,Immediately isolate the endpoint
ALT-003180,114383,2026-07-26 16:19:13,100.0,Critical,Critical,P1,Resolved,Incident Response Team,Malware Infection,Immediately isolate the endpoint
ALT-003740,137633,2026-07-26 16:19:15,100.0,Critical,Critical,P1,Open,Incident Response Team,Data Exfiltration,Immediately isolate the endpoint
ALT-000709,27220,2026-07-26 16:19:32,100.0,Critical,Critical,P1,Resolved,Incident Response Team,Ransomware,Immediately isolate the endpoint
ALT-002369,83780,2026-07-26 16:19:32,43.89,Medium,Low,P3,Open,Tier-1 SOC Analyst,Reconnaissance,Investigate suspicious activity
ALT-005715,225437,2026-07-26 16:19:47,100.0,Critical,Critical,P1,Open,Incident Response Team,Data Exfiltration,Immediately isolate the endpoint
ALT-005753,229612,2026-07-26 16:20:10,100.0,Critical,Critical,P1,Open,Incident Response Team,Data Exfiltration,Immediately isolate the endpoint
ALT-004511,182715,2026-07-26 16:20:22,37.65,Medium,Low,P3,Investigating,Tier-1 SOC Analyst,Policy Violation,Investigate suspicious activity
ALT-002639,92178,2026-07-26 16:20:28,100.0,Critical,Critical,P1,Resolved,Incident Response Team,Data Exfiltration,Immediately isolate the endpoint
ALT-005438,213251,2026-07-26 16:20:39,100.0,Critical,Critical,P1,Investigating,Incident Response Team,Malware Infection,Immediately isolate the endpoint
ALT-001802,61231,2026-07-26 16:21:33,99.53,Critical,Critical,P1,Open,Incident Response Team,Ransomware,Immediately isolate the endpoint
ALT-004224,166184,2026-07-26 16:21:34,99.29,Critical,Critical,P1,Investigating,Incident Response Team,Privilege Escalation,Immediately isolate the endpoint
ALT-001724,60610,2026-07-26 16:22:07,100.0,Critical,Critical,P1,Open,Incident Response Team,Malware Infection,Immediately isolate the endpoint
ALT-001739,60625,2026-07-26 16:22:07,100.0,Critical,Critical,P1,Investigating,Incident Response Team,Privilege Escalation,Immediately isolate the endpoint
ALT-004821,200750,2026-07-26 16:22:36,99.46,Critical,Critical,P1,Open,Incident Response Team,Privilege Escalation,Immediately isolate the endpoint
ALT-000081,2632,2026-07-26 16:23:26,99.06,Critical,Critical,P1,Open,Incident Response Team,Privilege Escalation,Immediately isolate the endpoint
ALT-002703,98127,2026-07-26 16:23:33,100.0,Critical,Critical,P1,Open,Incident Response Team,Privilege Escalation,Immediately isolate the endpoint
ALT-003981,149757,2026-07-26 16:23:42,22.81,Medium,Low,P3,Investigating,Tier-1 SOC Analyst,Abnormal Traffic,Investigate suspicious activity
ALT-000423,15537,2026-07-26 16:23:42,100.0,Critical,Critical,P1,Open,Incident Response Team,Data Exfiltration,Immediately isolate the endpoint
ALT-001403,52557,2026-07-26 16:24:40,47.66,Medium,Low,P3,Investigating,Tier-1 SOC Analyst,Abnormal Traffic,Investigate suspicious activity
ALT-002764,99591,2026-07-26 16:24:45,50.77,High,Medium,P2,Open,Tier-2 SOC Analyst,Network Intrusion,Notify security team
ALT-004628,185976,2026-07-26 16:24:45,23.38,Medium,Low,P3,Investigating,Tier-1 SOC Analyst,Port Scan,Investigate suspicious activity
ALT-003030,109483,2026-07-26 16:25:15,100.0,Critical,Critical,P1,Investigating,Incident Response Team,Malware Infection,Immediately isolate the endpoint
ALT-001904,64113,2026-07-26 16:25:29,80.03,Critical,Critical,P1,Investigating,Incident Response Team,Malware Infection,Immediately isolate the endpoint
ALT-000397,13772,2026-07-26 16:26:19,32.01,Medium,Low,P3,Open,Tier-1 SOC Analyst,Reconnaissance,Investigate suspicious activity
ALT-000236,9493,2026-07-26 16:26:29,99.68,Critical,Critical,P1,Open,Incident Response Team,Ransomware,Immediately isolate the endpoint
ALT-001459,53787,2026-07-26 16:26:38,60.67,High,Medium,P2,Open,Tier-2 SOC Analyst,Network Intrusion,Notify security team
ALT-001997,67002,2026-07-26 16:26:46,99.83,Critical,Critical,P1,Investigating,Incident Response Team,Privilege Escalation,Immediately isolate the endpoint
ALT-000888,34298,2026-07-26 16:26:50,100.0,Critical,Critical,P1,Open,Incident Response Team,Data Exfiltration,Immediately isolate the endpoint
ALT-000472,15586,2026-07-26 16:26:50,100.0,Critical,Critical,P1,Open,Incident Response Team,Data Exfiltration,Immediately isolate the endpoint
ALT-005841,230823,2026-07-26 16:26:52,99.93,Critical,Critical,P1,Open,Incident Response Team,Privilege Escalation,Immediately isolate the endpoint
ALT-005665,225180,2026-07-26 16:27:37,100.0,Critical,Critical,P1,Open,Incident Response Team,Data Exfiltration,Immediately isolate the endpoint
ALT-000317,11447,2026-07-26 16:27:40,99.96,Critical,Critical,P1,Investigating,Incident Response Team,Data Exfiltration,Immediately isolate the endpoint
ALT-000110,4171,2026-07-26 16:27:42,100.0,Critical,Critical,P1,Open,Incident Response Team,Privilege Escalation,Immediately isolate the endpoint
ALT-002611,92122,2026-07-26 16:27:52,100.0,Critical,Critical,P1,Investigating,Incident Response Team,Data Exfiltration,Immediately isolate the endpoint
ALT-002807,103409,2026-07-26 16:28:02,100.0,Critical,Critical,P1,Open,Incident Response Team,Privilege Escalation,Immediately isolate the endpoint
ALT-004242,166314,2026-07-26 16:28:03,100.0,Critical,Critical,P1,Open,Incident Response Team,Privilege Escalation,Immediately isolate the endpoint
ALT-003114,112193,2026-07-26 16:28:26,31.95,Medium,Low,P3,Open,Tier-1 SOC Analyst,Reconnaissance,Investigate suspicious activity
ALT-000149,4886,2026-07-26 16:28:28,79.16,High,Medium,P2,Open,Tier-2 SOC Analyst,Brute Force Attack,Notify security team
ALT-005072,203244,2026-07-26 16:29:01,100.0,Critical,Critical,P1,Open,Incident Response Team,Malware Infection,Immediately isolate the endpoint
ALT-006066,234723,2026-07-26 16:29:11,20.08,Medium,Low,P3,Investigating,Tier-1 SOC Analyst,Port Scan,Investigate suspicious activity
ALT-000820,31046,2026-07-26 16:29:14,100.0,Critical,Critical,P1,Open,Incident Response Team,Data Exfiltration,Immediately isolate the endpoint
ALT-005225,207279,2026-07-26 16:29:19,100.0,Critical,Critical,P1,Investigating,Incident Response Team,Malware Infection,Immediately isolate the endpoint
ALT-005764,229662,2026-07-26 16:30:08,100.0,Critical,Critical,P1,Open,Incident Response Team,Data Exfiltration,Immediately isolate the endpoint
ALT-003943,148417,2026-07-26 16:30:41,99.94,Critical,Critical,P1,Open,Incident Response Team,Privilege Escalation,Immediately isolate the endpoint
ALT-003425,121720,2026-07-26 16:30:45,70.49,High,Medium,P2,Investigating,Tier-2 SOC Analyst,Network Intrusion,Notify security team
ALT-005671,225186,2026-07-26 16:31:18,100.0,Critical,Critical,P1,Open,Incident Response Team,Data Exfiltration,Immediately isolate the endpoint
ALT-003583,130596,2026-07-26 16:31:23,100.0,Critical,Critical,P1,Open,Incident Response Team,Data Exfiltration,Immediately isolate the endpoint
ALT-005442,213255,2026-07-26 16:31:24,100.0,Critical,Critical,P1,Open,Incident Response Team,Privilege Escalation,Immediately isolate the endpoint
ALT-004217,166177,2026-07-26 16:31:53,99.25,Critical,Critical,P1,Open,Incident Response Team,Data Exfiltration,Immediately isolate the endpoint
ALT-000169,5415,2026-07-26 16:32:05,100.0,Critical,Critical,P1,Investigating,Incident Response Team,Malware Infection,Immediately isolate the endpoint
ALT-003319,119212,2026-07-26 16:32:43,99.86,Critical,Critical,P1,Open,Incident Response Team,Malware Infection,Immediately isolate the endpoint
ALT-004470,180544,2026-07-26 16:32:49,100.0,Critical,Critical,P1,Investigating,Incident Response Team,Ransomware,Immediately isolate the endpoint
ALT-002242,77699,2026-07-26 16:32:55,100.0,Critical,Critical,P1,Investigating,Incident Response Team,Ransomware,Immediately isolate the endpoint
ALT-002738,98838,2026-07-26 16:32:59,100.0,Critical,Critical,P1,Open,Incident Response Team,Malware Infection,Immediately isolate the endpoint
ALT-005915,232125,2026-07-26 16:33:21,99.96,Critical,Critical,P1,Resolved,Incident Response Team,Ransomware,Immediately isolate the endpoint
ALT-000249,9914,2026-07-26 16:33:34,52.51,High,Medium,P2,Open,Tier-2 SOC Analyst,Suspicious Login,Notify security team
ALT-006085,234887,2026-07-26 16:33:47,93.53,Critical,Critical,P1,Resolved,Incident Response Team,Data Exfiltration,Immediately isolate the endpoint
ALT-002811,103413,2026-07-26 16:33:53,100.0,Critical,Critical,P1,Open,Incident Response Team,Privilege Escalation,Immediately isolate the endpoint
ALT-005501,216235,2026-07-26 16:34:13,99.37,Critical,Critical,P1,Investigating,Incident Response Team,Malware Infection,Immediately isolate the endpoint
ALT-003883,142687,2026-07-26 16:34:41,100.0,Critical,Critical,P1,Open,Incident Response Team,Ransomware,Immediately isolate the endpoint
ALT-003771,139026,2026-07-26 16:34:45,41.19,Medium,Low,P3,Open,Tier-1 SOC Analyst,Policy Violation,Investigate suspicious activity
ALT-000072,2623,2026-07-26 16:35:02,99.09,Critical,Critical,P1,Investigating,Incident Response Team,Data Exfiltration,Immediately isolate the endpoint
ALT-003124,112203,2026-07-26 16:35:03,42.27,Medium,Low,P3,Investigating,Tier-1 SOC Analyst,Port Scan,Investigate suspicious activity
ALT-005179,205793,2026-07-26 16:35:26,100.0,Critical,Critical,P1,Open,Incident Response Team,Malware Infection,Immediately isolate the endpoint
ALT-002245,77702,2026-07-26 16:35:39,100.0,Critical,Critical,P1,Open,Incident Response Team,Malware Infection,Immediately isolate the endpoint
ALT-005207,207261,2026-07-26 16:36:07,100.0,Critical,Critical,P1,Investigating,Incident Response Team,Ransomware,Immediately isolate the endpoint
ALT-003557,130459,2026-07-26 16:36:29,100.0,Critical,Critical,P1,Investigating,Incident Response Team,Privilege Escalation,Immediately isolate the endpoint
ALT-005311,210701,2026-07-26 16:36:31,53.88,High,Medium,P2,Resolved,Tier-2 SOC Analyst,Unauthorized Access,Notify security team
ALT-003313,119206,2026-07-26 16:36:36,99.7,Critical,Critical,P1,Investigating,Incident Response Team,Ransomware,Immediately isolate the endpoint
ALT-005532,216604,2026-07-26 16:36:37,44.27,Medium,Low,P3,Resolved,Tier-1 SOC Analyst,Policy Violation,Investigate suspicious activity
ALT-002674,96181,2026-07-26 16:36:55,100.0,Critical,Critical,P1,Investigating,Incident Response Team,Privilege Escalation,Immediately isolate the endpoint
ALT-005562,218188,2026-07-26 16:37:02,99.97,Critical,Critical,P1,Open,Incident Response Team,Data Exfiltration,Immediately isolate the endpoint
ALT-001576,56182,2026-07-26 16:37:23,100.0,Critical,Critical,P1,Open,Incident Response Team,Privilege Escalation,Immediately isolate the endpoint
ALT-002155,74507,2026-07-26 16:37:23,100.0,Critical,Critical,P1,Investigating,Incident Response Team,Malware Infection,Immediately isolate the endpoint
ALT-001039,41905,2026-07-26 16:37:25,100.0,Critical,Critical,P1,Investigating,Incident Response Team,Data Exfiltration,Immediately isolate the endpoint
ALT-002516,86142,2026-07-26 16:37:30,100.0,Critical,Critical,P1,Open,Incident Response Team,Ransomware,Immediately isolate the endpoint
ALT-003806,140906,2026-07-26 16:37:44,100.0,Critical,Critical,P1,Open,Incident Response Team,Ransomware,Immediately isolate the endpoint
ALT-003272,117560,2026-07-26 16:37:49,100.0,Critical,Critical,P1,Resolved,Incident Response Team,Malware Infection,Immediately isolate the endpoint
ALT-004173,160501,2026-07-26 16:37:56,100.0,Critical,Critical,P1,Open,Incident Response Team,Data Exfiltration,Immediately isolate the endpoint
ALT-004444,177908,2026-07-26 16:37:56,99.89,Critical,Critical,P1,Open,Incident Response Team,Privilege Escalation,Immediately isolate the endpoint
ALT-002641,92180,2026-07-26 16:38:57,100.0,Critical,Critical,P1,Open,Incident Response Team,Privilege Escalation,Immediately isolate the endpoint
ALT-004212,166172,2026-07-26 16:39:01,99.28,Critical,Critical,P1,Open,Incident Response Team,Privilege Escalation,Immediately isolate the endpoint
ALT-002818,103420,2026-07-26 16:39:03,100.0,Critical,Critical,P1,Open,Incident Response Team,Ransomware,Immediately isolate the endpoint
ALT-001085,44804,2026-07-26 16:39:12,100.0,Critical,Critical,P1,Open,Incident Response Team,Ransomware,Immediately isolate the endpoint
ALT-005056,203228,2026-07-26 16:39:36,100.0,Critical,Critical,P1,Open,Incident Response Team,Malware Infection,Immediately isolate the endpoint
ALT-005375,212559,2026-07-26 16:39:39,21.21,Medium,Low,P3,Investigating,Tier-1 SOC Analyst,Abnormal Traffic,Investigate suspicious activity
ALT-004919,201954,2026-07-26 16:39:42,99.99,Critical,Critical,P1,Open,Incident Response Team,Malware Infection,Immediately isolate the endpoint
ALT-003876,142680,2026-07-26 16:39:46,100.0,Critical,Critical,P1,Investigating,Incident Response Team,Malware Infection,Immediately isolate the endpoint
ALT-002187,75907,2026-07-26 16:39:58,22.29,Medium,Low,P3,Investigating,Tier-1 SOC Analyst,Policy Violation,Investigate suspicious activity
ALT-005811,230614,2026-07-26 16:40:10,84.43,Critical,Critical,P1,Open,Incident Response Team,Malware Infection,Immediately isolate the endpoint
ALT-005173,205787,2026-07-26 16:40:26,99.94,Critical,Critical,P1,Investigating,Incident Response Team,Malware Infection,Immediately isolate the endpoint
ALT-006079,234881,2026-07-26 16:40:27,100.0,Critical,Critical,P1,Open,Incident Response Team,Ransomware,Immediately isolate the endpoint
ALT-003216,114586,2026-07-26 16:40:43,98.16,Critical,Critical,P1,Investigating,Incident Response Team,Ransomware,Immediately isolate the endpoint
ALT-004083,158636,2026-07-26 16:40:54,66.17,High,Medium,P2,Open,Tier-2 SOC Analyst,Network Intrusion,Notify security team
ALT-003325,119218,2026-07-26 16:41:08,99.92,Critical,Critical,P1,Investigating,Incident Response Team,Privilege Escalation,Immediately isolate the endpoint
ALT-004458,180532,2026-07-26 16:41:20,100.0,Critical,Critical,P1,Investigating,Incident Response Team,Data Exfiltration,Immediately isolate the endpoint
ALT-004096,158649,2026-07-26 16:41:31,69.31,High,Medium,P2,Open,Tier-2 SOC Analyst,Suspicious Login,Notify security team
ALT-005557,217564,2026-07-26 16:41:33,99.04,Critical,Critical,P1,Open,Incident Response Team,Data Exfiltration,Immediately isolate the endpoint
ALT-005800,230534,2026-07-26 16:41:55,100.0,Critical,Critical,P1,Investigating,Incident Response Team,Privilege Escalation,Immediately isolate the endpoint
ALT-004790,199611,2026-07-26 16:42:08,100.0,Critical,Critical,P1,Investigating,Incident Response Team,Malware Infection,Immediately isolate the endpoint
ALT-005224,207278,2026-07-26 16:42:08,100.0,Critical,Critical,P1,Open,Incident Response Team,Ransomware,Immediately isolate the endpoint
ALT-001410,52564,2026-07-26 16:42:15,53.44,High,Medium,P2,Investigating,Tier-2 SOC Analyst,Suspicious Login,Notify security team
ALT-003754,137982,2026-07-26 16:42:28,99.6,Critical,Critical,P1,Open,Incident Response Team,Privilege Escalation,Immediately isolate the endpoint
ALT-000765,28170,2026-07-26 16:42:43,98.86,Critical,Critical,P1,Investigating,Incident Response Team,Privilege Escalation,Immediately isolate the endpoint
ALT-004732,191727,2026-07-26 16:43:16,100.0,Critical,Critical,P1,Open,Incident Response Team,Ransomware,Immediately isolate the endpoint
ALT-000515,19820,2026-07-26 16:43:21,100.0,Critical,Critical,P1,Investigating,Incident Response Team,Ransomware,Immediately isolate the endpoint
ALT-002079,70495,2026-07-26 16:43:33,100.0,Critical,Critical,P1,Open,Incident Response Team,Ransomware,Immediately isolate the endpoint
ALT-004981,202781,2026-07-26 16:43:37,64.18,High,Medium,P2,Open,Tier-2 SOC Analyst,Network Intrusion,Notify security team
ALT-001572,56178,2026-07-26 16:44:01,100.0,Critical,Critical,P1,Open,Incident Response Team,Ransomware,Immediately isolate the endpoint
ALT-005604,223397,2026-07-26 16:44:11,100.0,Critical,Critical,P1,Open,Incident Response Team,Data Exfiltration,Immediately isolate the endpoint
ALT-000106,2657,2026-07-26 16:44:15,100.0,Critical,Critical,P1,Open,Incident Response Team,Malware Infection,Immediately isolate the endpoint
ALT-001196,45475,2026-07-26 16:44:15,100.0,Critical,Critical,P1,Open,Incident Response Team,Privilege Escalation,Immediately isolate the endpoint
ALT-000256,9923,2026-07-26 16:45:21,20.23,Medium,Low,P3,Investigating,Tier-1 SOC Analyst,Policy Violation,Investigate suspicious activity
ALT-004068,156869,2026-07-26 16:45:29,100.0,Critical,Critical,P1,Open,Incident Response Team,Ransomware,Immediately isolate the endpoint
ALT-002561,90726,2026-07-26 16:46:54,100.0,Critical,Critical,P1,Open,Incident Response Team,Malware Infection,Immediately isolate the endpoint
ALT-000534,19839,2026-07-26 16:47:02,98.95,Critical,Critical,P1,Open,Incident Response Team,Privilege Escalation,Immediately isolate the endpoint
ALT-003007,108761,2026-07-26 16:47:19,99.99,Critical,Critical,P1,Open,Incident Response Team,Privilege Escalation,Immediately isolate the endpoint
ALT-003447,123148,2026-07-26 16:47:21,98.0,Critical,Critical,P1,Open,Incident Response Team,Ransomware,Immediately isolate the endpoint
ALT-001088,44807,2026-07-26 16:47:27,100.0,Critical,Critical,P1,Open,Incident Response Team,Privilege Escalation,Immediately isolate the endpoint
ALT-000832,31058,2026-07-26 16:47:28,100.0,Critical,Critical,P1,Open,Incident Response Team,Privilege Escalation,Immediately isolate the endpoint
ALT-000302,10644,2026-07-26 16:47:31,100.0,Critical,Critical,P1,Open,Incident Response Team,Ransomware,Immediately isolate the endpoint
ALT-001166,44915,2026-07-26 16:47:52,66.81,High,Medium,P2,Open,Tier-2 SOC Analyst,Brute Force Attack,Notify security team
ALT-000793,30512,2026-07-26 16:47:57,100.0,Critical,Critical,P1,Open,Incident Response Team,Data Exfiltration,Immediately isolate the endpoint
ALT-002294,81724,2026-07-26 16:48:16,100.0,Critical,Critical,P1,Open,Incident Response Team,Ransomware,Immediately isolate the endpoint
ALT-000273,10061,2026-07-26 16:48:38,100.0,Critical,Critical,P1,Open,Incident Response Team,Malware Infection,Immediately isolate the endpoint
ALT-005497,216231,2026-07-26 16:49:21,99.43,Critical,Critical,P1,Resolved,Incident Response Team,Ransomware,Immediately isolate the endpoint
ALT-000292,10080,2026-07-26 16:49:21,100.0,Critical,Critical,P1,Open,Incident Response Team,Malware Infection,Immediately isolate the endpoint
ALT-001401,52555,2026-07-26 16:49:51,49.0,Medium,Low,P3,Investigating,Tier-1 SOC Analyst,Policy Violation,Investigate suspicious activity
ALT-001944,65956,2026-07-26 16:49:57,100.0,Critical,Critical,P1,Open,Incident Response Team,Ransomware,Immediately isolate the endpoint
ALT-001728,60614,2026-07-26 16:50:04,100.0,Critical,Critical,P1,Investigating,Incident Response Team,Privilege Escalation,Immediately isolate the endpoint
ALT-001142,44861,2026-07-26 16:50:21,36.28,Medium,Low,P3,Investigating,Tier-1 SOC Analyst,Abnormal Traffic,Investigate suspicious activity
ALT-002371,83782,2026-07-26 16:50:38,48.86,Medium,Low,P3,Open,Tier-1 SOC Analyst,Abnormal Traffic,Investigate suspicious activity
ALT-000545,20161,2026-07-26 16:50:47,100.0,Critical,Critical,P1,Resolved,Incident Response Team,Malware Infection,Immediately isolate the endpoint
ALT-001227,45989,2026-07-26 16:50:51,99.98,Critical,Critical,P1,Open,Incident Response Team,Malware Infection,Immediately isolate the endpoint
ALT-003323,119216,2026-07-26 16:51:02,99.95,Critical,Critical,P1,Open,Incident Response Team,Data Exfiltration,Immediately isolate the endpoint
ALT-005101,204224,2026-07-26 16:51:04,100.0,Critical,Critical,P1,Investigating,Incident Response Team,Malware Infection,Immediately isolate the endpoint
ALT-000260,9928,2026-07-26 16:51:25,89.3,Critical,Critical,P1,Investigating,Incident Response Team,Privilege Escalation,Immediately isolate the endpoint
ALT-000414,14698,2026-07-26 16:51:45,100.0,Critical,Critical,P1,Open,Incident Response Team,Ransomware,Immediately isolate the endpoint
ALT-005427,213240,2026-07-26 16:51:46,100.0,Critical,Critical,P1,Open,Incident Response Team,Malware Infection,Immediately isolate the endpoint
ALT-003074,111851,2026-07-26 16:52:41,28.43,Medium,Low,P3,Open,Tier-1 SOC Analyst,Policy Violation,Investigate suspicious activity
ALT-005601,223394,2026-07-26 16:52:46,100.0,Critical,Critical,P1,Open,Incident Response Team,Malware Infection,Immediately isolate the endpoint
ALT-001019,40475,2026-07-26 16:53:14,100.0,Critical,Critical,P1,Investigating,Incident Response Team,Data Exfiltration,Immediately isolate the endpoint
ALT-002932,107962,2026-07-26 16:53:14,100.0,Critical,Critical,P1,Open,Incident Response Team,Data Exfiltration,Immediately isolate the endpoint
ALT-001587,56193,2026-07-26 16:53:31,100.0,Critical,Critical,P1,Open,Incident Response Team,Malware Infection,Immediately isolate the endpoint
ALT-004045,155184,2026-07-26 16:53:39,99.61,Critical,Critical,P1,Open,Incident Response Team,Privilege Escalation,Immediately isolate the endpoint
ALT-005063,203235,2026-07-26 16:54:02,100.0,Critical,Critical,P1,Open,Incident Response Team,Malware Infection,Immediately isolate the endpoint
ALT-004338,172401,2026-07-26 16:54:06,100.0,Critical,Critical,P1,Open,Incident Response Team,Data Exfiltration,Immediately isolate the endpoint
ALT-005978,232711,2026-07-26 16:54:12,98.74,Critical,Critical,P1,Investigating,Incident Response Team,Privilege Escalation,Immediately isolate the endpoint
ALT-004982,202782,2026-07-26 16:54:19,64.24,High,Medium,P2,Resolved,Tier-2 SOC Analyst,Network Intrusion,Notify security team
ALT-000938,37398,2026-07-26 16:54:33,100.0,Critical,Critical,P1,Investigating,Incident Response Team,Malware Infection,Immediately isolate the endpoint
ALT-005538,216610,2026-07-26 16:54:40,40.53,Medium,Low,P3,Open,Tier-1 SOC Analyst,Abnormal Traffic,Investigate suspicious activity
ALT-002914,105808,2026-07-26 16:54:50,99.99,Critical,Critical,P1,Investigating,Incident Response Team,Data Exfiltration,Immediately isolate the endpoint
ALT-004331,172394,2026-07-26 16:55:28,100.0,Critical,Critical,P1,Investigating,Incident Response Team,Malware Infection,Immediately isolate the endpoint
ALT-002893,105101,2026-07-26 16:55:40,100.0,Critical,Critical,P1,Investigating,Incident Response Team,Malware Infection,Immediately isolate the endpoint
ALT-004681,189091,2026-07-26 16:55:42,100.0,Critical,Critical,P1,Open,Incident Response Team,Ransomware,Immediately isolate the endpoint
ALT-001000,40014,2026-07-26 16:55:51,100.0,Critical,Critical,P1,Open,Incident Response Team,Ransomware,Immediately isolate the endpoint
ALT-002950,108514,2026-07-26 16:55:57,24.98,Medium,Low,P3,Open,Tier-1 SOC Analyst,Policy Violation,Investigate suspicious activity
ALT-002986,108740,2026-07-26 16:56:06,100.0,Critical,Critical,P1,Open,Incident Response Team,Malware Infection,Immediately isolate the endpoint
ALT-003177,114380,2026-07-26 16:56:15,100.0,Critical,Critical,P1,Open,Incident Response Team,Privilege Escalation,Immediately isolate the endpoint
ALT-005495,216229,2026-07-26 16:56:32,99.36,Critical,Critical,P1,Open,Incident Response Team,Data Exfiltration,Immediately isolate the endpoint
ALT-000641,26264,2026-07-26 16:56:44,100.0,Critical,Critical,P1,Open,Incident Response Team,Privilege Escalation,Immediately isolate the endpoint
ALT-002437,85062,2026-07-26 16:56:46,100.0,Critical,Critical,P1,Investigating,Incident Response Team,Data Exfiltration,Immediately isolate the endpoint
ALT-000389,13759,2026-07-26 16:56:49,34.71,Medium,Low,P3,Open,Tier-1 SOC Analyst,Abnormal Traffic,Investigate suspicious activity
ALT-005384,213151,2026-07-26 16:56:59,100.0,Critical,Critical,P1,Open,Incident Response Team,Privilege Escalation,Immediately isolate the endpoint
ALT-003467,123168,2026-07-26 16:57:40,98.31,Critical,Critical,P1,Resolved,Incident Response Team,Malware Infection,Immediately isolate the endpoint
ALT-004990,202790,2026-07-26 16:57:41,73.21,High,Medium,P2,Resolved,Tier-2 SOC Analyst,Unauthorized Access,Notify security team
ALT-003568,130581,2026-07-26 16:57:43,100.0,Critical,Critical,P1,Investigating,Incident Response Team,Privilege Escalation,Immediately isolate the endpoint
ALT-002224,77681,2026-07-26 16:58:02,100.0,Critical,Critical,P1,Resolved,Incident Response Team,Malware Infection,Immediately isolate the endpoint
ALT-002389,84026,2026-07-26 16:58:14,100.0,Critical,Critical,P1,Open,Incident Response Team,Data Exfiltration,Immediately isolate the endpoint
ALT-006105,235249,2026-07-26 16:58:26,100.0,Critical,Critical,P1,Resolved,Incident Response Team,Data Exfiltration,Immediately isolate the endpoint
ALT-000734,27741,2026-07-26 16:58:32,99.84,Critical,Critical,P1,Open,Incident Response Team,Malware Infection,Immediately isolate the endpoint
ALT-002070,70486,2026-07-26 16:59:03,99.93,Critical,Critical,P1,Open,Incident Response Team,Ransomware,Immediately isolate the endpoint
ALT-005760,229619,2026-07-26 16:59:21,100.0,Critical,Critical,P1,Open,Incident Response Team,Ransomware,Immediately isolate the endpoint
ALT-005378,212567,2026-07-26 16:59:51,21.1,Medium,Low,P3,Open,Tier-1 SOC Analyst,Reconnaissance,Investigate suspicious activity
ALT-005795,230529,2026-07-26 17:00:36,100.0,Critical,Critical,P1,Open,Incident Response Team,Malware Infection,Immediately isolate the endpoint
ALT-002499,85835,2026-07-26 17:01:14,100.0,Critical,Critical,P1,Investigating,Incident Response Team,Malware Infection,Immediately isolate the endpoint
ALT-003275,117563,2026-07-26 17:01:20,100.0,Critical,Critical,P1,Investigating,Incident Response Team,Data Exfiltration,Immediately isolate the endpoint
ALT-001708,60044,2026-07-26 17:01:49,100.0,Critical,Critical,P1,Open,Incident Response Team,Privilege Escalation,Immediately isolate the endpoint
ALT-000564,20180,2026-07-26 17:01:50,100.0,Critical,Critical,P1,Open,Incident Response Team,Ransomware,Immediately isolate the endpoint
ALT-001283,47207,2026-07-26 17:02:09,59.07,High,Medium,P2,Investigating,Tier-2 SOC Analyst,Brute Force Attack,Notify security team
ALT-000448,15562,2026-07-26 17:02:11,100.0,Critical,Critical,P1,Investigating,Incident Response Team,Ransomware,Immediately isolate the endpoint
ALT-003891,146551,2026-07-26 17:02:51,51.03,High,Medium,P2,Open,Tier-2 SOC Analyst,Network Intrusion,Notify security team
ALT-002889,105097,2026-07-26 17:03:06,100.0,Critical,Critical,P1,Investigating,Incident Response Team,Privilege Escalation,Immediately isolate the endpoint
ALT-000931,37391,2026-07-26 17:03:28,100.0,Critical,Critical,P1,Open,Incident Response Team,Malware Infection,Immediately isolate the endpoint
ALT-004093,158646,2026-07-26 17:03:33,68.44,High,Medium,P2,Open,Tier-2 SOC Analyst,Brute Force Attack,Notify security team
ALT-004136,159355,2026-07-26 17:03:33,99.34,Critical,Critical,P1,Resolved,Incident Response Team,Malware Infection,Immediately isolate the endpoint
ALT-003587,130600,2026-07-26 17:04:04,100.0,Critical,Critical,P1,Open,Incident Response Team,Malware Infection,Immediately isolate the endpoint
ALT-005755,229614,2026-07-26 17:04:17,100.0,Critical,Critical,P1,Open,Incident Response Team,Privilege Escalation,Immediately isolate the endpoint
ALT-004656,186604,2026-07-26 17:04:23,52.16,High,Medium,P2,Investigating,Tier-2 SOC Analyst,Brute Force Attack,Notify security team
ALT-002727,98285,2026-07-26 17:04:30,100.0,Critical,Critical,P1,Investigating,Incident Response Team,Privilege Escalation,Immediately isolate the endpoint
ALT-006071,234745,2026-07-26 17:04:40,36.04,Medium,Low,P3,Open,Tier-1 SOC Analyst,Port Scan,Investigate suspicious activity
ALT-001632,57703,2026-07-26 17:04:58,51.49,High,Medium,P2,Open,Tier-2 SOC Analyst,Unauthorized Access,Notify security team
ALT-004000,152942,2026-07-26 17:05:06,100.0,Critical,Critical,P1,Open,Incident Response Team,Ransomware,Immediately isolate the endpoint
ALT-005453,213288,2026-07-26 17:05:09,100.0,Critical,Critical,P1,Investigating,Incident Response Team,Malware Infection,Immediately isolate the endpoint
ALT-005291,210576,2026-07-26 17:05:26,99.24,Critical,Critical,P1,Open,Incident Response Team,Data Exfiltration,Immediately isolate the endpoint
ALT-005250,208176,2026-07-26 17:05:41,100.0,Critical,Critical,P1,Open,Incident Response Team,Privilege Escalation,Immediately isolate the endpoint
ALT-001952,65964,2026-07-26 17:06:23,100.0,Critical,Critical,P1,Resolved,Incident Response Team,Ransomware,Immediately isolate the endpoint
ALT-003535,127917,2026-07-26 17:06:33,100.0,Critical,Critical,P1,Open,Incident Response Team,Data Exfiltration,Immediately isolate the endpoint
ALT-003778,139033,2026-07-26 17:06:39,26.78,Medium,Low,P3,Open,Tier-1 SOC Analyst,Reconnaissance,Investigate suspicious activity
ALT-000987,40001,2026-07-26 17:06:55,100.0,Critical,Critical,P1,Open,Incident Response Team,Malware Infection,Immediately isolate the endpoint
ALT-006088,235232,2026-07-26 17:07:03,100.0,Critical,Critical,P1,Investigating,Incident Response Team,Ransomware,Immediately isolate the endpoint
ALT-003844,142181,2026-07-26 17:08:18,100.0,Critical,Critical,P1,Open,Incident Response Team,Privilege Escalation,Immediately isolate the endpoint
ALT-005396,213163,2026-07-26 17:08:48,100.0,Critical,Critical,P1,Open,Incident Response Team,Data Exfiltration,Immediately isolate the endpoint
ALT-003681,136424,2026-07-26 17:08:51,100.0,Critical,Critical,P1,Investigating,Incident Response Team,Data Exfiltration,Immediately isolate the endpoint
ALT-004293,167688,2026-07-26 17:09:08,99.96,Critical,Critical,P1,Open,Incident Response Team,Data Exfiltration,Immediately isolate the endpoint
ALT-001543,54842,2026-07-26 17:09:19,100.0,Critical,Critical,P1,Open,Incident Response Team,Data Exfiltration,Immediately isolate the endpoint
ALT-001905,64116,2026-07-26 17:09:29,93.12,Critical,Critical,P1,Open,Incident Response Team,Privilege Escalation,Immediately isolate the endpoint
ALT-003955,149286,2026-07-26 17:09:32,99.95,Critical,Critical,P1,Open,Incident Response Team,Data Exfiltration,Immediately isolate the endpoint
ALT-000427,15541,2026-07-26 17:10:24,100.0,Critical,Critical,P1,Open,Incident Response Team,Data Exfiltration,Immediately isolate the endpoint
ALT-001157,44906,2026-07-26 17:10:37,66.85,High,Medium,P2,Open,Tier-2 SOC Analyst,Network Intrusion,Notify security team
ALT-006054,234101,2026-07-26 17:10:41,100.0,Critical,Critical,P1,Open,Incident Response Team,Malware Infection,Immediately isolate the endpoint
ALT-001738,60624,2026-07-26 17:11:07,100.0,Critical,Critical,P1,Open,Incident Response Team,Data Exfiltration,Immediately isolate the endpoint
ALT-002442,85067,2026-07-26 17:11:48,100.0,Critical,Critical,P1,Investigating,Incident Response Team,Ransomware,Immediately isolate the endpoint
ALT-000204,5741,2026-07-26 17:11:50,99.97,Critical,Critical,P1,Resolved,Incident Response Team,Privilege Escalation,Immediately isolate the endpoint
ALT-002817,103419,2026-07-26 17:11:56,100.0,Critical,Critical,P1,Investigating,Incident Response Team,Privilege Escalation,Immediately isolate the endpoint
ALT-002778,99605,2026-07-26 17:12:37,48.26,Medium,Low,P3,Investigating,Tier-1 SOC Analyst,Policy Violation,Investigate suspicious activity
ALT-000614,24917,2026-07-26 17:12:39,100.0,Critical,Critical,P1,Open,Incident Response Team,Data Exfiltration,Immediately isolate the endpoint
ALT-004255,167130,2026-07-26 17:12:41,100.0,Critical,Critical,P1,Resolved,Incident Response Team,Privilege Escalation,Immediately isolate the endpoint
ALT-004567,184170,2026-07-26 17:12:51,99.36,Critical,Critical,P1,Open,Incident Response Team,Data Exfiltration,Immediately isolate the endpoint
ALT-001118,44837,2026-07-26 17:13:05,35.97,Medium,Low,P3,Resolved,Tier-1 SOC Analyst,Policy Violation,Investigate suspicious activity
ALT-004890,201440,2026-07-26 17:13:09,36.57,Medium,Low,P3,Resolved,Tier-1 SOC Analyst,Policy Violation,Investigate suspicious activity
ALT-003381,120563,2026-07-26 17:13:32,100.0,Critical,Critical,P1,Investigating,Incident Response Team,Malware Infection,Immediately isolate the endpoint
ALT-000494,18966,2026-07-26 17:13:47,100.0,Critical,Critical,P1,Resolved,Incident Response Team,Malware Infection,Immediately isolate the endpoint
ALT-000152,4891,2026-07-26 17:14:17,26.17,Medium,Low,P3,Open,Tier-1 SOC Analyst,Abnormal Traffic,Investigate suspicious activity
ALT-003992,152934,2026-07-26 17:14:27,100.0,Critical,Critical,P1,Open,Incident Response Team,Privilege Escalation,Immediately isolate the endpoint
ALT-004139,159358,2026-07-26 17:14:30,83.41,Critical,Critical,P1,Open,Incident Response Team,Malware Infection,Immediately isolate the endpoint
ALT-003022,108776,2026-07-26 17:14:41,99.99,Critical,Critical,P1,Open,Incident Response Team,Malware Infection,Immediately isolate the endpoint
ALT-004440,177904,2026-07-26 17:14:43,99.92,Critical,Critical,P1,Open,Incident Response Team,Data Exfiltration,Immediately isolate the endpoint
ALT-000925,35102,2026-07-26 17:14:49,100.0,Critical,Critical,P1,Investigating,Incident Response Team,Malware Infection,Immediately isolate the endpoint
ALT-001515,54544,2026-07-26 17:15:06,100.0,Critical,Critical,P1,Resolved,Incident Response Team,Malware Infection,Immediately isolate the endpoint
ALT-001531,54830,2026-07-26 17:15:11,100.0,Critical,Critical,P1,Open,Incident Response Team,Ransomware,Immediately isolate the endpoint
ALT-002471,85370,2026-07-26 17:15:12,27.44,Medium,Low,P3,Investigating,Tier-1 SOC Analyst,Reconnaissance,Investigate suspicious activity
ALT-002584,91537,2026-07-26 17:15:27,99.99,Critical,Critical,P1,Resolved,Incident Response Team,Malware Infection,Immediately isolate the endpoint
ALT-005553,217560,2026-07-26 17:15:28,98.72,Critical,Critical,P1,Resolved,Incident Response Team,Data Exfiltration,Immediately isolate the endpoint
ALT-002528,86280,2026-07-26 17:15:37,40.24,Medium,Low,P3,Resolved,Tier-1 SOC Analyst,Reconnaissance,Investigate suspicious activity
ALT-005218,207272,2026-07-26 17:15:40,100.0,Critical,Critical,P1,Open,Incident Response Team,Ransomware,Immediately isolate the endpoint
ALT-005106,204229,2026-07-26 17:16:03,100.0,Critical,Critical,P1,Resolved,Incident Response Team,Privilege Escalation,Immediately isolate the endpoint
ALT-005293,210578,2026-07-26 17:16:37,99.24,Critical,Critical,P1,Investigating,Incident Response Team,Malware Infection,Immediately isolate the endpoint
ALT-003026,109479,2026-07-26 17:16:45,100.0,Critical,Critical,P1,Open,Incident Response Team,Ransomware,Immediately isolate the endpoint
ALT-003623,135876,2026-07-26 17:16:51,100.0,Critical,Critical,P1,Open,Incident Response Team,Data Exfiltration,Immediately isolate the endpoint
ALT-005821,230624,2026-07-26 17:16:52,97.51,Critical,Critical,P1,Investigating,Incident Response Team,Malware Infection,Immediately isolate the endpoint
ALT-003289,118030,2026-07-26 17:17:07,100.0,Critical,Critical,P1,Open,Incident Response Team,Data Exfiltration,Immediately isolate the endpoint
ALT-001132,44851,2026-07-26 17:17:09,30.89,Medium,Low,P3,Investigating,Tier-1 SOC Analyst,Policy Violation,Investigate suspicious activity
ALT-002013,67701,2026-07-26 17:17:34,24.49,Medium,Low,P3,Investigating,Tier-1 SOC Analyst,Abnormal Traffic,Investigate suspicious activity
ALT-005655,225047,2026-07-26 17:17:39,100.0,Critical,Critical,P1,Open,Incident Response Team,Ransomware,Immediately isolate the endpoint
ALT-002678,96185,2026-07-26 17:18:12,100.0,Critical,Critical,P1,Open,Incident Response Team,Privilege Escalation,Immediately isolate the endpoint
ALT-004957,202489,2026-07-26 17:18:15,100.0,Critical,Critical,P1,Investigating,Incident Response Team,Privilege Escalation,Immediately isolate the endpoint
ALT-003141,112220,2026-07-26 17:18:36,23.25,Medium,Low,P3,Open,Tier-1 SOC Analyst,Policy Violation,Investigate suspicious activity
ALT-000604,24907,2026-07-26 17:18:52,100.0,Critical,Critical,P1,Open,Incident Response Team,Privilege Escalation,Immediately isolate the endpoint
ALT-006111,235255,2026-07-26 17:19:12,100.0,Critical,Critical,P1,Open,Incident Response Team,Ransomware,Immediately isolate the endpoint
ALT-004468,180542,2026-07-26 17:19:14,100.0,Critical,Critical,P1,Open,Incident Response Team,Data Exfiltration,Immediately isolate the endpoint
ALT-004791,199612,2026-07-26 17:19:28,100.0,Critical,Critical,P1,Resolved,Incident Response Team,Ransomware,Immediately isolate the endpoint
ALT-003895,146555,2026-07-26 17:19:29,49.81,Medium,Low,P3,Open,Tier-1 SOC Analyst,Policy Violation,Investigate suspicious activity
ALT-003156,112236,2026-07-26 17:19:36,28.75,Medium,Low,P3,Investigating,Tier-1 SOC Analyst,Port Scan,Investigate suspicious activity
ALT-002934,107964,2026-07-26 17:19:36,100.0,Critical,Critical,P1,Open,Incident Response Team,Malware Infection,Immediately isolate the endpoint
ALT-001285,47209,2026-07-26 17:19:40,59.84,High,Medium,P2,Open,Tier-2 SOC Analyst,Suspicious Login,Notify security team
ALT-005618,223411,2026-07-26 17:19:40,100.0,Critical,Critical,P1,Investigating,Incident Response Team,Data Exfiltration,Immediately isolate the endpoint
ALT-005485,216219,2026-07-26 17:19:51,99.43,Critical,Critical,P1,Investigating,Incident Response Team,Ransomware,Immediately isolate the endpoint
ALT-005945,232678,2026-07-26 17:20:17,98.58,Critical,Critical,P1,Open,Incident Response Team,Malware Infection,Immediately isolate the endpoint
ALT-000840,31066,2026-07-26 17:20:30,29.59,Medium,Low,P3,Open,Tier-1 SOC Analyst,Port Scan,Investigate suspicious activity
ALT-004162,159381,2026-07-26 17:20:36,100.0,Critical,Critical,P1,Open,Incident Response Team,Malware Infection,Immediately isolate the endpoint
ALT-001144,44863,2026-07-26 17:20:53,39.11,Medium,Low,P3,Open,Tier-1 SOC Analyst,Abnormal Traffic,Investigate suspicious activity
ALT-001036,41902,2026-07-26 17:21:06,100.0,Critical,Critical,P1,Investigating,Incident Response Team,Ransomware,Immediately isolate the endpoint
ALT-000131,4192,2026-07-26 17:21:19,100.0,Critical,Critical,P1,Open,Incident Response Team,Privilege Escalation,Immediately isolate the endpoint
ALT-000271,10059,2026-07-26 17:21:20,100.0,Critical,Critical,P1,Open,Incident Response Team,Privilege Escalation,Immediately isolate the endpoint
ALT-000375,13378,2026-07-26 17:21:44,100.0,Critical,Critical,P1,Open,Incident Response Team,Data Exfiltration,Immediately isolate the endpoint
ALT-003332,120107,2026-07-26 17:22:00,100.0,Critical,Critical,P1,Resolved,Incident Response Team,Privilege Escalation,Immediately isolate the endpoint
ALT-002276,81706,2026-07-26 17:22:03,99.0,Critical,Critical,P1,Resolved,Incident Response Team,Data Exfiltration,Immediately isolate the endpoint
ALT-001876,63873,2026-07-26 17:22:08,22.15,Medium,Low,P3,Open,Tier-1 SOC Analyst,Policy Violation,Investigate suspicious activity
ALT-002390,84027,2026-07-26 17:22:11,100.0,Critical,Critical,P1,Investigating,Incident Response Team,Malware Infection,Immediately isolate the endpoint
ALT-005512,216377,2026-07-26 17:22:16,30.4,Medium,Low,P3,Open,Tier-1 SOC Analyst,Abnormal Traffic,Investigate suspicious activity
ALT-002871,104014,2026-07-26 17:22:22,100.0,Critical,Critical,P1,Open,Incident Response Team,Malware Infection,Immediately isolate the endpoint
ALT-002355,83766,2026-07-26 17:22:26,50.04,High,Medium,P2,Investigating,Tier-2 SOC Analyst,Brute Force Attack,Notify security team
ALT-002093,70756,2026-07-26 17:22:54,100.0,Critical,Critical,P1,Resolved,Incident Response Team,Privilege Escalation,Immediately isolate the endpoint
ALT-005445,213258,2026-07-26 17:23:02,100.0,Critical,Critical,P1,Resolved,Incident Response Team,Data Exfiltration,Immediately isolate the endpoint
ALT-002731,98289,2026-07-26 17:23:12,100.0,Critical,Critical,P1,Open,Incident Response Team,Malware Infection,Immediately isolate the endpoint
ALT-004032,154649,2026-07-26 17:23:19,100.0,Critical,Critical,P1,Open,Incident Response Team,Ransomware,Immediately isolate the endpoint
ALT-000770,29899,2026-07-26 17:23:22,100.0,Critical,Critical,P1,Investigating,Incident Response Team,Ransomware,Immediately isolate the endpoint
ALT-002193,76209,2026-07-26 17:23:34,100.0,Critical,Critical,P1,Open,Incident Response Team,Malware Infection,Immediately isolate the endpoint
ALT-003909,146569,2026-07-26 17:23:42,49.73,Medium,Low,P3,Open,Tier-1 SOC Analyst,Port Scan,Investigate suspicious activity
ALT-004794,199615,2026-07-26 17:24:14,100.0,Critical,Critical,P1,Open,Incident Response Team,Ransomware,Immediately isolate the endpoint
ALT-002695,98119,2026-07-26 17:24:48,100.0,Critical,Critical,P1,Investigating,Incident Response Team,Ransomware,Immediately isolate the endpoint
ALT-004526,182731,2026-07-26 17:24:52,28.52,Medium,Low,P3,Open,Tier-1 SOC Analyst,Policy Violation,Investigate suspicious activity
ALT-005430,213243,2026-07-26 17:25:09,100.0,Critical,Critical,P1,Open,Incident Response Team,Data Exfiltration,Immediately isolate the endpoint
ALT-001816,62267,2026-07-26 17:25:09,98.67,Critical,Critical,P1,Resolved,Incident Response Team,Data Exfiltration,Immediately isolate the endpoint
ALT-002111,70774,2026-07-26 17:25:10,99.36,Critical,Critical,P1,Open,Incident Response Team,Data Exfiltration,Immediately isolate the endpoint
ALT-000774,29903,2026-07-26 17:25:37,100.0,Critical,Critical,P1,Open,Incident Response Team,Data Exfiltration,Immediately isolate the endpoint
ALT-003288,118029,2026-07-26 17:25:42,100.0,Critical,Critical,P1,Open,Incident Response Team,Data Exfiltration,Immediately isolate the endpoint
ALT-004589,185242,2026-07-26 17:25:46,100.0,Critical,Critical,P1,Open,Incident Response Team,Ransomware,Immediately isolate the endpoint
ALT-002059,70475,2026-07-26 17:26:11,99.92,Critical,Critical,P1,Open,Incident Response Team,Privilege Escalation,Immediately isolate the endpoint
ALT-006069,234729,2026-07-26 17:26:12,22.55,Medium,Low,P3,Open,Tier-1 SOC Analyst,Port Scan,Investigate suspicious activity
ALT-002720,98278,2026-07-26 17:26:20,100.0,Critical,Critical,P1,Investigating,Incident Response Team,Malware Infection,Immediately isolate the endpoint
ALT-000259,9927,2026-07-26 17:26:24,62.04,High,Medium,P2,Open,Tier-2 SOC Analyst,Network Intrusion,Notify security team
ALT-002522,86274,2026-07-26 17:26:29,41.47,Medium,Low,P3,Resolved,Tier-1 SOC Analyst,Port Scan,Investigate suspicious activity
ALT-004364,174249,2026-07-26 17:26:47,100.0,Critical,Critical,P1,Open,Incident Response Team,Privilege Escalation,Immediately isolate the endpoint
ALT-002559,90724,2026-07-26 17:26:47,99.49,Critical,Critical,P1,Open,Incident Response Team,Privilege Escalation,Immediately isolate the endpoint
ALT-005878,231366,2026-07-26 17:26:49,99.94,Critical,Critical,P1,Open,Incident Response Team,Privilege Escalation,Immediately isolate the endpoint
ALT-005122,204245,2026-07-26 17:26:59,100.0,Critical,Critical,P1,Open,Incident Response Team,Privilege Escalation,Immediately isolate the endpoint
ALT-002154,74506,2026-07-26 17:27:01,100.0,Critical,Critical,P1,Investigating,Incident Response Team,Privilege Escalation,Immediately isolate the endpoint
ALT-004759,196576,2026-07-26 17:27:01,22.52,Medium,Low,P3,Open,Tier-1 SOC Analyst,Reconnaissance,Investigate suspicious activity
ALT-000197,5734,2026-07-26 17:27:20,99.98,Critical,Critical,P1,Open,Incident Response Team,Malware Infection,Immediately isolate the endpoint
ALT-000214,7751,2026-07-26 17:27:26,100.0,Critical,Critical,P1,Investigating,Incident Response Team,Data Exfiltration,Immediately isolate the endpoint
ALT-003967,149298,2026-07-26 17:27:32,100.0,Critical,Critical,P1,Resolved,Incident Response Team,Ransomware,Immediately isolate the endpoint
ALT-004438,177902,2026-07-26 17:27:35,98.97,Critical,Critical,P1,Investigating,Incident Response Team,Malware Infection,Immediately isolate the endpoint
ALT-002469,85368,2026-07-26 17:28:22,34.5,Medium,Low,P3,Open,Tier-1 SOC Analyst,Abnormal Traffic,Investigate suspicious activity
ALT-002416,84073,2026-07-26 17:28:25,100.0,Critical,Critical,P1,Investigating,Incident Response Team,Data Exfiltration,Immediately isolate the endpoint
ALT-005741,229299,2026-07-26 17:28:37,40.89,Medium,Low,P3,Open,Tier-1 SOC Analyst,Policy Violation,Investigate suspicious activity
ALT-000262,9930,2026-07-26 17:29:02,59.21,High,Medium,P2,Open,Tier-2 SOC Analyst,Unauthorized Access,Notify security team
ALT-004165,159384,2026-07-26 17:29:21,99.44,Critical,Critical,P1,Open,Incident Response Team,Privilege Escalation,Immediately isolate the endpoint
ALT-004729,191724,2026-07-26 17:29:26,100.0,Critical,Critical,P1,Open,Incident Response Team,Ransomware,Immediately isolate the endpoint
ALT-000502,18974,2026-07-26 17:30:20,100.0,Critical,Critical,P1,Open,Incident Response Team,Data Exfiltration,Immediately isolate the endpoint
ALT-002763,99590,2026-07-26 17:30:26,52.83,High,Medium,P2,Open,Tier-2 SOC Analyst,Unauthorized Access,Notify security team
ALT-000136,4197,2026-07-26 17:30:34,100.0,Critical,Critical,P1,Investigating,Incident Response Team,Privilege Escalation,Immediately isolate the endpoint
ALT-005400,213167,2026-07-26 17:31:06,100.0,Critical,Critical,P1,Open,Incident Response Team,Data Exfiltration,Immediately isolate the endpoint
ALT-001154,44903,2026-07-26 17:31:28,65.72,High,Medium,P2,Open,Tier-2 SOC Analyst,Brute Force Attack,Notify security team
ALT-005561,218187,2026-07-26 17:32:17,99.99,Critical,Critical,P1,Open,Incident Response Team,Malware Infection,Immediately isolate the endpoint
ALT-005875,231215,2026-07-26 17:32:23,100.0,Critical,Critical,P1,Resolved,Incident Response Team,Ransomware,Immediately isolate the endpoint
ALT-003442,123143,2026-07-26 17:32:25,97.72,Critical,Critical,P1,Open,Incident Response Team,Malware Infection,Immediately isolate the endpoint
ALT-003511,126668,2026-07-26 17:32:29,98.85,Critical,Critical,P1,Open,Incident Response Team,Privilege Escalation,Immediately isolate the endpoint
ALT-000503,18975,2026-07-26 17:33:08,100.0,Critical,Critical,P1,Investigating,Incident Response Team,Ransomware,Immediately isolate the endpoint
ALT-000091,2642,2026-07-26 17:33:14,99.07,Critical,Critical,P1,Investigating,Incident Response Team,Malware Infection,Immediately isolate the endpoint
ALT-003609,131716,2026-07-26 17:33:19,100.0,Critical,Critical,P1,Open,Incident Response Team,Ransomware,Immediately isolate the endpoint
ALT-001077,43596,2026-07-26 17:33:41,99.58,Critical,Critical,P1,Investigating,Incident Response Team,Ransomware,Immediately isolate the endpoint
ALT-006160,238114,2026-07-26 17:33:48,100.0,Critical,Critical,P1,Investigating,Incident Response Team,Ransomware,Immediately isolate the endpoint
ALT-002121,74308,2026-07-26 17:33:52,100.0,Critical,Critical,P1,Investigating,Incident Response Team,Malware Infection,Immediately isolate the endpoint
ALT-005253,208179,2026-07-26 17:33:54,100.0,Critical,Critical,P1,Open,Incident Response Team,Ransomware,Immediately isolate the endpoint
ALT-003911,146571,2026-07-26 17:33:55,49.77,Medium,Low,P3,Investigating,Tier-1 SOC Analyst,Reconnaissance,Investigate suspicious activity
ALT-002255,78467,2026-07-26 17:33:57,43.77,Medium,Low,P3,Open,Tier-1 SOC Analyst,Port Scan,Investigate suspicious activity
ALT-000671,26998,2026-07-26 17:34:06,100.0,Critical,Critical,P1,Open,Incident Response Team,Ransomware,Immediately isolate the endpoint
ALT-000617,24920,2026-07-26 17:34:21,100.0,Critical,Critical,P1,Open,Incident Response Team,Ransomware,Immediately isolate the endpoint
ALT-005727,229285,2026-07-26 17:34:26,36.8,Medium,Low,P3,Open,Tier-1 SOC Analyst,Abnormal Traffic,Investigate suspicious activity
ALT-001680,58904,2026-07-26 17:35:03,99.04,Critical,Critical,P1,Open,Incident Response Team,Privilege Escalation,Immediately isolate the endpoint
ALT-003166,112785,2026-07-26 17:35:12,21.59,Medium,Low,P3,Investigating,Tier-1 SOC Analyst,Abnormal Traffic,Investigate suspicious activity
ALT-003637,135890,2026-07-26 17:35:35,100.0,Critical,Critical,P1,Open,Incident Response Team,Ransomware,Immediately isolate the endpoint
ALT-001641,58823,2026-07-26 17:35:35,100.0,Critical,Critical,P1,Open,Incident Response Team,Malware Infection,Immediately isolate the endpoint
ALT-002190,75911,2026-07-26 17:35:41,45.54,Medium,Low,P3,Open,Tier-1 SOC Analyst,Port Scan,Investigate suspicious activity
ALT-003962,149293,2026-07-26 17:35:55,99.96,Critical,Critical,P1,Open,Incident Response Team,Data Exfiltration,Immediately isolate the endpoint
ALT-003448,123149,2026-07-26 17:36:10,98.0,Critical,Critical,P1,Resolved,Incident Response Team,Data Exfiltration,Immediately isolate the endpoint
ALT-005312,210702,2026-07-26 17:36:30,62.16,High,Medium,P2,Open,Tier-2 SOC Analyst,Suspicious Login,Notify security team
ALT-003252,115162,2026-07-26 17:37:03,100.0,Critical,Critical,P1,Open,Incident Response Team,Data Exfiltration,Immediately isolate the endpoint
ALT-004781,196706,2026-07-26 17:37:06,27.67,Medium,Low,P3,Open,Tier-1 SOC Analyst,Reconnaissance,Investigate suspicious activity
ALT-001669,58893,2026-07-26 17:37:27,98.81,Critical,Critical,P1,Open,Incident Response Team,Malware Infection,Immediately isolate the endpoint
ALT-001418,52842,2026-07-26 17:37:34,51.31,High,Medium,P2,Open,Tier-2 SOC Analyst,Network Intrusion,Notify security team
ALT-001160,44909,2026-07-26 17:38:19,66.52,High,Medium,P2,Investigating,Tier-2 SOC Analyst,Brute Force Attack,Notify security team
ALT-005280,208422,2026-07-26 17:38:27,100.0,Critical,Critical,P1,Resolved,Incident Response Team,Malware Infection,Immediately isolate the endpoint
ALT-003360,120135,2026-07-26 17:38:47,97.72,Critical,Critical,P1,Open,Incident Response Team,Data Exfiltration,Immediately isolate the endpoint
ALT-001693,60029,2026-07-26 17:38:53,100.0,Critical,Critical,P1,Investigating,Incident Response Team,Privilege Escalation,Immediately isolate the endpoint
ALT-001611,57497,2026-07-26 17:38:57,100.0,Critical,Critical,P1,Investigating,Incident Response Team,Data Exfiltration,Immediately isolate the endpoint
ALT-002617,92156,2026-07-26 17:39:17,100.0,Critical,Critical,P1,Investigating,Incident Response Team,Data Exfiltration,Immediately isolate the endpoint
ALT-003463,123164,2026-07-26 17:39:51,100.0,Critical,Critical,P1,Open,Incident Response Team,Privilege Escalation,Immediately isolate the endpoint
ALT-003948,148422,2026-07-26 17:39:51,100.0,Critical,Critical,P1,Open,Incident Response Team,Ransomware,Immediately isolate the endpoint
ALT-001888,64096,2026-07-26 17:40:14,96.97,Critical,Critical,P1,Open,Incident Response Team,Ransomware,Immediately isolate the endpoint
ALT-004291,167686,2026-07-26 17:40:42,99.92,Critical,Critical,P1,Investigating,Incident Response Team,Ransomware,Immediately isolate the endpoint
ALT-002694,98118,2026-07-26 17:41:06,100.0,Critical,Critical,P1,Investigating,Incident Response Team,Malware Infection,Immediately isolate the endpoint
ALT-002983,108737,2026-07-26 17:41:18,99.99,Critical,Critical,P1,Open,Incident Response Team,Malware Infection,Immediately isolate the endpoint
ALT-000195,5732,2026-07-26 17:41:32,99.98,Critical,Critical,P1,Open,Incident Response Team,Ransomware,Immediately isolate the endpoint
ALT-004031,154648,2026-07-26 17:41:44,100.0,Critical,Critical,P1,Resolved,Incident Response Team,Malware Infection,Immediately isolate the endpoint
ALT-001491,53833,2026-07-26 17:42:29,51.3,High,Medium,P2,Investigating,Tier-2 SOC Analyst,Brute Force Attack,Notify security team
ALT-002779,99606,2026-07-26 17:42:41,45.85,Medium,Low,P3,Resolved,Tier-1 SOC Analyst,Reconnaissance,Investigate suspicious activity
ALT-005407,213174,2026-07-26 17:42:47,100.0,Critical,Critical,P1,Investigating,Incident Response Team,Ransomware,Immediately isolate the endpoint
ALT-001956,66023,2026-07-26 17:43:01,48.18,Medium,Low,P3,Open,Tier-1 SOC Analyst,Policy Violation,Investigate suspicious activity
ALT-001557,55927,2026-07-26 17:43:18,100.0,Critical,Critical,P1,Open,Incident Response Team,Data Exfiltration,Immediately isolate the endpoint
ALT-004814,199635,2026-07-26 17:43:26,100.0,Critical,Critical,P1,Investigating,Incident Response Team,Data Exfiltration,Immediately isolate the endpoint
ALT-000874,34284,2026-07-26 17:43:28,100.0,Critical,Critical,P1,Open,Incident Response Team,Malware Infection,Immediately isolate the endpoint
ALT-000311,10653,2026-07-26 17:43:31,100.0,Critical,Critical,P1,Open,Incident Response Team,Privilege Escalation,Immediately isolate the endpoint
ALT-004014,152956,2026-07-26 17:43:33,100.0,Critical,Critical,P1,Investigating,Incident Response Team,Privilege Escalation,Immediately isolate the endpoint
ALT-004060,156861,2026-07-26 17:44:05,100.0,Critical,Critical,P1,Open,Incident Response Team,Privilege Escalation,Immediately isolate the endpoint
ALT-005078,203438,2026-07-26 17:44:26,100.0,Critical,Critical,P1,Investigating,Incident Response Team,Ransomware,Immediately isolate the endpoint
ALT-002095,70758,2026-07-26 17:44:31,99.41,Critical,Critical,P1,Open,Incident Response Team,Ransomware,Immediately isolate the endpoint
ALT-002601,92112,2026-07-26 17:44:40,100.0,Critical,Critical,P1,Resolved,Incident Response Team,Malware Infection,Immediately isolate the endpoint
ALT-003594,131701,2026-07-26 17:44:49,100.0,Critical,Critical,P1,Open,Incident Response Team,Data Exfiltration,Immediately isolate the endpoint
ALT-002118,74305,2026-07-26 17:45:04,100.0,Critical,Critical,P1,Open,Incident Response Team,Malware Infection,Immediately isolate the endpoint
ALT-001633,57704,2026-07-26 17:45:14,99.99,Critical,Critical,P1,Investigating,Incident Response Team,Data Exfiltration,Immediately isolate the endpoint
ALT-002378,84015,2026-07-26 17:45:14,100.0,Critical,Critical,P1,Open,Incident Response Team,Data Exfiltration,Immediately isolate the endpoint
ALT-001178,45457,2026-07-26 17:45:16,100.0,Critical,Critical,P1,Investigating,Incident Response Team,Privilege Escalation,Immediately isolate the endpoint
ALT-005393,213160,2026-07-26 17:45:25,100.0,Critical,Critical,P1,Investigating,Incident Response Team,Data Exfiltration,Immediately isolate the endpoint
ALT-000763,28168,2026-07-26 17:45:28,96.35,Critical,Critical,P1,Open,Incident Response Team,Privilege Escalation,Immediately isolate the endpoint
ALT-003935,148409,2026-07-26 17:45:33,99.93,Critical,Critical,P1,Open,Incident Response Team,Ransomware,Immediately isolate the endpoint
ALT-004570,184173,2026-07-26 17:45:56,99.37,Critical,Critical,P1,Open,Incident Response Team,Malware Infection,Immediately isolate the endpoint
ALT-002814,103416,2026-07-26 17:46:04,100.0,Critical,Critical,P1,Open,Incident Response Team,Ransomware,Immediately isolate the endpoint
ALT-005921,232131,2026-07-26 17:46:10,100.0,Critical,Critical,P1,Resolved,Incident Response Team,Privilege Escalation,Immediately isolate the endpoint
ALT-005002,202880,2026-07-26 17:46:13,33.12,Medium,Low,P3,Investigating,Tier-1 SOC Analyst,Port Scan,Investigate suspicious activity
ALT-003676,136419,2026-07-26 17:46:14,100.0,Critical,Critical,P1,Investigating,Incident Response Team,Ransomware,Immediately isolate the endpoint
ALT-003440,123141,2026-07-26 17:46:38,97.61,Critical,Critical,P1,Investigating,Incident Response Team,Malware Infection,Immediately isolate the endpoint
ALT-001182,45461,2026-07-26 17:46:43,100.0,Critical,Critical,P1,Open,Incident Response Team,Privilege Escalation,Immediately isolate the endpoint
ALT-000349,13152,2026-07-26 17:47:27,100.0,Critical,Critical,P1,Resolved,Incident Response Team,Data Exfiltration,Immediately isolate the endpoint
ALT-000532,19837,2026-07-26 17:47:29,100.0,Critical,Critical,P1,Investigating,Incident Response Team,Malware Infection,Immediately isolate the endpoint
ALT-004676,186624,2026-07-26 17:47:52,47.87,Medium,Low,P3,Investigating,Tier-1 SOC Analyst,Abnormal Traffic,Investigate suspicious activity
ALT-002319,82762,2026-07-26 17:47:56,100.0,Critical,Critical,P1,Investigating,Incident Response Team,Data Exfiltration,Immediately isolate the endpoint
ALT-000539,20155,2026-07-26 17:48:03,99.84,Critical,Critical,P1,Open,Incident Response Team,Privilege Escalation,Immediately isolate the endpoint
ALT-001145,44894,2026-07-26 17:48:06,75.1,High,Medium,P2,Investigating,Tier-2 SOC Analyst,Brute Force Attack,Notify security team
ALT-001383,51920,2026-07-26 17:48:36,100.0,Critical,Critical,P1,Open,Incident Response Team,Malware Infection,Immediately isolate the endpoint
ALT-005276,208418,2026-07-26 17:49:31,100.0,Critical,Critical,P1,Open,Incident Response Team,Privilege Escalation,Immediately isolate the endpoint
ALT-004592,185245,2026-07-26 17:50:01,100.0,Critical,Critical,P1,Open,Incident Response Team,Privilege Escalation,Immediately isolate the endpoint
ALT-003651,136394,2026-07-26 17:50:07,100.0,Critical,Critical,P1,Resolved,Incident Response Team,Privilege Escalation,Immediately isolate the endpoint
ALT-006082,234884,2026-07-26 17:50:12,99.93,Critical,Critical,P1,Investigating,Incident Response Team,Privilege Escalation,Immediately isolate the endpoint
ALT-000560,20176,2026-07-26 17:50:31,100.0,Critical,Critical,P1,Investigating,Incident Response Team,Ransomware,Immediately isolate the endpoint
ALT-002486,85385,2026-07-26 17:50:53,41.03,Medium,Low,P3,Investigating,Tier-1 SOC Analyst,Policy Violation,Investigate suspicious activity
ALT-004623,185969,2026-07-26 17:51:03,22.24,Medium,Low,P3,Open,Tier-1 SOC Analyst,Port Scan,Investigate suspicious activity
ALT-001606,57492,2026-07-26 17:51:40,100.0,Critical,Critical,P1,Resolved,Incident Response Team,Privilege Escalation,Immediately isolate the endpoint
ALT-002327,82770,2026-07-26 17:51:44,100.0,Critical,Critical,P1,Open,Incident Response Team,Ransomware,Immediately isolate the endpoint
ALT-001059,43578,2026-07-26 17:51:44,100.0,Critical,Critical,P1,Open,Incident Response Team,Malware Infection,Immediately isolate the endpoint
ALT-002810,103412,2026-07-26 17:51:59,100.0,Critical,Critical,P1,Open,Incident Response Team,Privilege Escalation,Immediately isolate the endpoint
ALT-003517,126674,2026-07-26 17:52:06,99.17,Critical,Critical,P1,Investigating,Incident Response Team,Privilege Escalation,Immediately isolate the endpoint
ALT-000385,13388,2026-07-26 17:52:16,100.0,Critical,Critical,P1,Investigating,Incident Response Team,Malware Infection,Immediately isolate the endpoint
ALT-002688,98112,2026-07-26 17:52:16,100.0,Critical,Critical,P1,Open,Incident Response Team,Privilege Escalation,Immediately isolate the endpoint
ALT-001254,46352,2026-07-26 17:52:20,31.19,Medium,Low,P3,Open,Tier-1 SOC Analyst,Abnormal Traffic,Investigate suspicious activity
ALT-006131,238085,2026-07-26 17:52:20,99.99,Critical,Critical,P1,Investigating,Incident Response Team,Ransomware,Immediately isolate the endpoint
ALT-004049,155188,2026-07-26 17:52:31,99.73,Critical,Critical,P1,Open,Incident Response Team,Ransomware,Immediately isolate the endpoint
ALT-006110,235254,2026-07-26 17:52:34,100.0,Critical,Critical,P1,Investigating,Incident Response Team,Data Exfiltration,Immediately isolate the endpoint
ALT-005146,205584,2026-07-26 17:53:16,99.12,Critical,Critical,P1,Resolved,Incident Response Team,Ransomware,Immediately isolate the endpoint
ALT-002065,70481,2026-07-26 17:53:26,99.91,Critical,Critical,P1,Open,Incident Response Team,Malware Infection,Immediately isolate the endpoint
ALT-005985,233150,2026-07-26 17:53:47,100.0,Critical,Critical,P1,Open,Incident Response Team,Data Exfiltration,Immediately isolate the endpoint
ALT-004838,200767,2026-07-26 17:54:01,99.57,Critical,Critical,P1,Investigating,Incident Response Team,Malware Infection,Immediately isolate the endpoint
ALT-003366,120141,2026-07-26 17:54:05,97.76,Critical,Critical,P1,Investigating,Incident Response Team,Ransomware,Immediately isolate the endpoint
ALT-000627,24930,2026-07-26 17:54:13,100.0,Critical,Critical,P1,Open,Incident Response Team,Ransomware,Immediately isolate the endpoint
ALT-000337,13140,2026-07-26 17:54:25,100.0,Critical,Critical,P1,Resolved,Incident Response Team,Ransomware,Immediately isolate the endpoint
ALT-001317,49253,2026-07-26 17:54:28,99.99,Critical,Critical,P1,Open,Incident Response Team,Malware Infection,Immediately isolate the endpoint
ALT-000805,30524,2026-07-26 17:54:34,100.0,Critical,Critical,P1,Open,Incident Response Team,Privilege Escalation,Immediately isolate the endpoint
ALT-001184,45463,2026-07-26 17:54:42,100.0,Critical,Critical,P1,Investigating,Incident Response Team,Data Exfiltration,Immediately isolate the endpoint
ALT-001729,60615,2026-07-26 17:55:03,100.0,Critical,Critical,P1,Investigating,Incident Response Team,Malware Infection,Immediately isolate the endpoint
ALT-004536,182800,2026-07-26 17:55:28,53.95,High,Medium,P2,Open,Tier-2 SOC Analyst,Network Intrusion,Notify security team
ALT-002073,70489,2026-07-26 17:55:30,99.93,Critical,Critical,P1,Investigating,Incident Response Team,Privilege Escalation,Immediately isolate the endpoint
ALT-001595,56201,2026-07-26 17:55:34,100.0,Critical,Critical,P1,Open,Incident Response Team,Data Exfiltration,Immediately isolate the endpoint
ALT-002409,84066,2026-07-26 17:55:51,100.0,Critical,Critical,P1,Open,Incident Response Team,Malware Infection,Immediately isolate the endpoint
ALT-004524,182728,2026-07-26 17:55:51,35.2,Medium,Low,P3,Open,Tier-1 SOC Analyst,Port Scan,Investigate suspicious activity
ALT-000416,14700,2026-07-26 17:56:14,100.0,Critical,Critical,P1,Investigating,Incident Response Team,Data Exfiltration,Immediately isolate the endpoint
ALT-006032,233900,2026-07-26 17:56:18,100.0,Critical,Critical,P1,Open,Incident Response Team,Ransomware,Immediately isolate the endpoint
ALT-000077,2628,2026-07-26 17:56:38,99.08,Critical,Critical,P1,Open,Incident Response Team,Privilege Escalation,Immediately isolate the endpoint
ALT-000715,27226,2026-07-26 17:57:00,100.0,Critical,Critical,P1,Open,Incident Response Team,Data Exfiltration,Immediately isolate the endpoint
ALT-003116,112195,2026-07-26 17:57:05,32.81,Medium,Low,P3,Investigating,Tier-1 SOC Analyst,Reconnaissance,Investigate suspicious activity
ALT-000454,15568,2026-07-26 17:58:05,100.0,Critical,Critical,P1,Investigating,Incident Response Team,Malware Infection,Immediately isolate the endpoint
ALT-005984,233149,2026-07-26 17:58:27,100.0,Critical,Critical,P1,Investigating,Incident Response Team,Ransomware,Immediately isolate the endpoint
ALT-001248,46346,2026-07-26 17:58:38,42.51,Medium,Low,P3,Open,Tier-1 SOC Analyst,Reconnaissance,Investigate suspicious activity
ALT-002649,95367,2026-07-26 17:59:10,60.79,High,Medium,P2,Investigating,Tier-2 SOC Analyst,Suspicious Login,Notify security team
ALT-005903,231391,2026-07-26 17:59:15,99.94,Critical,Critical,P1,Open,Incident Response Team,Data Exfiltration,Immediately isolate the endpoint
ALT-002643,92182,2026-07-26 17:59:36,100.0,Critical,Critical,P1,Investigating,Incident Response Team,Ransomware,Immediately isolate the endpoint
ALT-003061,110868,2026-07-26 18:00:02,100.0,Critical,Critical,P1,Resolved,Incident Response Team,Ransomware,Immediately isolate the endpoint
ALT-001001,40015,2026-07-26 18:00:15,100.0,Critical,Critical,P1,Open,Incident Response Team,Privilege Escalation,Immediately isolate the endpoint
ALT-000127,4188,2026-07-26 18:00:21,100.0,Critical,Critical,P1,Investigating,Incident Response Team,Data Exfiltration,Immediately isolate the endpoint
ALT-002645,95135,2026-07-26 18:00:25,23.64,Medium,Low,P3,Open,Tier-1 SOC Analyst,Port Scan,Investigate suspicious activity
ALT-004402,176653,2026-07-26 18:00:30,100.0,Critical,Critical,P1,Open,Incident Response Team,Malware Infection,Immediately isolate the endpoint
ALT-003271,117559,2026-07-26 18:00:53,100.0,Critical,Critical,P1,Open,Incident Response Team,Ransomware,Immediately isolate the endpoint
ALT-004769,196693,2026-07-26 18:00:57,27.33,Medium,Low,P3,Open,Tier-1 SOC Analyst,Reconnaissance,Investigate suspicious activity
ALT-005563,218189,2026-07-26 18:01:00,99.95,Critical,Critical,P1,Open,Incident Response Team,Malware Infection,Immediately isolate the endpoint
ALT-004392,176643,2026-07-26 18:01:33,100.0,Critical,Critical,P1,Investigating,Incident Response Team,Data Exfiltration,Immediately isolate the endpoint
ALT-005927,232137,2026-07-26 18:01:52,100.0,Critical,Critical,P1,Open,Incident Response Team,Privilege Escalation,Immediately isolate the endpoint
ALT-004726,191721,2026-07-26 18:03:25,100.0,Critical,Critical,P1,Investigating,Incident Response Team,Data Exfiltration,Immediately isolate the endpoint
ALT-002785,100085,2026-07-26 18:03:31,29.45,Medium,Low,P3,Open,Tier-1 SOC Analyst,Abnormal Traffic,Investigate suspicious activity
ALT-001238,46208,2026-07-26 18:03:31,23.08,Medium,Low,P3,Open,Tier-1 SOC Analyst,Policy Violation,Investigate suspicious activity
ALT-003479,126456,2026-07-26 18:03:31,98.4,Critical,Critical,P1,Investigating,Incident Response Team,Ransomware,Immediately isolate the endpoint
ALT-001569,55939,2026-07-26 18:03:56,100.0,Critical,Critical,P1,Open,Incident Response Team,Data Exfiltration,Immediately isolate the endpoint
ALT-005910,231398,2026-07-26 18:04:43,99.96,Critical,Critical,P1,Open,Incident Response Team,Data Exfiltration,Immediately isolate the endpoint
ALT-005774,229982,2026-07-26 18:05:12,100.0,Critical,Critical,P1,Investigating,Incident Response Team,Data Exfiltration,Immediately isolate the endpoint
ALT-002628,92167,2026-07-26 18:05:14,100.0,Critical,Critical,P1,Open,Incident Response Team,Malware Infection,Immediately isolate the endpoint
ALT-003157,112769,2026-07-26 18:05:38,20.16,Medium,Low,P3,Open,Tier-1 SOC Analyst,Policy Violation,Investigate suspicious activity
ALT-002926,107956,2026-07-26 18:05:48,100.0,Critical,Critical,P1,Open,Incident Response Team,Malware Infection,Immediately isolate the endpoint
ALT-002202,76218,2026-07-26 18:06:06,100.0,Critical,Critical,P1,Resolved,Incident Response Team,Data Exfiltration,Immediately isolate the endpoint
ALT-006061,234108,2026-07-26 18:06:30,100.0,Critical,Critical,P1,Investigating,Incident Response Team,Malware Infection,Immediately isolate the endpoint
ALT-004053,155192,2026-07-26 18:06:37,99.74,Critical,Critical,P1,Investigating,Incident Response Team,Privilege Escalation,Immediately isolate the endpoint
ALT-005027,203198,2026-07-26 18:06:52,21.39,Medium,Low,P3,Investigating,Tier-1 SOC Analyst,Port Scan,Investigate suspicious activity
ALT-005801,230535,2026-07-26 18:07:02,100.0,Critical,Critical,P1,Open,Incident Response Team,Privilege Escalation,Immediately isolate the endpoint
ALT-003773,139028,2026-07-26 18:07:18,29.83,Medium,Low,P3,Open,Tier-1 SOC Analyst,Policy Violation,Investigate suspicious activity
ALT-000140,4201,2026-07-26 18:07:23,100.0,Critical,Critical,P1,Investigating,Incident Response Team,Privilege Escalation,Immediately isolate the endpoint
ALT-003577,130590,2026-07-26 18:07:24,100.0,Critical,Critical,P1,Open,Incident Response Team,Malware Infection,Immediately isolate the endpoint
ALT-000304,10646,2026-07-26 18:07:25,100.0,Critical,Critical,P1,Open,Incident Response Team,Data Exfiltration,Immediately isolate the endpoint
ALT-004129,158867,2026-07-26 18:07:30,100.0,Critical,Critical,P1,Open,Incident Response Team,Privilege Escalation,Immediately isolate the endpoint
ALT-001053,41919,2026-07-26 18:07:40,100.0,Critical,Critical,P1,Open,Incident Response Team,Malware Infection,Immediately isolate the endpoint
ALT-004803,199624,2026-07-26 18:08:06,100.0,Critical,Critical,P1,Resolved,Incident Response Team,Ransomware,Immediately isolate the endpoint
ALT-001635,58817,2026-07-26 18:08:31,100.0,Critical,Critical,P1,Open,Incident Response Team,Privilege Escalation,Immediately isolate the endpoint
ALT-000440,15554,2026-07-26 18:08:51,100.0,Critical,Critical,P1,Open,Incident Response Team,Ransomware,Immediately isolate the endpoint
ALT-000073,2624,2026-07-26 18:09:09,99.04,Critical,Critical,P1,Open,Incident Response Team,Privilege Escalation,Immediately isolate the endpoint
ALT-003301,118042,2026-07-26 18:09:12,100.0,Critical,Critical,P1,Resolved,Incident Response Team,Data Exfiltration,Immediately isolate the endpoint
ALT-003573,130586,2026-07-26 18:09:15,100.0,Critical,Critical,P1,Open,Incident Response Team,Data Exfiltration,Immediately isolate the endpoint
ALT-003142,112221,2026-07-26 18:09:27,25.99,Medium,Low,P3,Open,Tier-1 SOC Analyst,Port Scan,Investigate suspicious activity
ALT-005560,217567,2026-07-26 18:09:54,98.9,Critical,Critical,P1,Investigating,Incident Response Team,Ransomware,Immediately isolate the endpoint
ALT-001071,43590,2026-07-26 18:10:04,99.59,Critical,Critical,P1,Investigating,Incident Response Team,Ransomware,Immediately isolate the endpoint
ALT-003560,130462,2026-07-26 18:10:21,100.0,Critical,Critical,P1,Open,Incident Response Team,Data Exfiltration,Immediately isolate the endpoint
ALT-004001,152943,2026-07-26 18:10:37,100.0,Critical,Critical,P1,Open,Incident Response Team,Privilege Escalation,Immediately isolate the endpoint
ALT-001488,53830,2026-07-26 18:10:38,51.69,High,Medium,P2,Open,Tier-2 SOC Analyst,Network Intrusion,Notify security team
ALT-005619,223412,2026-07-26 18:10:41,100.0,Critical,Critical,P1,Open,Incident Response Team,Data Exfiltration,Immediately isolate the endpoint
ALT-002651,95369,2026-07-26 18:11:20,50.39,High,Medium,P2,Open,Tier-2 SOC Analyst,Unauthorized Access,Notify security team
ALT-001518,54547,2026-07-26 18:11:22,100.0,Critical,Critical,P1,Open,Incident Response Team,Data Exfiltration,Immediately isolate the endpoint
ALT-003768,137996,2026-07-26 18:11:30,99.66,Critical,Critical,P1,Open,Incident Response Team,Malware Infection,Immediately isolate the endpoint
ALT-000323,11453,2026-07-26 18:11:41,99.96,Critical,Critical,P1,Open,Incident Response Team,Privilege Escalation,Immediately isolate the endpoint
ALT-000276,10064,2026-07-26 18:12:01,100.0,Critical,Critical,P1,Investigating,Incident Response Team,Malware Infection,Immediately isolate the endpoint
ALT-002667,96174,2026-07-26 18:12:22,100.0,Critical,Critical,P1,Resolved,Incident Response Team,Malware Infection,Immediately isolate the endpoint
ALT-004613,185266,2026-07-26 18:12:46,100.0,Critical,Critical,P1,Investigating,Incident Response Team,Malware Infection,Immediately isolate the endpoint
ALT-001094,44813,2026-07-26 18:12:59,100.0,Critical,Critical,P1,Open,Incident Response Team,Malware Infection,Immediately isolate the endpoint
ALT-000147,4884,2026-07-26 18:13:05,66.01,High,Medium,P2,Open,Tier-2 SOC Analyst,Network Intrusion,Notify security team
ALT-001284,47208,2026-07-26 18:13:13,59.28,High,Medium,P2,Resolved,Tier-2 SOC Analyst,Network Intrusion,Notify security team
ALT-003857,142661,2026-07-26 18:13:18,100.0,Critical,Critical,P1,Open,Incident Response Team,Privilege Escalation,Immediately isolate the endpoint
ALT-005631,223714,2026-07-26 18:13:20,99.62,Critical,Critical,P1,Open,Incident Response Team,Data Exfiltration,Immediately isolate the endpoint
ALT-003926,147834,2026-07-26 18:13:43,100.0,Critical,Critical,P1,Open,Incident Response Team,Ransomware,Immediately isolate the endpoint
ALT-005471,214400,2026-07-26 18:13:51,100.0,Critical,Critical,P1,Investigating,Incident Response Team,Privilege Escalation,Immediately isolate the endpoint
ALT-002274,81704,2026-07-26 18:14:09,99.15,Critical,Critical,P1,Investigating,Incident Response Team,Data Exfiltration,Immediately isolate the endpoint
ALT-003075,111852,2026-07-26 18:14:44,31.31,Medium,Low,P3,Open,Tier-1 SOC Analyst,Reconnaissance,Investigate suspicious activity
ALT-001169,44918,2026-07-26 18:14:44,66.03,High,Medium,P2,Open,Tier-2 SOC Analyst,Network Intrusion,Notify security team
ALT-001800,61229,2026-07-26 18:15:08,99.52,Critical,Critical,P1,Resolved,Incident Response Team,Privilege Escalation,Immediately isolate the endpoint
ALT-005911,231399,2026-07-26 18:15:29,99.96,Critical,Critical,P1,Open,Incident Response Team,Privilege Escalation,Immediately isolate the endpoint
ALT-001298,47222,2026-07-26 18:15:33,56.75,High,Medium,P2,Investigating,Tier-2 SOC Analyst,Network Intrusion,Notify security team
ALT-000688,27015,2026-07-26 18:15:53,100.0,Critical,Critical,P1,Investigating,Incident Response Team,Ransomware,Immediately isolate the endpoint
ALT-003520,126677,2026-07-26 18:15:58,98.96,Critical,Critical,P1,Investigating,Incident Response Team,Data Exfiltration,Immediately isolate the endpoint
ALT-001792,61221,2026-07-26 18:16:08,99.51,Critical,Critical,P1,Open,Incident Response Team,Ransomware,Immediately isolate the endpoint
ALT-001185,45464,2026-07-26 18:16:25,100.0,Critical,Critical,P1,Open,Incident Response Team,Privilege Escalation,Immediately isolate the endpoint
ALT-005542,216615,2026-07-26 18:16:30,41.62,Medium,Low,P3,Open,Tier-1 SOC Analyst,Reconnaissance,Investigate suspicious activity
ALT-003499,126656,2026-07-26 18:16:43,100.0,Critical,Critical,P1,Investigating,Incident Response Team,Ransomware,Immediately isolate the endpoint
ALT-001930,65919,2026-07-26 18:17:05,100.0,Critical,Critical,P1,Resolved,Incident Response Team,Ransomware,Immediately isolate the endpoint
ALT-005342,210991,2026-07-26 18:17:40,52.49,High,Medium,P2,Open,Tier-2 SOC Analyst,Brute Force Attack,Notify security team
ALT-004717,191128,2026-07-26 18:17:51,20.88,Medium,Low,P3,Open,Tier-1 SOC Analyst,Policy Violation,Investigate suspicious activity
ALT-005729,229287,2026-07-26 18:18:25,29.97,Medium,Low,P3,Resolved,Tier-1 SOC Analyst,Abnormal Traffic,Investigate suspicious activity
ALT-000993,40007,2026-07-26 18:18:37,100.0,Critical,Critical,P1,Investigating,Incident Response Team,Privilege Escalation,Immediately isolate the endpoint
ALT-005523,216595,2026-07-26 18:18:46,53.53,High,Medium,P2,Investigating,Tier-2 SOC Analyst,Brute Force Attack,Notify security team
ALT-000376,13379,2026-07-26 18:18:51,100.0,Critical,Critical,P1,Open,Incident Response Team,Privilege Escalation,Immediately isolate the endpoint
ALT-001494,53836,2026-07-26 18:18:56,49.52,Medium,Low,P3,Open,Tier-1 SOC Analyst,Port Scan,Investigate suspicious activity
ALT-006024,233892,2026-07-26 18:19:00,100.0,Critical,Critical,P1,Investigating,Incident Response Team,Data Exfiltration,Immediately isolate the endpoint
ALT-005576,218202,2026-07-26 18:19:15,99.96,Critical,Critical,P1,Investigating,Incident Response Team,Data Exfiltration,Immediately isolate the endpoint
ALT-003437,123138,2026-07-26 18:19:22,97.72,Critical,Critical,P1,Open,Incident Response Team,Malware Infection,Immediately isolate the endpoint
ALT-000301,10643,2026-07-26 18:20:04,100.0,Critical,Critical,P1,Open,Incident Response Team,Ransomware,Immediately isolate the endpoint
ALT-004610,185263,2026-07-26 18:20:06,100.0,Critical,Critical,P1,Open,Incident Response Team,Ransomware,Immediately isolate the endpoint
ALT-005322,210712,2026-07-26 18:20:08,53.1,High,Medium,P2,Open,Tier-2 SOC Analyst,Brute Force Attack,Notify security team
ALT-002008,67696,2026-07-26 18:20:14,25.62,Medium,Low,P3,Open,Tier-1 SOC Analyst,Abnormal Traffic,Investigate suspicious activity
ALT-001830,62281,2026-07-26 18:20:14,98.92,Critical,Critical,P1,Resolved,Incident Response Team,Malware Infection,Immediately isolate the endpoint
ALT-006020,233888,2026-07-26 18:20:23,100.0,Critical,Critical,P1,Open,Incident Response Team,Data Exfiltration,Immediately isolate the endpoint
ALT-005690,225205,2026-07-26 18:20:32,100.0,Critical,Critical,P1,Investigating,Incident Response Team,Malware Infection,Immediately isolate the endpoint
ALT-004340,172522,2026-07-26 18:21:25,100.0,Critical,Critical,P1,Open,Incident Response Team,Privilege Escalation,Immediately isolate the endpoint
ALT-003944,148418,2026-07-26 18:22:20,99.93,Critical,Critical,P1,Investigating,Incident Response Team,Data Exfiltration,Immediately isolate the endpoint
ALT-003977,149731,2026-07-26 18:22:21,22.57,Medium,Low,P3,Resolved,Tier-1 SOC Analyst,Port Scan,Investigate suspicious activity
ALT-002870,104013,2026-07-26 18:22:30,100.0,Critical,Critical,P1,Open,Incident Response Team,Privilege Escalation,Immediately isolate the endpoint
ALT-002669,96176,2026-07-26 18:22:55,100.0,Critical,Critical,P1,Open,Incident Response Team,Privilege Escalation,Immediately isolate the endpoint
ALT-003581,130594,2026-07-26 18:24:13,100.0,Critical,Critical,P1,Open,Incident Response Team,Data Exfiltration,Immediately isolate the endpoint
ALT-004680,189090,2026-07-26 18:24:17,100.0,Critical,Critical,P1,Open,Incident Response Team,Malware Infection,Immediately isolate the endpoint
ALT-002697,98121,2026-07-26 18:24:26,100.0,Critical,Critical,P1,Investigating,Incident Response Team,Ransomware,Immediately isolate the endpoint
ALT-005752,229611,2026-07-26 18:24:26,100.0,Critical,Critical,P1,Resolved,Incident Response Team,Data Exfiltration,Immediately isolate the endpoint
ALT-005419,213232,2026-07-26 18:24:34,100.0,Critical,Critical,P1,Open,Incident Response Team,Data Exfiltration,Immediately isolate the endpoint
ALT-003852,142189,2026-07-26 18:24:35,100.0,Critical,Critical,P1,Open,Incident Response Team,Data Exfiltration,Immediately isolate the endpoint
ALT-004556,182820,2026-07-26 18:24:40,59.52,High,Medium,P2,Open,Tier-2 SOC Analyst,Unauthorized Access,Notify security team
ALT-003881,142685,2026-07-26 18:25:06,100.0,Critical,Critical,P1,Investigating,Incident Response Team,Privilege Escalation,Immediately isolate the endpoint
ALT-004151,159370,2026-07-26 18:25:06,100.0,Critical,Critical,P1,Open,Incident Response Team,Ransomware,Immediately isolate the endpoint
ALT-002560,90725,2026-07-26 18:25:33,100.0,Critical,Critical,P1,Open,Incident Response Team,Privilege Escalation,Immediately isolate the endpoint
ALT-000795,30514,2026-07-26 18:25:37,100.0,Critical,Critical,P1,Investigating,Incident Response Team,Ransomware,Immediately isolate the endpoint
ALT-004254,167129,2026-07-26 18:25:53,100.0,Critical,Critical,P1,Investigating,Incident Response Team,Data Exfiltration,Immediately isolate the endpoint
ALT-002683,97965,2026-07-26 18:26:16,100.0,Critical,Critical,P1,Open,Incident Response Team,Malware Infection,Immediately isolate the endpoint
ALT-003684,136427,2026-07-26 18:26:53,100.0,Critical,Critical,P1,Investigating,Incident Response Team,Data Exfiltration,Immediately isolate the endpoint
ALT-003574,130587,2026-07-26 18:27:35,100.0,Critical,Critical,P1,Open,Incident Response Team,Data Exfiltration,Immediately isolate the endpoint
ALT-002756,99583,2026-07-26 18:27:44,51.27,High,Medium,P2,Open,Tier-2 SOC Analyst,Unauthorized Access,Notify security team
ALT-000841,31067,2026-07-26 18:27:54,51.2,High,Medium,P2,Investigating,Tier-2 SOC Analyst,Network Intrusion,Notify security team
ALT-002374,84011,2026-07-26 18:28:02,100.0,Critical,Critical,P1,Investigating,Incident Response Team,Ransomware,Immediately isolate the endpoint
ALT-001496,53838,2026-07-26 18:28:08,54.7,High,Medium,P2,Open,Tier-2 SOC Analyst,Network Intrusion,Notify security team
ALT-001851,63371,2026-07-26 18:28:39,100.0,Critical,Critical,P1,Open,Incident Response Team,Privilege Escalation,Immediately isolate the endpoint
ALT-005629,223712,2026-07-26 18:28:51,99.56,Critical,Critical,P1,Open,Incident Response Team,Ransomware,Immediately isolate the endpoint
ALT-002624,92163,2026-07-26 18:28:58,100.0,Critical,Critical,P1,Open,Incident Response Team,Data Exfiltration,Immediately isolate the endpoint
ALT-002780,99607,2026-07-26 18:28:58,49.21,Medium,Low,P3,Open,Tier-1 SOC Analyst,Abnormal Traffic,Investigate suspicious activity
ALT-001842,62293,2026-07-26 18:29:18,99.26,Critical,Critical,P1,Open,Incident Response Team,Malware Infection,Immediately isolate the endpoint
ALT-003841,142178,2026-07-26 18:29:21,100.0,Critical,Critical,P1,Open,Incident Response Team,Ransomware,Immediately isolate the endpoint
ALT-002815,103417,2026-07-26 18:29:28,100.0,Critical,Critical,P1,Investigating,Incident Response Team,Data Exfiltration,Immediately isolate the endpoint
ALT-004797,199618,2026-07-26 18:29:35,100.0,Critical,Critical,P1,Investigating,Incident Response Team,Ransomware,Immediately isolate the endpoint
ALT-000066,2408,2026-07-26 18:29:38,99.68,Critical,Critical,P1,Investigating,Incident Response Team,Data Exfiltration,Immediately isolate the endpoint
ALT-003882,142686,2026-07-26 18:29:55,100.0,Critical,Critical,P1,Open,Incident Response Team,Ransomware,Immediately isolate the endpoint
ALT-003658,136401,2026-07-26 18:30:00,100.0,Critical,Critical,P1,Resolved,Incident Response Team,Privilege Escalation,Immediately isolate the endpoint
ALT-000836,31062,2026-07-26 18:30:04,100.0,Critical,Critical,P1,Investigating,Incident Response Team,Ransomware,Immediately isolate the endpoint
ALT-005733,229291,2026-07-26 18:30:12,26.77,Medium,Low,P3,Investigating,Tier-1 SOC Analyst,Port Scan,Investigate suspicious activity
ALT-004306,169611,2026-07-26 18:31:09,100.0,Critical,Critical,P1,Investigating,Incident Response Team,Privilege Escalation,Immediately isolate the endpoint
ALT-001486,53828,2026-07-26 18:31:10,51.12,High,Medium,P2,Resolved,Tier-2 SOC Analyst,Network Intrusion,Notify security team
ALT-002358,83769,2026-07-26 18:31:11,46.2,Medium,Low,P3,Open,Tier-1 SOC Analyst,Reconnaissance,Investigate suspicious activity
ALT-002894,105102,2026-07-26 18:31:36,100.0,Critical,Critical,P1,Open,Incident Response Team,Ransomware,Immediately isolate the endpoint
ALT-001076,43595,2026-07-26 18:31:51,99.6,Critical,Critical,P1,Investigating,Incident Response Team,Ransomware,Immediately isolate the endpoint
ALT-002835,103805,2026-07-26 18:32:04,99.54,Critical,Critical,P1,Investigating,Incident Response Team,Ransomware,Immediately isolate the endpoint
ALT-005656,225048,2026-07-26 18:32:22,100.0,Critical,Critical,P1,Investigating,Incident Response Team,Privilege Escalation,Immediately isolate the endpoint
ALT-000128,4189,2026-07-26 18:32:33,100.0,Critical,Critical,P1,Open,Incident Response Team,Privilege Escalation,Immediately isolate the endpoint
ALT-002212,76228,2026-07-26 18:32:38,100.0,Critical,Critical,P1,Open,Incident Response Team,Malware Infection,Immediately isolate the endpoint
ALT-005064,203236,2026-07-26 18:32:54,100.0,Critical,Critical,P1,Open,Incident Response Team,Privilege Escalation,Immediately isolate the endpoint
ALT-002231,77688,2026-07-26 18:32:56,100.0,Critical,Critical,P1,Resolved,Incident Response Team,Privilege Escalation,Immediately isolate the endpoint
ALT-000217,7754,2026-07-26 18:32:57,100.0,Critical,Critical,P1,Open,Incident Response Team,Data Exfiltration,Immediately isolate the endpoint
ALT-002250,78462,2026-07-26 18:33:08,51.61,High,Medium,P2,Open,Tier-2 SOC Analyst,Suspicious Login,Notify security team
ALT-002905,105799,2026-07-26 18:33:37,99.99,Critical,Critical,P1,Open,Incident Response Team,Malware Infection,Immediately isolate the endpoint
ALT-004958,202490,2026-07-26 18:33:44,100.0,Critical,Critical,P1,Open,Incident Response Team,Malware Infection,Immediately isolate the endpoint
ALT-005097,204220,2026-07-26 18:33:49,100.0,Critical,Critical,P1,Investigating,Incident Response Team,Privilege Escalation,Immediately isolate the endpoint
ALT-002266,81696,2026-07-26 18:34:09,99.08,Critical,Critical,P1,Investigating,Incident Response Team,Privilege Escalation,Immediately isolate the endpoint
ALT-002148,74500,2026-07-26 18:34:14,75.24,High,Medium,P2,Investigating,Tier-2 SOC Analyst,Brute Force Attack,Notify security team
ALT-001168,44917,2026-07-26 18:34:31,66.26,High,Medium,P2,Open,Tier-2 SOC Analyst,Suspicious Login,Notify security team
ALT-005660,225052,2026-07-26 18:34:38,100.0,Critical,Critical,P1,Investigating,Incident Response Team,Malware Infection,Immediately isolate the endpoint
ALT-001385,51922,2026-07-26 18:34:39,100.0,Critical,Critical,P1,Open,Incident Response Team,Data Exfiltration,Immediately isolate the endpoint
ALT-001116,44835,2026-07-26 18:34:49,100.0,Critical,Critical,P1,Investigating,Incident Response Team,Data Exfiltration,Immediately isolate the endpoint
ALT-000366,13369,2026-07-26 18:35:17,100.0,Critical,Critical,P1,Open,Incident Response Team,Malware Infection,Immediately isolate the endpoint
ALT-004225,166185,2026-07-26 18:35:43,99.36,Critical,Critical,P1,Open,Incident Response Team,Data Exfiltration,Immediately isolate the endpoint
ALT-004584,185237,2026-07-26 18:36:06,100.0,Critical,Critical,P1,Investigating,Incident Response Team,Privilege Escalation,Immediately isolate the endpoint
ALT-004787,199608,2026-07-26 18:36:44,100.0,Critical,Critical,P1,Resolved,Incident Response Team,Malware Infection,Immediately isolate the endpoint
ALT-005223,207277,2026-07-26 18:37:09,100.0,Critical,Critical,P1,Open,Incident Response Team,Data Exfiltration,Immediately isolate the endpoint
ALT-005691,225206,2026-07-26 18:37:20,100.0,Critical,Critical,P1,Investigating,Incident Response Team,Malware Infection,Immediately isolate the endpoint
ALT-005385,213152,2026-07-26 18:37:49,100.0,Critical,Critical,P1,Open,Incident Response Team,Ransomware,Immediately isolate the endpoint
ALT-004546,182810,2026-07-26 18:37:50,56.48,High,Medium,P2,Open,Tier-2 SOC Analyst,Suspicious Login,Notify security team
ALT-003688,136945,2026-07-26 18:37:58,100.0,Critical,Critical,P1,Open,Incident Response Team,Malware Infection,Immediately isolate the endpoint
ALT-001225,45987,2026-07-26 18:37:59,100.0,Critical,Critical,P1,Open,Incident Response Team,Data Exfiltration,Immediately isolate the endpoint
ALT-002887,105095,2026-07-26 18:38:23,100.0,Critical,Critical,P1,Open,Incident Response Team,Ransomware,Immediately isolate the endpoint
ALT-005023,203193,2026-07-26 18:38:39,25.29,Medium,Low,P3,Open,Tier-1 SOC Analyst,Policy Violation,Investigate suspicious activity
ALT-002328,82771,2026-07-26 18:38:41,100.0,Critical,Critical,P1,Open,Incident Response Team,Privilege Escalation,Immediately isolate the endpoint
ALT-003348,120123,2026-07-26 18:38:53,97.77,Critical,Critical,P1,Resolved,Incident Response Team,Data Exfiltration,Immediately isolate the endpoint
ALT-004183,160511,2026-07-26 18:39:08,100.0,Critical,Critical,P1,Open,Incident Response Team,Privilege Escalation,Immediately isolate the endpoint
ALT-005088,203448,2026-07-26 18:39:10,100.0,Critical,Critical,P1,Investigating,Incident Response Team,Data Exfiltration,Immediately isolate the endpoint
ALT-003304,118045,2026-07-26 18:39:56,100.0,Critical,Critical,P1,Open,Incident Response Team,Malware Infection,Immediately isolate the endpoint
ALT-001414,52838,2026-07-26 18:40:06,54.22,High,Medium,P2,Investigating,Tier-2 SOC Analyst,Brute Force Attack,Notify security team
ALT-004334,172397,2026-07-26 18:40:07,100.0,Critical,Critical,P1,Open,Incident Response Team,Privilege Escalation,Immediately isolate the endpoint
ALT-003049,110856,2026-07-26 18:40:20,100.0,Critical,Critical,P1,Open,Incident Response Team,Privilege Escalation,Immediately isolate the endpoint
ALT-002783,100083,2026-07-26 18:40:39,31.19,Medium,Low,P3,Open,Tier-1 SOC Analyst,Policy Violation,Investigate suspicious activity
ALT-005575,218201,2026-07-26 18:40:46,99.99,Critical,Critical,P1,Open,Incident Response Team,Privilege Escalation,Immediately isolate the endpoint
ALT-004845,200774,2026-07-26 18:40:53,100.0,Critical,Critical,P1,Open,Incident Response Team,Privilege Escalation,Immediately isolate the endpoint
ALT-004603,185256,2026-07-26 18:41:24,100.0,Critical,Critical,P1,Investigating,Incident Response Team,Privilege Escalation,Immediately isolate the endpoint
ALT-001520,54549,2026-07-26 18:41:27,100.0,Critical,Critical,P1,Investigating,Incident Response Team,Privilege Escalation,Immediately isolate the endpoint
ALT-004374,174450,2026-07-26 18:41:30,20.62,Medium,Low,P3,Investigating,Tier-1 SOC Analyst,Policy Violation,Investigate suspicious activity
ALT-001374,51488,2026-07-26 18:41:47,100.0,Critical,Critical,P1,Investigating,Incident Response Team,Malware Infection,Immediately isolate the endpoint
ALT-001714,60050,2026-07-26 18:41:47,100.0,Critical,Critical,P1,Open,Incident Response Team,Malware Infection,Immediately isolate the endpoint
ALT-005141,205579,2026-07-26 18:41:50,98.97,Critical,Critical,P1,Open,Incident Response Team,Malware Infection,Immediately isolate the endpoint
ALT-005197,206024,2026-07-26 18:42:04,100.0,Critical,Critical,P1,Open,Incident Response Team,Privilege Escalation,Immediately isolate the endpoint
ALT-000537,19842,2026-07-26 18:42:38,100.0,Critical,Critical,P1,Open,Incident Response Team,Data Exfiltration,Immediately isolate the endpoint
ALT-000553,20169,2026-07-26 18:42:48,100.0,Critical,Critical,P1,Open,Incident Response Team,Data Exfiltration,Immediately isolate the endpoint
ALT-003334,120109,2026-07-26 18:43:14,96.96,Critical,Critical,P1,Open,Incident Response Team,Data Exfiltration,Immediately isolate the endpoint
ALT-004059,156860,2026-07-26 18:43:15,100.0,Critical,Critical,P1,Open,Incident Response Team,Data Exfiltration,Immediately isolate the endpoint
ALT-003422,121717,2026-07-26 18:43:32,69.4,High,Medium,P2,Open,Tier-2 SOC Analyst,Brute Force Attack,Notify security team
ALT-003433,123134,2026-07-26 18:43:46,97.77,Critical,Critical,P1,Investigating,Incident Response Team,Data Exfiltration,Immediately isolate the endpoint
ALT-004172,160500,2026-07-26 18:43:53,100.0,Critical,Critical,P1,Investigating,Incident Response Team,Malware Infection,Immediately isolate the endpoint
ALT-000122,4183,2026-07-26 18:44:09,100.0,Critical,Critical,P1,Open,Incident Response Team,Privilege Escalation,Immediately isolate the endpoint
ALT-001173,44922,2026-07-26 18:44:19,61.86,High,Medium,P2,Resolved,Tier-2 SOC Analyst,Suspicious Login,Notify security team
ALT-003438,123139,2026-07-26 18:44:20,97.74,Critical,Critical,P1,Resolved,Incident Response Team,Malware Infection,Immediately isolate the endpoint
ALT-004550,182814,2026-07-26 18:45:04,52.92,High,Medium,P2,Open,Tier-2 SOC Analyst,Unauthorized Access,Notify security team
ALT-002262,78474,2026-07-26 18:45:11,38.28,Medium,Low,P3,Open,Tier-1 SOC Analyst,Reconnaissance,Investigate suspicious activity
ALT-005819,230622,2026-07-26 18:45:12,89.46,Critical,Critical,P1,Open,Incident Response Team,Privilege Escalation,Immediately isolate the endpoint
ALT-001108,44827,2026-07-26 18:45:23,100.0,Critical,Critical,P1,Resolved,Incident Response Team,Data Exfiltration,Immediately isolate the endpoint
ALT-005240,207294,2026-07-26 18:46:23,100.0,Critical,Critical,P1,Investigating,Incident Response Team,Privilege Escalation,Immediately isolate the endpoint
ALT-002166,75886,2026-07-26 18:46:31,33.3,Medium,Low,P3,Open,Tier-1 SOC Analyst,Port Scan,Investigate suspicious activity
ALT-003995,152937,2026-07-26 18:46:33,100.0,Critical,Critical,P1,Open,Incident Response Team,Privilege Escalation,Immediately isolate the endpoint
ALT-004766,196690,2026-07-26 18:46:36,29.7,Medium,Low,P3,Open,Tier-1 SOC Analyst,Abnormal Traffic,Investigate suspicious activity
ALT-003140,112219,2026-07-26 18:46:43,25.94,Medium,Low,P3,Open,Tier-1 SOC Analyst,Policy Violation,Investigate suspicious activity
ALT-005823,230626,2026-07-26 18:47:01,91.18,Critical,Critical,P1,Open,Incident Response Team,Ransomware,Immediately isolate the endpoint
ALT-002243,77700,2026-07-26 18:47:12,100.0,Critical,Critical,P1,Investigating,Incident Response Team,Data Exfiltration,Immediately isolate the endpoint
ALT-005014,202899,2026-07-26 18:47:27,34.16,Medium,Low,P3,Investigating,Tier-1 SOC Analyst,Reconnaissance,Investigate suspicious activity
ALT-006072,234746,2026-07-26 18:47:32,35.33,Medium,Low,P3,Investigating,Tier-1 SOC Analyst,Abnormal Traffic,Investigate suspicious activity
ALT-005630,223713,2026-07-26 18:48:03,99.5,Critical,Critical,P1,Investigating,Incident Response Team,Data Exfiltration,Immediately isolate the endpoint
ALT-002372,83783,2026-07-26 18:48:06,43.51,Medium,Low,P3,Investigating,Tier-1 SOC Analyst,Policy Violation,Investigate suspicious activity
ALT-000802,30521,2026-07-26 18:48:19,100.0,Critical,Critical,P1,Open,Incident Response Team,Privilege Escalation,Immediately isolate the endpoint
ALT-000847,32739,2026-07-26 18:48:20,100.0,Critical,Critical,P1,Investigating,Incident Response Team,Data Exfiltration,Immediately isolate the endpoint
ALT-001382,51919,2026-07-26 18:48:26,96.75,Critical,Critical,P1,Open,Incident Response Team,Privilege Escalation,Immediately isolate the endpoint
ALT-001002,40120,2026-07-26 18:48:56,100.0,Critical,Critical,P1,Investigating,Incident Response Team,Ransomware,Immediately isolate the endpoint
ALT-000070,2621,2026-07-26 18:49:23,99.09,Critical,Critical,P1,Open,Incident Response Team,Data Exfiltration,Immediately isolate the endpoint
ALT-001246,46344,2026-07-26 18:49:36,38.0,Medium,Low,P3,Investigating,Tier-1 SOC Analyst,Policy Violation,Investigate suspicious activity
ALT-005632,223715,2026-07-26 18:49:44,99.58,Critical,Critical,P1,Open,Incident Response Team,Data Exfiltration,Immediately isolate the endpoint
ALT-000558,20174,2026-07-26 18:49:46,100.0,Critical,Critical,P1,Open,Incident Response Team,Malware Infection,Immediately isolate the endpoint
ALT-001954,65966,2026-07-26 18:49:51,100.0,Critical,Critical,P1,Open,Incident Response Team,Data Exfiltration,Immediately isolate the endpoint
ALT-004782,196707,2026-07-26 18:49:58,34.67,Medium,Low,P3,Open,Tier-1 SOC Analyst,Policy Violation,Investigate suspicious activity
ALT-003145,112224,2026-07-26 18:49:58,21.75,Medium,Low,P3,Investigating,Tier-1 SOC Analyst,Reconnaissance,Investigate suspicious activity
ALT-005163,205601,2026-07-26 18:50:21,99.24,Critical,Critical,P1,Investigating,Incident Response Team,Data Exfiltration,Immediately isolate the endpoint
ALT-004600,185253,2026-07-26 18:50:41,100.0,Critical,Critical,P1,Open,Incident Response Team,Privilege Escalation,Immediately isolate the endpoint
ALT-002468,85093,2026-07-26 18:50:47,100.0,Critical,Critical,P1,Open,Incident Response Team,Malware Infection,Immediately isolate the endpoint
ALT-001276,47200,2026-07-26 18:51:23,58.06,High,Medium,P2,Open,Tier-2 SOC Analyst,Suspicious Login,Notify security team
ALT-001833,62284,2026-07-26 18:51:27,99.25,Critical,Critical,P1,Open,Incident Response Team,Data Exfiltration,Immediately isolate the endpoint
ALT-004235,166307,2026-07-26 18:51:32,100.0,Critical,Critical,P1,Open,Incident Response Team,Data Exfiltration,Immediately isolate the endpoint
ALT-001556,55926,2026-07-26 18:51:37,100.0,Critical,Critical,P1,Investigating,Incident Response Team,Privilege Escalation,Immediately isolate the endpoint
ALT-003515,126672,2026-07-26 18:51:58,98.96,Critical,Critical,P1,Open,Incident Response Team,Malware Infection,Immediately isolate the endpoint
ALT-003721,137614,2026-07-26 18:52:02,100.0,Critical,Critical,P1,Open,Incident Response Team,Ransomware,Immediately isolate the endpoint
ALT-003851,142188,2026-07-26 18:52:02,100.0,Critical,Critical,P1,Open,Incident Response Team,Ransomware,Immediately isolate the endpoint
ALT-003726,137619,2026-07-26 18:52:38,71.95,High,Medium,P2,Open,Tier-2 SOC Analyst,Network Intrusion,Notify security team
ALT-001347,50382,2026-07-26 18:52:43,99.92,Critical,Critical,P1,Open,Incident Response Team,Ransomware,Immediately isolate the endpoint
ALT-003613,131720,2026-07-26 18:52:57,100.0,Critical,Critical,P1,Investigating,Incident Response Team,Ransomware,Immediately isolate the endpoint
ALT-000797,30516,2026-07-26 18:53:14,100.0,Critical,Critical,P1,Open,Incident Response Team,Ransomware,Immediately isolate the endpoint
ALT-004698,189108,2026-07-26 18:53:31,100.0,Critical,Critical,P1,Open,Incident Response Team,Ransomware,Immediately isolate the endpoint
ALT-005230,207284,2026-07-26 18:54:23,100.0,Critical,Critical,P1,Open,Incident Response Team,Malware Infection,Immediately isolate the endpoint
ALT-004916,201951,2026-07-26 18:54:41,100.0,Critical,Critical,P1,Open,Incident Response Team,Ransomware,Immediately isolate the endpoint
ALT-001893,64101,2026-07-26 18:54:43,93.2,Critical,Critical,P1,Open,Incident Response Team,Malware Infection,Immediately isolate the endpoint
ALT-001549,54848,2026-07-26 18:54:52,100.0,Critical,Critical,P1,Resolved,Incident Response Team,Malware Infection,Immediately isolate the endpoint
ALT-004389,176640,2026-07-26 18:54:56,100.0,Critical,Critical,P1,Investigating,Incident Response Team,Data Exfiltration,Immediately isolate the endpoint
ALT-001778,61157,2026-07-26 18:55:03,100.0,Critical,Critical,P1,Open,Incident Response Team,Data Exfiltration,Immediately isolate the endpoint
ALT-001393,52547,2026-07-26 18:55:06,60.0,High,Medium,P2,Open,Tier-2 SOC Analyst,Brute Force Attack,Notify security team
ALT-004108,158846,2026-07-26 18:58:07,99.3,Critical,Critical,P1,Open,Incident Response Team,Malware Infection,Immediately isolate the endpoint
ALT-001126,44845,2026-07-26 18:58:16,38.44,Medium,Low,P3,Open,Tier-1 SOC Analyst,Port Scan,Investigate suspicious activity
ALT-003701,136958,2026-07-26 18:58:25,100.0,Critical,Critical,P1,Investigating,Incident Response Team,Malware Infection,Immediately isolate the endpoint
ALT-001709,60045,2026-07-26 18:58:27,100.0,Critical,Critical,P1,Investigating,Incident Response Team,Malware Infection,Immediately isolate the endpoint
ALT-002806,103408,2026-07-26 18:58:27,100.0,Critical,Critical,P1,Open,Incident Response Team,Privilege Escalation,Immediately isolate the endpoint
ALT-004387,176638,2026-07-26 18:58:27,100.0,Critical,Critical,P1,Open,Incident Response Team,Privilege Escalation,Immediately isolate the endpoint
ALT-003183,114386,2026-07-26 18:59:37,100.0,Critical,Critical,P1,Open,Incident Response Team,Malware Infection,Immediately isolate the endpoint
ALT-006058,234105,2026-07-26 18:59:40,100.0,Critical,Critical,P1,Investigating,Incident Response Team,Data Exfiltration,Immediately isolate the endpoint
ALT-001866,63863,2026-07-26 18:59:56,27.6,Medium,Low,P3,Investigating,Tier-1 SOC Analyst,Abnormal Traffic,Investigate suspicious activity
ALT-005992,233157,2026-07-26 19:00:45,100.0,Critical,Critical,P1,Open,Incident Response Team,Malware Infection,Immediately isolate the endpoint
ALT-004523,182727,2026-07-26 19:00:47,37.04,Medium,Low,P3,Open,Tier-1 SOC Analyst,Port Scan,Investigate suspicious activity
ALT-000395,13767,2026-07-26 19:01:18,30.2,Medium,Low,P3,Investigating,Tier-1 SOC Analyst,Reconnaissance,Investigate suspicious activity
ALT-002046,69545,2026-07-26 19:01:34,99.57,Critical,Critical,P1,Open,Incident Response Team,Data Exfiltration,Immediately isolate the endpoint
ALT-001807,61236,2026-07-26 19:01:47,99.5,Critical,Critical,P1,Open,Incident Response Team,Data Exfiltration,Immediately isolate the endpoint
ALT-000392,13763,2026-07-26 19:01:47,24.98,Medium,Low,P3,Open,Tier-1 SOC Analyst,Policy Violation,Investigate suspicious activity
ALT-003198,114401,2026-07-26 19:01:50,100.0,Critical,Critical,P1,Investigating,Incident Response Team,Ransomware,Immediately isolate the endpoint
ALT-004104,158657,2026-07-26 19:01:57,67.7,High,Medium,P2,Open,Tier-2 SOC Analyst,Suspicious Login,Notify security team
ALT-000239,9496,2026-07-26 19:02:19,99.67,Critical,Critical,P1,Open,Incident Response Team,Data Exfiltration,Immediately isolate the endpoint
ALT-005702,225424,2026-07-26 19:02:22,100.0,Critical,Critical,P1,Investigating,Incident Response Team,Privilege Escalation,Immediately isolate the endpoint
ALT-004084,158637,2026-07-26 19:02:27,68.36,High,Medium,P2,Open,Tier-2 SOC Analyst,Unauthorized Access,Notify security team
ALT-004723,191718,2026-07-26 19:02:32,100.0,Critical,Critical,P1,Open,Incident Response Team,Data Exfiltration,Immediately isolate the endpoint
ALT-005275,208417,2026-07-26 19:03:01,100.0,Critical,Critical,P1,Open,Incident Response Team,Ransomware,Immediately isolate the endpoint
ALT-005273,208415,2026-07-26 19:03:05,100.0,Critical,Critical,P1,Open,Incident Response Team,Data Exfiltration,Immediately isolate the endpoint
ALT-001102,44821,2026-07-26 19:03:09,100.0,Critical,Critical,P1,Investigating,Incident Response Team,Privilege Escalation,Immediately isolate the endpoint
ALT-004406,176657,2026-07-26 19:03:20,100.0,Critical,Critical,P1,Open,Incident Response Team,Ransomware,Immediately isolate the endpoint
ALT-003310,119203,2026-07-26 19:03:54,99.67,Critical,Critical,P1,Open,Incident Response Team,Ransomware,Immediately isolate the endpoint
ALT-006114,235258,2026-07-26 19:04:03,100.0,Critical,Critical,P1,Open,Incident Response Team,Data Exfiltration,Immediately isolate the endpoint
ALT-002341,82784,2026-07-26 19:04:37,100.0,Critical,Critical,P1,Investigating,Incident Response Team,Privilege Escalation,Immediately isolate the endpoint
ALT-003461,123162,2026-07-26 19:04:43,98.27,Critical,Critical,P1,Investigating,Incident Response Team,Privilege Escalation,Immediately isolate the endpoint
ALT-004855,200995,2026-07-26 19:04:52,54.42,High,Medium,P2,Open,Tier-2 SOC Analyst,Suspicious Login,Notify security team
ALT-004984,202784,2026-07-26 19:04:52,65.43,High,Medium,P2,Open,Tier-2 SOC Analyst,Suspicious Login,Notify security team
ALT-005640,225032,2026-07-26 19:06:10,100.0,Critical,Critical,P1,Investigating,Incident Response Team,Data Exfiltration,Immediately isolate the endpoint
ALT-004323,172386,2026-07-26 19:06:13,100.0,Critical,Critical,P1,Open,Incident Response Team,Ransomware,Immediately isolate the endpoint
ALT-001901,64109,2026-07-26 19:06:49,64.85,High,Medium,P2,Investigating,Tier-2 SOC Analyst,Unauthorized Access,Notify security team
ALT-004095,158648,2026-07-26 19:07:43,69.56,High,Medium,P2,Investigating,Tier-2 SOC Analyst,Suspicious Login,Notify security team
ALT-005182,205796,2026-07-26 19:08:15,100.0,Critical,Critical,P1,Investigating,Incident Response Team,Data Exfiltration,Immediately isolate the endpoint
ALT-002081,70497,2026-07-26 19:08:26,100.0,Critical,Critical,P1,Open,Incident Response Team,Privilege Escalation,Immediately isolate the endpoint
ALT-001575,56181,2026-07-26 19:08:35,100.0,Critical,Critical,P1,Open,Incident Response Team,Ransomware,Immediately isolate the endpoint
ALT-001559,55929,2026-07-26 19:08:38,100.0,Critical,Critical,P1,Investigating,Incident Response Team,Privilege Escalation,Immediately isolate the endpoint
ALT-001850,63370,2026-07-26 19:08:47,100.0,Critical,Critical,P1,Open,Incident Response Team,Malware Infection,Immediately isolate the endpoint
ALT-002347,83758,2026-07-26 19:08:50,51.83,High,Medium,P2,Open,Tier-2 SOC Analyst,Unauthorized Access,Notify security team
ALT-002565,90730,2026-07-26 19:08:55,100.0,Critical,Critical,P1,Investigating,Incident Response Team,Ransomware,Immediately isolate the endpoint
ALT-004476,180550,2026-07-26 19:09:02,100.0,Critical,Critical,P1,Investigating,Incident Response Team,Malware Infection,Immediately isolate the endpoint
ALT-001251,46349,2026-07-26 19:09:15,33.46,Medium,Low,P3,Open,Tier-1 SOC Analyst,Port Scan,Investigate suspicious activity
ALT-000769,29898,2026-07-26 19:09:32,100.0,Critical,Critical,P1,Open,Incident Response Team,Data Exfiltration,Immediately isolate the endpoint
ALT-002448,85073,2026-07-26 19:09:39,100.0,Critical,Critical,P1,Open,Incident Response Team,Data Exfiltration,Immediately isolate the endpoint
ALT-004578,184181,2026-07-26 19:10:06,99.4,Critical,Critical,P1,Investigating,Incident Response Team,Malware Infection,Immediately isolate the endpoint
ALT-002700,98124,2026-07-26 19:10:17,100.0,Critical,Critical,P1,Resolved,Incident Response Team,Privilege Escalation,Immediately isolate the endpoint
ALT-006030,233898,2026-07-26 19:10:19,100.0,Critical,Critical,P1,Open,Incident Response Team,Data Exfiltration,Immediately isolate the endpoint
ALT-001086,44805,2026-07-26 19:11:11,100.0,Critical,Critical,P1,Open,Incident Response Team,Ransomware,Immediately isolate the endpoint
ALT-004999,202876,2026-07-26 19:11:24,32.31,Medium,Low,P3,Investigating,Tier-1 SOC Analyst,Reconnaissance,Investigate suspicious activity
ALT-004423,177289,2026-07-26 19:11:31,100.0,Critical,Critical,P1,Open,Incident Response Team,Malware Infection,Immediately isolate the endpoint
ALT-001122,44841,2026-07-26 19:11:51,38.45,Medium,Low,P3,Open,Tier-1 SOC Analyst,Abnormal Traffic,Investigate suspicious activity
ALT-004191,160519,2026-07-26 19:12:01,100.0,Critical,Critical,P1,Resolved,Incident Response Team,Ransomware,Immediately isolate the endpoint
ALT-002297,81727,2026-07-26 19:12:18,100.0,Critical,Critical,P1,Open,Incident Response Team,Malware Infection,Immediately isolate the endpoint
ALT-005708,225430,2026-07-26 19:12:40,100.0,Critical,Critical,P1,Investigating,Incident Response Team,Privilege Escalation,Immediately isolate the endpoint
ALT-000621,24924,2026-07-26 19:12:43,100.0,Critical,Critical,P1,Open,Incident Response Team,Ransomware,Immediately isolate the endpoint
ALT-001506,54535,2026-07-26 19:12:50,100.0,Critical,Critical,P1,Open,Incident Response Team,Privilege Escalation,Immediately isolate the endpoint
ALT-002787,100089,2026-07-26 19:13:20,23.42,Medium,Low,P3,Investigating,Tier-1 SOC Analyst,Reconnaissance,Investigate suspicious activity
ALT-004807,199628,2026-07-26 19:13:39,100.0,Critical,Critical,P1,Open,Incident Response Team,Malware Infection,Immediately isolate the endpoint
ALT-002808,103410,2026-07-26 19:13:50,100.0,Critical,Critical,P1,Resolved,Incident Response Team,Malware Infection,Immediately isolate the endpoint
ALT-005859,231199,2026-07-26 19:13:54,100.0,Critical,Critical,P1,Open,Incident Response Team,Data Exfiltration,Immediately isolate the endpoint
ALT-005914,232124,2026-07-26 19:13:59,100.0,Critical,Critical,P1,Open,Incident Response Team,Malware Infection,Immediately isolate the endpoint
ALT-005581,218207,2026-07-26 19:14:13,99.96,Critical,Critical,P1,Open,Incident Response Team,Ransomware,Immediately isolate the endpoint
ALT-002376,84013,2026-07-26 19:14:53,100.0,Critical,Critical,P1,Open,Incident Response Team,Privilege Escalation,Immediately isolate the endpoint
ALT-005818,230621,2026-07-26 19:15:15,96.28,Critical,Critical,P1,Open,Incident Response Team,Malware Infection,Immediately isolate the endpoint
ALT-005825,230628,2026-07-26 19:15:23,81.35,Critical,Critical,P1,Open,Incident Response Team,Data Exfiltration,Immediately isolate the endpoint
ALT-004289,167684,2026-07-26 19:15:40,99.92,Critical,Critical,P1,Open,Incident Response Team,Ransomware,Immediately isolate the endpoint
ALT-001487,53829,2026-07-26 19:15:44,52.27,High,Medium,P2,Open,Tier-2 SOC Analyst,Brute Force Attack,Notify security team
ALT-003337,120112,2026-07-26 19:16:01,96.97,Critical,Critical,P1,Investigating,Incident Response Team,Malware Infection,Immediately isolate the endpoint
ALT-000985,39999,2026-07-26 19:16:56,100.0,Critical,Critical,P1,Investigating,Incident Response Team,Malware Infection,Immediately isolate the endpoint
ALT-003318,119211,2026-07-26 19:17:04,99.94,Critical,Critical,P1,Investigating,Incident Response Team,Privilege Escalation,Immediately isolate the endpoint
ALT-000831,31057,2026-07-26 19:17:14,100.0,Critical,Critical,P1,Open,Incident Response Team,Privilege Escalation,Immediately isolate the endpoint
ALT-002229,77686,2026-07-26 19:17:15,100.0,Critical,Critical,P1,Open,Incident Response Team,Malware Infection,Immediately isolate the endpoint
ALT-001216,45978,2026-07-26 19:17:24,100.0,Critical,Critical,P1,Investigating,Incident Response Team,Ransomware,Immediately isolate the endpoint
ALT-004294,167689,2026-07-26 19:17:27,99.95,Critical,Critical,P1,Open,Incident Response Team,Malware Infection,Immediately isolate the endpoint
ALT-001399,52553,2026-07-26 19:17:41,53.94,High,Medium,P2,Open,Tier-2 SOC Analyst,Suspicious Login,Notify security team
ALT-002857,104000,2026-07-26 19:17:46,100.0,Critical,Critical,P1,Investigating,Incident Response Team,Ransomware,Immediately isolate the endpoint
ALT-002768,99595,2026-07-26 19:18:02,48.27,Medium,Low,P3,Investigating,Tier-1 SOC Analyst,Abnormal Traffic,Investigate suspicious activity
ALT-002235,77692,2026-07-26 19:18:14,100.0,Critical,Critical,P1,Open,Incident Response Team,Ransomware,Immediately isolate the endpoint
ALT-000552,20168,2026-07-26 19:18:33,100.0,Critical,Critical,P1,Open,Incident Response Team,Data Exfiltration,Immediately isolate the endpoint
ALT-004552,182816,2026-07-26 19:18:39,53.23,High,Medium,P2,Investigating,Tier-2 SOC Analyst,Network Intrusion,Notify security team
ALT-000213,7750,2026-07-26 19:18:48,100.0,Critical,Critical,P1,Open,Incident Response Team,Ransomware,Immediately isolate the endpoint
ALT-000669,26292,2026-07-26 19:19:43,100.0,Critical,Critical,P1,Investigating,Incident Response Team,Malware Infection,Immediately isolate the endpoint
ALT-001959,66026,2026-07-26 19:19:51,55.18,High,Medium,P2,Investigating,Tier-2 SOC Analyst,Suspicious Login,Notify security team
ALT-001260,47001,2026-07-26 19:20:00,100.0,Critical,Critical,P1,Investigating,Incident Response Team,Data Exfiltration,Immediately isolate the endpoint
ALT-003164,112782,2026-07-26 19:20:52,22.49,Medium,Low,P3,Open,Tier-1 SOC Analyst,Policy Violation,Investigate suspicious activity
ALT-004326,172389,2026-07-26 19:21:27,100.0,Critical,Critical,P1,Open,Incident Response Team,Privilege Escalation,Immediately isolate the endpoint
ALT-000211,7748,2026-07-26 19:21:34,100.0,Critical,Critical,P1,Investigating,Incident Response Team,Privilege Escalation,Immediately isolate the endpoint
ALT-002452,85077,2026-07-26 19:21:37,100.0,Critical,Critical,P1,Investigating,Incident Response Team,Ransomware,Immediately isolate the endpoint
ALT-004928,201963,2026-07-26 19:21:38,100.0,Critical,Critical,P1,Investigating,Incident Response Team,Malware Infection,Immediately isolate the endpoint
ALT-004094,158647,2026-07-26 19:22:24,69.59,High,Medium,P2,Open,Tier-2 SOC Analyst,Suspicious Login,Notify security team
ALT-005327,210717,2026-07-26 19:22:34,52.99,High,Medium,P2,Open,Tier-2 SOC Analyst,Unauthorized Access,Notify security team
ALT-003716,137609,2026-07-26 19:22:42,100.0,Critical,Critical,P1,Investigating,Incident Response Team,Malware Infection,Immediately isolate the endpoint
ALT-001644,58826,2026-07-26 19:22:53,100.0,Critical,Critical,P1,Investigating,Incident Response Team,Privilege Escalation,Immediately isolate the endpoint
ALT-001089,44808,2026-07-26 19:23:09,100.0,Critical,Critical,P1,Resolved,Incident Response Team,Privilege Escalation,Immediately isolate the endpoint
ALT-000679,27006,2026-07-26 19:23:13,100.0,Critical,Critical,P1,Investigating,Incident Response Team,Malware Infection,Immediately isolate the endpoint
ALT-000426,15540,2026-07-26 19:23:50,100.0,Critical,Critical,P1,Open,Incident Response Team,Data Exfiltration,Immediately isolate the endpoint
ALT-000411,14695,2026-07-26 19:24:15,100.0,Critical,Critical,P1,Investigating,Incident Response Team,Malware Infection,Immediately isolate the endpoint
ALT-005046,203218,2026-07-26 19:24:40,100.0,Critical,Critical,P1,Investigating,Incident Response Team,Malware Infection,Immediately isolate the endpoint
ALT-003732,137625,2026-07-26 19:24:58,100.0,Critical,Critical,P1,Open,Incident Response Team,Data Exfiltration,Immediately isolate the endpoint
ALT-001009,40465,2026-07-26 19:25:14,100.0,Critical,Critical,P1,Investigating,Incident Response Team,Privilege Escalation,Immediately isolate the endpoint
ALT-003104,112183,2026-07-26 19:25:17,33.15,Medium,Low,P3,Open,Tier-1 SOC Analyst,Abnormal Traffic,Investigate suspicious activity
ALT-003426,121721,2026-07-26 19:25:21,68.48,High,Medium,P2,Open,Tier-2 SOC Analyst,Unauthorized Access,Notify security team
ALT-003343,120118,2026-07-26 19:25:39,97.78,Critical,Critical,P1,Investigating,Incident Response Team,Ransomware,Immediately isolate the endpoint
ALT-004372,174257,2026-07-26 19:25:40,100.0,Critical,Critical,P1,Open,Incident Response Team,Privilege Escalation,Immediately isolate the endpoint
ALT-005676,225191,2026-07-26 19:25:43,99.73,Critical,Critical,P1,Open,Incident Response Team,Ransomware,Immediately isolate the endpoint
ALT-005663,225178,2026-07-26 19:25:43,100.0,Critical,Critical,P1,Open,Incident Response Team,Malware Infection,Immediately isolate the endpoint
ALT-003353,120128,2026-07-26 19:26:25,97.98,Critical,Critical,P1,Open,Incident Response Team,Ransomware,Immediately isolate the endpoint
ALT-005677,225192,2026-07-26 19:27:08,100.0,Critical,Critical,P1,Open,Incident Response Team,Ransomware,Immediately isolate the endpoint
ALT-003349,120124,2026-07-26 19:27:44,97.71,Critical,Critical,P1,Open,Incident Response Team,Data Exfiltration,Immediately isolate the endpoint
ALT-000226,7763,2026-07-26 19:27:46,100.0,Critical,Critical,P1,Resolved,Incident Response Team,Ransomware,Immediately isolate the endpoint
ALT-003073,111850,2026-07-26 19:27:48,36.04,Medium,Low,P3,Open,Tier-1 SOC Analyst,Reconnaissance,Investigate suspicious activity
ALT-002671,96178,2026-07-26 19:27:50,100.0,Critical,Critical,P1,Open,Incident Response Team,Ransomware,Immediately isolate the endpoint
ALT-003611,131718,2026-07-26 19:27:53,100.0,Critical,Critical,P1,Open,Incident Response Team,Data Exfiltration,Immediately isolate the endpoint
ALT-001120,44839,2026-07-26 19:27:57,41.23,Medium,Low,P3,Investigating,Tier-1 SOC Analyst,Abnormal Traffic,Investigate suspicious activity
ALT-002495,85831,2026-07-26 19:28:01,100.0,Critical,Critical,P1,Open,Incident Response Team,Ransomware,Immediately isolate the endpoint
ALT-003744,137637,2026-07-26 19:28:24,100.0,Critical,Critical,P1,Investigating,Incident Response Team,Data Exfiltration,Immediately isolate the endpoint
ALT-000574,21684,2026-07-26 19:28:34,100.0,Critical,Critical,P1,Investigating,Incident Response Team,Data Exfiltration,Immediately isolate the endpoint
ALT-001388,51925,2026-07-26 19:28:37,96.14,Critical,Critical,P1,Investigating,Incident Response Team,Ransomware,Immediately isolate the endpoint
ALT-004091,158644,2026-07-26 19:28:44,69.48,High,Medium,P2,Open,Tier-2 SOC Analyst,Network Intrusion,Notify security team
ALT-005745,229303,2026-07-26 19:28:55,30.46,Medium,Low,P3,Investigating,Tier-1 SOC Analyst,Port Scan,Investigate suspicious activity
ALT-000575,21685,2026-07-26 19:29:12,100.0,Critical,Critical,P1,Open,Incident Response Team,Ransomware,Immediately isolate the endpoint
ALT-001751,60637,2026-07-26 19:29:39,100.0,Critical,Critical,P1,Resolved,Incident Response Team,Malware Infection,Immediately isolate the endpoint
ALT-001768,61147,2026-07-26 19:29:52,100.0,Critical,Critical,P1,Investigating,Incident Response Team,Ransomware,Immediately isolate the endpoint
ALT-005262,208188,2026-07-26 19:29:58,100.0,Critical,Critical,P1,Open,Incident Response Team,Data Exfiltration,Immediately isolate the endpoint
ALT-000609,24912,2026-07-26 19:30:03,100.0,Critical,Critical,P1,Open,Incident Response Team,Privilege Escalation,Immediately isolate the endpoint
ALT-002989,108743,2026-07-26 19:30:06,100.0,Critical,Critical,P1,Open,Incident Response Team,Malware Infection,Immediately isolate the endpoint
ALT-001715,60051,2026-07-26 19:30:21,100.0,Critical,Critical,P1,Investigating,Incident Response Team,Ransomware,Immediately isolate the endpoint
ALT-005090,203450,2026-07-26 19:30:23,100.0,Critical,Critical,P1,Open,Incident Response Team,Ransomware,Immediately isolate the endpoint
ALT-004596,185249,2026-07-26 19:30:25,100.0,Critical,Critical,P1,Open,Incident Response Team,Ransomware,Immediately isolate the endpoint
ALT-003014,108768,2026-07-26 19:30:32,100.0,Critical,Critical,P1,Open,Incident Response Team,Data Exfiltration,Immediately isolate the endpoint
ALT-001204,45483,2026-07-26 19:30:35,100.0,Critical,Critical,P1,Investigating,Incident Response Team,Data Exfiltration,Immediately isolate the endpoint
ALT-005898,231386,2026-07-26 19:30:54,99.95,Critical,Critical,P1,Investigating,Incident Response Team,Ransomware,Immediately isolate the endpoint
ALT-003975,149306,2026-07-26 19:31:03,100.0,Critical,Critical,P1,Investigating,Incident Response Team,Data Exfiltration,Immediately isolate the endpoint
ALT-001042,41908,2026-07-26 19:31:10,100.0,Critical,Critical,P1,Investigating,Incident Response Team,Ransomware,Immediately isolate the endpoint
ALT-001953,65965,2026-07-26 19:31:12,100.0,Critical,Critical,P1,Open,Incident Response Team,Ransomware,Immediately isolate the endpoint
ALT-000109,4170,2026-07-26 19:31:29,100.0,Critical,Critical,P1,Open,Incident Response Team,Ransomware,Immediately isolate the endpoint
ALT-000579,21689,2026-07-26 19:32:11,100.0,Critical,Critical,P1,Investigating,Incident Response Team,Privilege Escalation,Immediately isolate the endpoint
ALT-000320,11450,2026-07-26 19:32:34,99.96,Critical,Critical,P1,Open,Incident Response Team,Data Exfiltration,Immediately isolate the endpoint
ALT-003749,137977,2026-07-26 19:32:50,99.44,Critical,Critical,P1,Open,Incident Response Team,Data Exfiltration,Immediately isolate the endpoint
ALT-003866,142670,2026-07-26 19:32:56,100.0,Critical,Critical,P1,Open,Incident Response Team,Ransomware,Immediately isolate the endpoint
ALT-001191,45470,2026-07-26 19:33:14,100.0,Critical,Critical,P1,Open,Incident Response Team,Ransomware,Immediately isolate the endpoint
ALT-003861,142665,2026-07-26 19:33:29,100.0,Critical,Critical,P1,Open,Incident Response Team,Privilege Escalation,Immediately isolate the endpoint
ALT-001186,45465,2026-07-26 19:33:29,100.0,Critical,Critical,P1,Investigating,Incident Response Team,Malware Infection,Immediately isolate the endpoint
ALT-005331,210721,2026-07-26 19:33:34,54.79,High,Medium,P2,Open,Tier-2 SOC Analyst,Brute Force Attack,Notify security team
ALT-004514,182718,2026-07-26 19:33:45,41.63,Medium,Low,P3,Open,Tier-1 SOC Analyst,Policy Violation,Investigate suspicious activity
ALT-004929,201964,2026-07-26 19:33:52,100.0,Critical,Critical,P1,Open,Incident Response Team,Data Exfiltration,Immediately isolate the endpoint
ALT-004033,154650,2026-07-26 19:33:53,100.0,Critical,Critical,P1,Investigating,Incident Response Team,Privilege Escalation,Immediately isolate the endpoint
ALT-002788,100090,2026-07-26 19:34:36,27.88,Medium,Low,P3,Open,Tier-1 SOC Analyst,Reconnaissance,Investigate suspicious activity
ALT-004063,156864,2026-07-26 19:34:36,100.0,Critical,Critical,P1,Investigating,Incident Response Team,Privilege Escalation,Immediately isolate the endpoint
ALT-003444,123145,2026-07-26 19:34:50,97.9,Critical,Critical,P1,Investigating,Incident Response Team,Malware Infection,Immediately isolate the endpoint
ALT-001646,58828,2026-07-26 19:34:52,100.0,Critical,Critical,P1,Open,Incident Response Team,Ransomware,Immediately isolate the endpoint
ALT-003777,139032,2026-07-26 19:34:55,23.48,Medium,Low,P3,Resolved,Tier-1 SOC Analyst,Policy Violation,Investigate suspicious activity
ALT-005580,218206,2026-07-26 19:35:06,99.97,Critical,Critical,P1,Resolved,Incident Response Team,Data Exfiltration,Immediately isolate the endpoint
ALT-001457,53785,2026-07-26 19:35:08,58.9,High,Medium,P2,Investigating,Tier-2 SOC Analyst,Network Intrusion,Notify security team
ALT-006027,233895,2026-07-26 19:35:09,100.0,Critical,Critical,P1,Investigating,Incident Response Team,Ransomware,Immediately isolate the endpoint
ALT-005475,214404,2026-07-26 19:35:26,100.0,Critical,Critical,P1,Open,Incident Response Team,Data Exfiltration,Immediately isolate the endpoint
ALT-003680,136423,2026-07-26 19:35:29,100.0,Critical,Critical,P1,Open,Incident Response Team,Data Exfiltration,Immediately isolate the endpoint
ALT-002040,69539,2026-07-26 19:35:37,99.56,Critical,Critical,P1,Open,Incident Response Team,Malware Infection,Immediately isolate the endpoint
ALT-001017,40473,2026-07-26 19:36:02,100.0,Critical,Critical,P1,Open,Incident Response Team,Data Exfiltration,Immediately isolate the endpoint
ALT-003188,114391,2026-07-26 19:36:29,100.0,Critical,Critical,P1,Resolved,Incident Response Team,Data Exfiltration,Immediately isolate the endpoint
ALT-003036,109489,2026-07-26 19:36:40,100.0,Critical,Critical,P1,Open,Incident Response Team,Ransomware,Immediately isolate the endpoint
ALT-006059,234106,2026-07-26 19:37:09,100.0,Critical,Critical,P1,Investigating,Incident Response Team,Ransomware,Immediately isolate the endpoint
ALT-001471,53799,2026-07-26 19:38:00,60.6,High,Medium,P2,Investigating,Tier-2 SOC Analyst,Brute Force Attack,Notify security team
ALT-002979,108733,2026-07-26 19:38:18,99.99,Critical,Critical,P1,Investigating,Incident Response Team,Data Exfiltration,Immediately isolate the endpoint
ALT-001395,52549,2026-07-26 19:38:47,43.49,Medium,Low,P3,Resolved,Tier-1 SOC Analyst,Abnormal Traffic,Investigate suspicious activity
ALT-002588,91541,2026-07-26 19:38:50,99.99,Critical,Critical,P1,Open,Incident Response Team,Data Exfiltration,Immediately isolate the endpoint
ALT-003755,137983,2026-07-26 19:39:01,99.62,Critical,Critical,P1,Open,Incident Response Team,Data Exfiltration,Immediately isolate the endpoint
ALT-005112,204235,2026-07-26 19:39:30,100.0,Critical,Critical,P1,Open,Incident Response Team,Privilege Escalation,Immediately isolate the endpoint
ALT-004171,160499,2026-07-26 19:39:32,100.0,Critical,Critical,P1,Open,Incident Response Team,Malware Infection,Immediately isolate the endpoint
ALT-005441,213254,2026-07-26 19:40:27,100.0,Critical,Critical,P1,Open,Incident Response Team,Privilege Escalation,Immediately isolate the endpoint
ALT-005688,225203,2026-07-26 19:41:20,100.0,Critical,Critical,P1,Open,Incident Response Team,Malware Infection,Immediately isolate the endpoint
ALT-002186,75906,2026-07-26 19:41:23,25.27,Medium,Low,P3,Investigating,Tier-1 SOC Analyst,Reconnaissance,Investigate suspicious activity
ALT-002852,103995,2026-07-26 19:41:27,99.97,Critical,Critical,P1,Open,Incident Response Team,Privilege Escalation,Immediately isolate the endpoint
ALT-005942,232675,2026-07-26 19:42:02,98.55,Critical,Critical,P1,Open,Incident Response Team,Malware Infection,Immediately isolate the endpoint
ALT-006089,235233,2026-07-26 19:42:33,100.0,Critical,Critical,P1,Investigating,Incident Response Team,Malware Infection,Immediately isolate the endpoint
ALT-005949,232682,2026-07-26 19:42:44,99.06,Critical,Critical,P1,Open,Incident Response Team,Data Exfiltration,Immediately isolate the endpoint
ALT-001032,40488,2026-07-26 19:43:19,100.0,Critical,Critical,P1,Open,Incident Response Team,Ransomware,Immediately isolate the endpoint
ALT-000817,31043,2026-07-26 19:43:35,100.0,Critical,Critical,P1,Investigating,Incident Response Team,Malware Infection,Immediately isolate the endpoint
ALT-000907,35084,2026-07-26 19:43:37,100.0,Critical,Critical,P1,Investigating,Incident Response Team,Malware Infection,Immediately isolate the endpoint
ALT-005226,207280,2026-07-26 19:43:44,100.0,Critical,Critical,P1,Investigating,Incident Response Team,Data Exfiltration,Immediately isolate the endpoint
ALT-005071,203243,2026-07-26 19:43:56,100.0,Critical,Critical,P1,Open,Incident Response Team,Ransomware,Immediately isolate the endpoint
ALT-004498,181871,2026-07-26 19:44:14,100.0,Critical,Critical,P1,Investigating,Incident Response Team,Ransomware,Immediately isolate the endpoint
ALT-004245,166317,2026-07-26 19:44:14,100.0,Critical,Critical,P1,Investigating,Incident Response Team,Ransomware,Immediately isolate the endpoint
ALT-000189,5726,2026-07-26 19:44:38,99.99,Critical,Critical,P1,Open,Incident Response Team,Privilege Escalation,Immediately isolate the endpoint
ALT-004209,166169,2026-07-26 19:45:07,99.21,Critical,Critical,P1,Investigating,Incident Response Team,Malware Infection,Immediately isolate the endpoint
ALT-000135,4196,2026-07-26 19:45:12,100.0,Critical,Critical,P1,Investigating,Incident Response Team,Ransomware,Immediately isolate the endpoint
ALT-005782,229990,2026-07-26 19:45:19,100.0,Critical,Critical,P1,Open,Incident Response Team,Privilege Escalation,Immediately isolate the endpoint
ALT-002338,82781,2026-07-26 19:45:44,100.0,Critical,Critical,P1,Open,Incident Response Team,Ransomware,Immediately isolate the endpoint
ALT-002616,92155,2026-07-26 19:46:03,100.0,Critical,Critical,P1,Resolved,Incident Response Team,Privilege Escalation,Immediately isolate the endpoint
ALT-001416,52840,2026-07-26 19:46:04,53.27,High,Medium,P2,Investigating,Tier-2 SOC Analyst,Network Intrusion,Notify security team
ALT-002067,70483,2026-07-26 19:46:12,99.91,Critical,Critical,P1,Open,Incident Response Team,Ransomware,Immediately isolate the endpoint
ALT-005551,217558,2026-07-26 19:46:13,98.82,Critical,Critical,P1,Investigating,Incident Response Team,Malware Infection,Immediately isolate the endpoint
ALT-006124,236135,2026-07-26 19:46:24,30.44,Medium,Low,P3,Open,Tier-1 SOC Analyst,Abnormal Traffic,Investigate suspicious activity
ALT-004786,199607,2026-07-26 19:46:37,100.0,Critical,Critical,P1,Open,Incident Response Team,Ransomware,Immediately isolate the endpoint
ALT-001358,51472,2026-07-26 19:46:56,100.0,Critical,Critical,P1,Open,Incident Response Team,Malware Infection,Immediately isolate the endpoint
ALT-003270,117558,2026-07-26 19:47:14,99.79,Critical,Critical,P1,Resolved,Incident Response Team,Malware Infection,Immediately isolate the endpoint
ALT-004070,156871,2026-07-26 19:47:14,100.0,Critical,Critical,P1,Resolved,Incident Response Team,Privilege Escalation,Immediately isolate the endpoint
ALT-004925,201960,2026-07-26 19:47:28,100.0,Critical,Critical,P1,Open,Incident Response Team,Malware Infection,Immediately isolate the endpoint
ALT-003552,130454,2026-07-26 19:47:38,100.0,Critical,Critical,P1,Open,Incident Response Team,Privilege Escalation,Immediately isolate the endpoint
ALT-005345,210994,2026-07-26 19:47:43,51.92,High,Medium,P2,Open,Tier-2 SOC Analyst,Unauthorized Access,Notify security team
ALT-002241,77698,2026-07-26 19:48:16,100.0,Critical,Critical,P1,Resolved,Incident Response Team,Privilege Escalation,Immediately isolate the endpoint
ALT-001480,53822,2026-07-26 19:48:22,50.51,High,Medium,P2,Resolved,Tier-2 SOC Analyst,Unauthorized Access,Notify security team
ALT-005399,213166,2026-07-26 19:48:23,100.0,Critical,Critical,P1,Investigating,Incident Response Team,Privilege Escalation,Immediately isolate the endpoint
ALT-004044,155183,2026-07-26 19:48:23,99.61,Critical,Critical,P1,Investigating,Incident Response Team,Malware Infection,Immediately isolate the endpoint
ALT-004708,189118,2026-07-26 19:48:27,100.0,Critical,Critical,P1,Investigating,Incident Response Team,Data Exfiltration,Immediately isolate the endpoint
ALT-005799,230533,2026-07-26 19:48:40,100.0,Critical,Critical,P1,Open,Incident Response Team,Data Exfiltration,Immediately isolate the endpoint
ALT-005053,203225,2026-07-26 19:49:01,100.0,Critical,Critical,P1,Open,Incident Response Team,Data Exfiltration,Immediately isolate the endpoint
ALT-001107,44826,2026-07-26 19:49:30,100.0,Critical,Critical,P1,Open,Incident Response Team,Ransomware,Immediately isolate the endpoint
ALT-000588,21698,2026-07-26 19:49:44,100.0,Critical,Critical,P1,Investigating,Incident Response Team,Malware Infection,Immediately isolate the endpoint
ALT-006093,235237,2026-07-26 19:50:05,100.0,Critical,Critical,P1,Investigating,Incident Response Team,Privilege Escalation,Immediately isolate the endpoint
ALT-006002,233167,2026-07-26 19:50:13,100.0,Critical,Critical,P1,Open,Incident Response Team,Privilege Escalation,Immediately isolate the endpoint
ALT-005449,213262,2026-07-26 19:50:53,100.0,Critical,Critical,P1,Resolved,Incident Response Team,Privilege Escalation,Immediately isolate the endpoint
ALT-001226,45988,2026-07-26 19:51:08,100.0,Critical,Critical,P1,Open,Incident Response Team,Malware Infection,Immediately isolate the endpoint
ALT-000144,4881,2026-07-26 19:52:22,92.32,Critical,Critical,P1,Open,Incident Response Team,Privilege Escalation,Immediately isolate the endpoint
ALT-002502,85838,2026-07-26 19:52:24,100.0,Critical,Critical,P1,Investigating,Incident Response Team,Privilege Escalation,Immediately isolate the endpoint
ALT-004949,202481,2026-07-26 19:52:38,100.0,Critical,Critical,P1,Investigating,Incident Response Team,Privilege Escalation,Immediately isolate the endpoint
ALT-005411,213178,2026-07-26 19:52:39,100.0,Critical,Critical,P1,Investigating,Incident Response Team,Privilege Escalation,Immediately isolate the endpoint
ALT-000822,31048,2026-07-26 19:52:51,99.85,Critical,Critical,P1,Open,Incident Response Team,Data Exfiltration,Immediately isolate the endpoint
ALT-004304,169609,2026-07-26 19:53:19,100.0,Critical,Critical,P1,Open,Incident Response Team,Data Exfiltration,Immediately isolate the endpoint
ALT-001583,56189,2026-07-26 19:53:51,100.0,Critical,Critical,P1,Investigating,Incident Response Team,Privilege Escalation,Immediately isolate the endpoint
ALT-003069,110876,2026-07-26 19:54:18,100.0,Critical,Critical,P1,Open,Incident Response Team,Privilege Escalation,Immediately isolate the endpoint
ALT-002032,69531,2026-07-26 19:54:29,99.53,Critical,Critical,P1,Open,Incident Response Team,Ransomware,Immediately isolate the endpoint
ALT-005642,225034,2026-07-26 19:55:19,100.0,Critical,Critical,P1,Investigating,Incident Response Team,Data Exfiltration,Immediately isolate the endpoint
ALT-005827,230630,2026-07-26 19:55:21,53.63,High,Medium,P2,Open,Tier-2 SOC Analyst,Unauthorized Access,Notify security team
ALT-002041,69540,2026-07-26 19:55:32,99.56,Critical,Critical,P1,Investigating,Incident Response Team,Privilege Escalation,Immediately isolate the endpoint
ALT-000976,38873,2026-07-26 19:55:41,100.0,Critical,Critical,P1,Investigating,Incident Response Team,Data Exfiltration,Immediately isolate the endpoint
ALT-004189,160517,2026-07-26 19:55:45,100.0,Critical,Critical,P1,Open,Incident Response Team,Privilege Escalation,Immediately isolate the endpoint
ALT-003163,112781,2026-07-26 19:55:59,20.3,Medium,Low,P3,Open,Tier-1 SOC Analyst,Abnormal Traffic,Investigate suspicious activity
ALT-000522,19827,2026-07-26 19:56:02,98.87,Critical,Critical,P1,Investigating,Incident Response Team,Ransomware,Immediately isolate the endpoint
ALT-001733,60619,2026-07-26 19:56:10,100.0,Critical,Critical,P1,Investigating,Incident Response Team,Privilege Escalation,Immediately isolate the endpoint
ALT-000675,27002,2026-07-26 19:56:21,100.0,Critical,Critical,P1,Investigating,Incident Response Team,Data Exfiltration,Immediately isolate the endpoint
ALT-004516,182720,2026-07-26 19:56:23,47.44,Medium,Low,P3,Investigating,Tier-1 SOC Analyst,Reconnaissance,Investigate suspicious activity
ALT-001601,57487,2026-07-26 19:56:47,99.99,Critical,Critical,P1,Investigating,Incident Response Team,Data Exfiltration,Immediately isolate the endpoint
ALT-004472,180546,2026-07-26 19:56:57,100.0,Critical,Critical,P1,Resolved,Incident Response Team,Data Exfiltration,Immediately isolate the endpoint
ALT-002990,108744,2026-07-26 19:57:13,99.89,Critical,Critical,P1,Open,Incident Response Team,Ransomware,Immediately isolate the endpoint
ALT-004946,202478,2026-07-26 19:57:31,100.0,Critical,Critical,P1,Open,Incident Response Team,Ransomware,Immediately isolate the endpoint
ALT-003131,112210,2026-07-26 19:57:39,34.48,Medium,Low,P3,Open,Tier-1 SOC Analyst,Policy Violation,Investigate suspicious activity
ALT-005448,213261,2026-07-26 19:57:49,100.0,Critical,Critical,P1,Open,Incident Response Team,Privilege Escalation,Immediately isolate the endpoint
ALT-001292,47216,2026-07-26 19:58:08,60.44,High,Medium,P2,Open,Tier-2 SOC Analyst,Brute Force Attack,Notify security team
ALT-005672,225187,2026-07-26 19:58:23,100.0,Critical,Critical,P1,Open,Incident Response Team,Malware Infection,Immediately isolate the endpoint
ALT-001903,64111,2026-07-26 19:58:28,73.61,High,Medium,P2,Resolved,Tier-2 SOC Analyst,Unauthorized Access,Notify security team
ALT-000856,32748,2026-07-26 19:58:28,100.0,Critical,Critical,P1,Open,Incident Response Team,Data Exfiltration,Immediately isolate the endpoint
ALT-000792,30511,2026-07-26 19:58:29,100.0,Critical,Critical,P1,Open,Incident Response Team,Ransomware,Immediately isolate the endpoint
ALT-000406,14690,2026-07-26 19:58:35,100.0,Critical,Critical,P1,Open,Incident Response Team,Privilege Escalation,Immediately isolate the endpoint
ALT-001987,66992,2026-07-26 19:58:48,99.93,Critical,Critical,P1,Open,Incident Response Team,Privilege Escalation,Immediately isolate the endpoint
ALT-000033,2375,2026-07-26 19:58:55,98.21,Critical,Critical,P1,Open,Incident Response Team,Data Exfiltration,Immediately isolate the endpoint
ALT-004655,186603,2026-07-26 19:59:03,51.01,High,Medium,P2,Open,Tier-2 SOC Analyst,Unauthorized Access,Notify security team
ALT-000878,34288,2026-07-26 19:59:19,100.0,Critical,Critical,P1,Open,Incident Response Team,Malware Infection,Immediately isolate the endpoint
ALT-004609,185262,2026-07-26 19:59:19,100.0,Critical,Critical,P1,Investigating,Incident Response Team,Data Exfiltration,Immediately isolate the endpoint
ALT-002854,103997,2026-07-26 19:59:20,99.99,Critical,Critical,P1,Investigating,Incident Response Team,Data Exfiltration,Immediately isolate the endpoint
ALT-004448,177914,2026-07-26 19:59:26,97.49,Critical,Critical,P1,Investigating,Incident Response Team,Privilege Escalation,Immediately isolate the endpoint
ALT-005908,231396,2026-07-26 19:59:27,100.0,Critical,Critical,P1,Investigating,Incident Response Team,Privilege Escalation,Immediately isolate the endpoint
ALT-002591,91544,2026-07-26 20:00:25,99.99,Critical,Critical,P1,Open,Incident Response Team,Privilege Escalation,Immediately isolate the endpoint
ALT-000298,10086,2026-07-26 20:00:37,100.0,Critical,Critical,P1,Investigating,Incident Response Team,Privilege Escalation,Immediately isolate the endpoint
ALT-001288,47212,2026-07-26 20:00:39,59.58,High,Medium,P2,Investigating,Tier-2 SOC Analyst,Brute Force Attack,Notify security team
ALT-001050,41916,2026-07-26 20:00:54,100.0,Critical,Critical,P1,Open,Incident Response Team,Privilege Escalation,Immediately isolate the endpoint
ALT-005890,231378,2026-07-26 20:01:13,99.94,Critical,Critical,P1,Investigating,Incident Response Team,Ransomware,Immediately isolate the endpoint
ALT-002966,108720,2026-07-26 20:01:15,100.0,Critical,Critical,P1,Open,Incident Response Team,Malware Infection,Immediately isolate the endpoint
ALT-001785,61164,2026-07-26 20:01:33,100.0,Critical,Critical,P1,Investigating,Incident Response Team,Ransomware,Immediately isolate the endpoint
ALT-003529,127220,2026-07-26 20:01:44,33.93,Medium,Low,P3,Resolved,Tier-1 SOC Analyst,Port Scan,Investigate suspicious activity
ALT-005798,230532,2026-07-26 20:01:47,100.0,Critical,Critical,P1,Open,Incident Response Team,Malware Infection,Immediately isolate the endpoint
ALT-003622,135875,2026-07-26 20:01:53,100.0,Critical,Critical,P1,Investigating,Incident Response Team,Privilege Escalation,Immediately isolate the endpoint
ALT-000104,2655,2026-07-26 20:02:05,99.08,Critical,Critical,P1,Investigating,Incident Response Team,Malware Infection,Immediately isolate the endpoint
ALT-001025,40481,2026-07-26 20:02:11,100.0,Critical,Critical,P1,Resolved,Incident Response Team,Data Exfiltration,Immediately isolate the endpoint
ALT-003295,118036,2026-07-26 20:02:34,100.0,Critical,Critical,P1,Open,Incident Response Team,Data Exfiltration,Immediately isolate the endpoint
ALT-001024,40480,2026-07-26 20:03:01,100.0,Critical,Critical,P1,Investigating,Incident Response Team,Privilege Escalation,Immediately isolate the endpoint
ALT-002279,81709,2026-07-26 20:03:06,98.99,Critical,Critical,P1,Open,Incident Response Team,Data Exfiltration,Immediately isolate the endpoint
ALT-000383,13386,2026-07-26 20:03:29,100.0,Critical,Critical,P1,Open,Incident Response Team,Privilege Escalation,Immediately isolate the endpoint
ALT-004872,201012,2026-07-26 20:03:36,60.74,High,Medium,P2,Open,Tier-2 SOC Analyst,Suspicious Login,Notify security team
ALT-005577,218203,2026-07-26 20:03:49,99.97,Critical,Critical,P1,Resolved,Incident Response Team,Ransomware,Immediately isolate the endpoint
ALT-003224,114594,2026-07-26 20:04:29,98.43,Critical,Critical,P1,Investigating,Incident Response Team,Malware Infection,Immediately isolate the endpoint
ALT-004935,201970,2026-07-26 20:04:39,100.0,Critical,Critical,P1,Investigating,Incident Response Team,Data Exfiltration,Immediately isolate the endpoint
ALT-001836,62287,2026-07-26 20:04:48,100.0,Critical,Critical,P1,Resolved,Incident Response Team,Malware Infection,Immediately isolate the endpoint
ALT-000800,30519,2026-07-26 20:05:08,100.0,Critical,Critical,P1,Open,Incident Response Team,Malware Infection,Immediately isolate the endpoint
ALT-005463,214392,2026-07-26 20:05:10,100.0,Critical,Critical,P1,Open,Incident Response Team,Privilege Escalation,Immediately isolate the endpoint
ALT-005277,208419,2026-07-26 20:05:19,100.0,Critical,Critical,P1,Open,Incident Response Team,Ransomware,Immediately isolate the endpoint
ALT-002367,83778,2026-07-26 20:05:19,43.92,Medium,Low,P3,Open,Tier-1 SOC Analyst,Reconnaissance,Investigate suspicious activity
ALT-000470,15584,2026-07-26 20:05:28,100.0,Critical,Critical,P1,Open,Incident Response Team,Malware Infection,Immediately isolate the endpoint
ALT-003708,136965,2026-07-26 20:05:41,100.0,Critical,Critical,P1,Open,Incident Response Team,Malware Infection,Immediately isolate the endpoint
ALT-004747,194033,2026-07-26 20:05:41,100.0,Critical,Critical,P1,Open,Incident Response Team,Malware Infection,Immediately isolate the endpoint
ALT-004923,201958,2026-07-26 20:05:55,100.0,Critical,Critical,P1,Open,Incident Response Team,Data Exfiltration,Immediately isolate the endpoint
ALT-000737,27744,2026-07-26 20:06:02,100.0,Critical,Critical,P1,Open,Incident Response Team,Malware Infection,Immediately isolate the endpoint
ALT-005518,216384,2026-07-26 20:06:03,23.89,Medium,Low,P3,Open,Tier-1 SOC Analyst,Policy Violation,Investigate suspicious activity
ALT-001763,61142,2026-07-26 20:06:04,100.0,Critical,Critical,P1,Resolved,Incident Response Team,Ransomware,Immediately isolate the endpoint
ALT-005644,225036,2026-07-26 20:06:12,100.0,Critical,Critical,P1,Investigating,Incident Response Team,Ransomware,Immediately isolate the endpoint
ALT-002183,75903,2026-07-26 20:06:22,25.79,Medium,Low,P3,Resolved,Tier-1 SOC Analyst,Policy Violation,Investigate suspicious activity
ALT-000960,38857,2026-07-26 20:06:53,100.0,Critical,Critical,P1,Open,Incident Response Team,Malware Infection,Immediately isolate the endpoint
ALT-005367,212505,2026-07-26 20:07:04,20.02,Medium,Low,P3,Open,Tier-1 SOC Analyst,Policy Violation,Investigate suspicious activity
ALT-005325,210715,2026-07-26 20:07:36,54.49,High,Medium,P2,Investigating,Tier-2 SOC Analyst,Brute Force Attack,Notify security team
ALT-002514,85850,2026-07-26 20:08:02,100.0,Critical,Critical,P1,Open,Incident Response Team,Data Exfiltration,Immediately isolate the endpoint
ALT-000417,15531,2026-07-26 20:08:08,100.0,Critical,Critical,P1,Open,Incident Response Team,Malware Infection,Immediately isolate the endpoint
ALT-000723,27547,2026-07-26 20:08:24,20.49,Medium,Low,P3,Open,Tier-1 SOC Analyst,Reconnaissance,Investigate suspicious activity
ALT-005287,208429,2026-07-26 20:08:38,100.0,Critical,Critical,P1,Open,Incident Response Team,Malware Infection,Immediately isolate the endpoint
ALT-005589,223382,2026-07-26 20:08:40,100.0,Critical,Critical,P1,Open,Incident Response Team,Privilege Escalation,Immediately isolate the endpoint
ALT-000821,31047,2026-07-26 20:08:42,99.82,Critical,Critical,P1,Open,Incident Response Team,Malware Infection,Immediately isolate the endpoint
ALT-003718,137611,2026-07-26 20:08:42,100.0,Critical,Critical,P1,Investigating,Incident Response Team,Malware Infection,Immediately isolate the endpoint
ALT-000165,5411,2026-07-26 20:09:02,100.0,Critical,Critical,P1,Open,Incident Response Team,Malware Infection,Immediately isolate the endpoint
ALT-004079,156880,2026-07-26 20:10:10,100.0,Critical,Critical,P1,Open,Incident Response Team,Data Exfiltration,Immediately isolate the endpoint
ALT-003690,136947,2026-07-26 20:10:35,100.0,Critical,Critical,P1,Investigating,Incident Response Team,Data Exfiltration,Immediately isolate the endpoint
ALT-001725,60611,2026-07-26 20:11:21,100.0,Critical,Critical,P1,Open,Incident Response Team,Malware Infection,Immediately isolate the endpoint
ALT-005376,212565,2026-07-26 20:11:26,20.78,Medium,Low,P3,Open,Tier-1 SOC Analyst,Reconnaissance,Investigate suspicious activity
ALT-001613,57499,2026-07-26 20:11:38,100.0,Critical,Critical,P1,Investigating,Incident Response Team,Data Exfiltration,Immediately isolate the endpoint
ALT-001325,49261,2026-07-26 20:11:47,99.94,Critical,Critical,P1,Open,Incident Response Team,Data Exfiltration,Immediately isolate the endpoint
ALT-001373,51487,2026-07-26 20:11:50,100.0,Critical,Critical,P1,Open,Incident Response Team,Privilege Escalation,Immediately isolate the endpoint
ALT-000084,2635,2026-07-26 20:12:00,99.19,Critical,Critical,P1,Open,Incident Response Team,Privilege Escalation,Immediately isolate the endpoint
ALT-005251,208177,2026-07-26 20:12:02,100.0,Critical,Critical,P1,Open,Incident Response Team,Ransomware,Immediately isolate the endpoint
ALT-005456,214385,2026-07-26 20:12:16,100.0,Critical,Critical,P1,Open,Incident Response Team,Malware Infection,Immediately isolate the endpoint
ALT-004833,200762,2026-07-26 20:12:20,99.57,Critical,Critical,P1,Investigating,Incident Response Team,Ransomware,Immediately isolate the endpoint
ALT-006130,238084,2026-07-26 20:12:33,100.0,Critical,Critical,P1,Open,Incident Response Team,Privilege Escalation,Immediately isolate the endpoint
ALT-000936,37396,2026-07-26 20:13:04,100.0,Critical,Critical,P1,Open,Incident Response Team,Data Exfiltration,Immediately isolate the endpoint
ALT-002071,70487,2026-07-26 20:13:22,99.94,Critical,Critical,P1,Open,Incident Response Team,Malware Infection,Immediately isolate the endpoint
ALT-005050,203222,2026-07-26 20:13:32,100.0,Critical,Critical,P1,Open,Incident Response Team,Ransomware,Immediately isolate the endpoint
ALT-005812,230615,2026-07-26 20:13:54,92.11,Critical,Critical,P1,Investigating,Incident Response Team,Privilege Escalation,Immediately isolate the endpoint
ALT-002209,76225,2026-07-26 20:14:03,73.22,High,Medium,P2,Open,Tier-2 SOC Analyst,Suspicious Login,Notify security team
ALT-001153,44902,2026-07-26 20:14:07,67.63,High,Medium,P2,Open,Tier-2 SOC Analyst,Unauthorized Access,Notify security team
ALT-003410,121705,2026-07-26 20:14:12,73.22,High,Medium,P2,Open,Tier-2 SOC Analyst,Network Intrusion,Notify security team
ALT-000548,20164,2026-07-26 20:14:16,100.0,Critical,Critical,P1,Open,Incident Response Team,Privilege Escalation,Immediately isolate the endpoint
ALT-005718,225440,2026-07-26 20:14:26,100.0,Critical,Critical,P1,Open,Incident Response Team,Privilege Escalation,Immediately isolate the endpoint
ALT-002941,107971,2026-07-26 20:14:26,100.0,Critical,Critical,P1,Investigating,Incident Response Team,Data Exfiltration,Immediately isolate the endpoint
ALT-000967,38864,2026-07-26 20:14:37,100.0,Critical,Critical,P1,Open,Incident Response Team,Malware Infection,Immediately isolate the endpoint
ALT-001868,63865,2026-07-26 20:14:53,26.44,Medium,Low,P3,Open,Tier-1 SOC Analyst,Reconnaissance,Investigate suspicious activity
ALT-005297,210582,2026-07-26 20:14:54,99.01,Critical,Critical,P1,Open,Incident Response Team,Malware Infection,Immediately isolate the endpoint
ALT-004985,202785,2026-07-26 20:15:21,76.83,High,Medium,P2,Investigating,Tier-2 SOC Analyst,Network Intrusion,Notify security team
ALT-000804,30523,2026-07-26 20:15:24,100.0,Critical,Critical,P1,Open,Incident Response Team,Privilege Escalation,Immediately isolate the endpoint
ALT-002922,107952,2026-07-26 20:15:24,100.0,Critical,Critical,P1,Investigating,Incident Response Team,Data Exfiltration,Immediately isolate the endpoint
ALT-000142,4879,2026-07-26 20:15:33,88.56,Critical,Critical,P1,Investigating,Incident Response Team,Data Exfiltration,Immediately isolate the endpoint
ALT-005343,210992,2026-07-26 20:15:36,51.22,High,Medium,P2,Investigating,Tier-2 SOC Analyst,Network Intrusion,Notify security team
ALT-003530,127912,2026-07-26 20:15:38,100.0,Critical,Critical,P1,Open,Incident Response Team,Malware Infection,Immediately isolate the endpoint
ALT-002799,100102,2026-07-26 20:15:50,26.37,Medium,Low,P3,Open,Tier-1 SOC Analyst,Abnormal Traffic,Investigate suspicious activity
ALT-002898,105106,2026-07-26 20:16:12,100.0,Critical,Critical,P1,Investigating,Incident Response Team,Privilege Escalation,Immediately isolate the endpoint
ALT-001756,60642,2026-07-26 20:16:12,100.0,Critical,Critical,P1,Resolved,Incident Response Team,Data Exfiltration,Immediately isolate the endpoint
ALT-000023,2365,2026-07-26 20:16:16,98.47,Critical,Critical,P1,Investigating,Incident Response Team,Malware Infection,Immediately isolate the endpoint
ALT-006078,234880,2026-07-26 20:16:46,99.95,Critical,Critical,P1,Open,Incident Response Team,Malware Infection,Immediately isolate the endpoint
ALT-005843,230825,2026-07-26 20:17:06,99.92,Critical,Critical,P1,Open,Incident Response Team,Privilege Escalation,Immediately isolate the endpoint
ALT-005880,231368,2026-07-26 20:17:07,99.94,Critical,Critical,P1,Open,Incident Response Team,Malware Infection,Immediately isolate the endpoint
ALT-001232,45994,2026-07-26 20:17:08,99.98,Critical,Critical,P1,Investigating,Incident Response Team,Data Exfiltration,Immediately isolate the endpoint
ALT-001681,58905,2026-07-26 20:17:28,99.09,Critical,Critical,P1,Open,Incident Response Team,Data Exfiltration,Immediately isolate the endpoint
ALT-003405,121285,2026-07-26 20:17:56,100.0,Critical,Critical,P1,Open,Incident Response Team,Ransomware,Immediately isolate the endpoint
ALT-000651,26274,2026-07-26 20:17:58,100.0,Critical,Critical,P1,Investigating,Incident Response Team,Malware Infection,Immediately isolate the endpoint
ALT-005981,233146,2026-07-26 20:18:38,100.0,Critical,Critical,P1,Open,Incident Response Team,Ransomware,Immediately isolate the endpoint
ALT-000954,38851,2026-07-26 20:18:39,100.0,Critical,Critical,P1,Investigating,Incident Response Team,Data Exfiltration,Immediately isolate the endpoint
ALT-002228,77685,2026-07-26 20:18:53,100.0,Critical,Critical,P1,Open,Incident Response Team,Malware Infection,Immediately isolate the endpoint
ALT-003591,130820,2026-07-26 20:18:57,100.0,Critical,Critical,P1,Open,Incident Response Team,Data Exfiltration,Immediately isolate the endpoint
ALT-001955,65967,2026-07-26 20:19:21,100.0,Critical,Critical,P1,Open,Incident Response Team,Privilege Escalation,Immediately isolate the endpoint
ALT-004400,176651,2026-07-26 20:19:35,100.0,Critical,Critical,P1,Investigating,Incident Response Team,Privilege Escalation,Immediately isolate the endpoint
ALT-000526,19831,2026-07-26 20:19:40,99.1,Critical,Critical,P1,Open,Incident Response Team,Ransomware,Immediately isolate the endpoint
ALT-001448,53776,2026-07-26 20:19:44,59.8,High,Medium,P2,Open,Tier-2 SOC Analyst,Unauthorized Access,Notify security team
ALT-000695,27206,2026-07-26 20:19:50,100.0,Critical,Critical,P1,Resolved,Incident Response Team,Malware Infection,Immediately isolate the endpoint
ALT-002352,83763,2026-07-26 20:19:52,51.61,High,Medium,P2,Open,Tier-2 SOC Analyst,Brute Force Attack,Notify security team
ALT-000321,11451,2026-07-26 20:19:57,99.95,Critical,Critical,P1,Open,Incident Response Team,Data Exfiltration,Immediately isolate the endpoint
ALT-003805,140905,2026-07-26 20:20:05,100.0,Critical,Critical,P1,Open,Incident Response Team,Malware Infection,Immediately isolate the endpoint
ALT-000932,37392,2026-07-26 20:20:07,100.0,Critical,Critical,P1,Open,Incident Response Team,Ransomware,Immediately isolate the endpoint
ALT-005545,217552,2026-07-26 20:20:31,98.7,Critical,Critical,P1,Investigating,Incident Response Team,Ransomware,Immediately isolate the endpoint
ALT-000719,27230,2026-07-26 20:20:41,100.0,Critical,Critical,P1,Open,Incident Response Team,Privilege Escalation,Immediately isolate the endpoint
ALT-001240,46217,2026-07-26 20:21:03,26.41,Medium,Low,P3,Open,Tier-1 SOC Analyst,Port Scan,Investigate suspicious activity
ALT-003389,121269,2026-07-26 20:21:07,100.0,Critical,Critical,P1,Open,Incident Response Team,Malware Infection,Immediately isolate the endpoint
ALT-005268,208410,2026-07-26 20:21:12,100.0,Critical,Critical,P1,Investigating,Incident Response Team,Privilege Escalation,Immediately isolate the endpoint
ALT-001922,64524,2026-07-26 20:21:16,99.99,Critical,Critical,P1,Open,Incident Response Team,Data Exfiltration,Immediately isolate the endpoint
ALT-002944,108505,2026-07-26 20:21:19,24.08,Medium,Low,P3,Open,Tier-1 SOC Analyst,Policy Violation,Investigate suspicious activity
ALT-001249,46347,2026-07-26 20:21:23,31.85,Medium,Low,P3,Open,Tier-1 SOC Analyst,Policy Violation,Investigate suspicious activity
ALT-003147,112226,2026-07-26 20:21:28,21.82,Medium,Low,P3,Open,Tier-1 SOC Analyst,Reconnaissance,Investigate suspicious activity
ALT-002717,98275,2026-07-26 20:21:33,100.0,Critical,Critical,P1,Open,Incident Response Team,Privilege Escalation,Immediately isolate the endpoint
ALT-005020,203189,2026-07-26 20:21:38,21.31,Medium,Low,P3,Open,Tier-1 SOC Analyst,Abnormal Traffic,Investigate suspicious activity
ALT-005178,205792,2026-07-26 20:21:40,99.95,Critical,Critical,P1,Investigating,Incident Response Team,Ransomware,Immediately isolate the endpoint
ALT-003178,114381,2026-07-26 20:21:59,100.0,Critical,Critical,P1,Open,Incident Response Team,Malware Infection,Immediately isolate the endpoint
ALT-004527,182732,2026-07-26 20:22:03,30.3,Medium,Low,P3,Resolved,Tier-1 SOC Analyst,Policy Violation,Investigate suspicious activity
ALT-005922,232132,2026-07-26 20:22:40,100.0,Critical,Critical,P1,Resolved,Incident Response Team,Malware Infection,Immediately isolate the endpoint
ALT-003821,140921,2026-07-26 20:22:46,100.0,Critical,Critical,P1,Open,Incident Response Team,Data Exfiltration,Immediately isolate the endpoint
ALT-001837,62288,2026-07-26 20:23:53,100.0,Critical,Critical,P1,Open,Incident Response Team,Privilege Escalation,Immediately isolate the endpoint
ALT-000963,38860,2026-07-26 20:24:22,100.0,Critical,Critical,P1,Open,Incident Response Team,Malware Infection,Immediately isolate the endpoint
ALT-003478,126455,2026-07-26 20:25:04,98.23,Critical,Critical,P1,Investigating,Incident Response Team,Data Exfiltration,Immediately isolate the endpoint
ALT-003539,127921,2026-07-26 20:25:16,100.0,Critical,Critical,P1,Open,Incident Response Team,Data Exfiltration,Immediately isolate the endpoint
ALT-000697,27208,2026-07-26 20:25:46,100.0,Critical,Critical,P1,Open,Incident Response Team,Malware Infection,Immediately isolate the endpoint
ALT-002865,104008,2026-07-26 20:26:41,99.98,Critical,Critical,P1,Open,Incident Response Team,Ransomware,Immediately isolate the endpoint
ALT-005161,205599,2026-07-26 20:26:49,99.09,Critical,Critical,P1,Investigating,Incident Response Team,Ransomware,Immediately isolate the endpoint
ALT-000557,20173,2026-07-26 20:27:02,100.0,Critical,Critical,P1,Investigating,Incident Response Team,Ransomware,Immediately isolate the endpoint
ALT-004185,160513,2026-07-26 20:27:11,100.0,Critical,Critical,P1,Open,Incident Response Team,Malware Infection,Immediately isolate the endpoint
ALT-000462,15576,2026-07-26 20:27:19,99.98,Critical,Critical,P1,Investigating,Incident Response Team,Privilege Escalation,Immediately isolate the endpoint
ALT-005015,203016,2026-07-26 20:27:35,100.0,Critical,Critical,P1,Open,Incident Response Team,Malware Infection,Immediately isolate the endpoint
ALT-002606,92117,2026-07-26 20:27:41,100.0,Critical,Critical,P1,Open,Incident Response Team,Data Exfiltration,Immediately isolate the endpoint
ALT-003206,114576,2026-07-26 20:28:41,97.42,Critical,Critical,P1,Investigating,Incident Response Team,Malware Infection,Immediately isolate the endpoint
ALT-000989,40003,2026-07-26 20:28:45,100.0,Critical,Critical,P1,Open,Incident Response Team,Privilege Escalation,Immediately isolate the endpoint
ALT-002420,84077,2026-07-26 20:28:49,100.0,Critical,Critical,P1,Open,Incident Response Team,Ransomware,Immediately isolate the endpoint
ALT-000492,17649,2026-07-26 20:28:59,99.24,Critical,Critical,P1,Open,Incident Response Team,Privilege Escalation,Immediately isolate the endpoint
ALT-002550,90715,2026-07-26 20:29:31,100.0,Critical,Critical,P1,Investigating,Incident Response Team,Malware Infection,Immediately isolate the endpoint
ALT-005739,229297,2026-07-26 20:29:35,37.31,Medium,Low,P3,Investigating,Tier-1 SOC Analyst,Policy Violation,Investigate suspicious activity
ALT-003262,117550,2026-07-26 20:29:44,99.67,Critical,Critical,P1,Investigating,Incident Response Team,Data Exfiltration,Immediately isolate the endpoint
ALT-001568,55938,2026-07-26 20:29:47,100.0,Critical,Critical,P1,Investigating,Incident Response Team,Malware Infection,Immediately isolate the endpoint
ALT-005574,218200,2026-07-26 20:29:54,99.95,Critical,Critical,P1,Open,Incident Response Team,Ransomware,Immediately isolate the endpoint
ALT-000833,31059,2026-07-26 20:30:10,100.0,Critical,Critical,P1,Open,Incident Response Team,Malware Infection,Immediately isolate the endpoint
ALT-000187,5724,2026-07-26 20:30:21,99.99,Critical,Critical,P1,Open,Incident Response Team,Malware Infection,Immediately isolate the endpoint
ALT-001377,51491,2026-07-26 20:30:40,100.0,Critical,Critical,P1,Open,Incident Response Team,Ransomware,Immediately isolate the endpoint
ALT-002826,103428,2026-07-26 20:30:51,100.0,Critical,Critical,P1,Open,Incident Response Team,Ransomware,Immediately isolate the endpoint
ALT-006053,234100,2026-07-26 20:30:59,100.0,Critical,Critical,P1,Resolved,Incident Response Team,Data Exfiltration,Immediately isolate the endpoint
ALT-003931,148405,2026-07-26 20:31:05,99.96,Critical,Critical,P1,Open,Incident Response Team,Privilege Escalation,Immediately isolate the endpoint
ALT-001224,45986,2026-07-26 20:31:54,99.98,Critical,Critical,P1,Open,Incident Response Team,Ransomware,Immediately isolate the endpoint
ALT-002519,86271,2026-07-26 20:31:55,42.61,Medium,Low,P3,Open,Tier-1 SOC Analyst,Port Scan,Investigate suspicious activity
ALT-003834,141836,2026-07-26 20:32:44,100.0,Critical,Critical,P1,Open,Incident Response Team,Data Exfiltration,Immediately isolate the endpoint
ALT-005488,216222,2026-07-26 20:32:45,99.41,Critical,Critical,P1,Resolved,Incident Response Team,Data Exfiltration,Immediately isolate the endpoint
ALT-000866,32758,2026-07-26 20:32:49,100.0,Critical,Critical,P1,Open,Incident Response Team,Ransomware,Immediately isolate the endpoint
ALT-001217,45979,2026-07-26 20:32:51,100.0,Critical,Critical,P1,Open,Incident Response Team,Data Exfiltration,Immediately isolate the endpoint
ALT-001578,56184,2026-07-26 20:33:01,100.0,Critical,Critical,P1,Investigating,Incident Response Team,Data Exfiltration,Immediately isolate the endpoint
ALT-001790,61219,2026-07-26 20:33:05,99.54,Critical,Critical,P1,Open,Incident Response Team,Ransomware,Immediately isolate the endpoint
ALT-002847,103817,2026-07-26 20:33:24,100.0,Critical,Critical,P1,Open,Incident Response Team,Malware Infection,Immediately isolate the endpoint
ALT-003379,120561,2026-07-26 20:33:31,100.0,Critical,Critical,P1,Open,Incident Response Team,Malware Infection,Immediately isolate the endpoint
ALT-001586,56192,2026-07-26 20:33:40,100.0,Critical,Critical,P1,Open,Incident Response Team,Malware Infection,Immediately isolate the endpoint
ALT-001924,65732,2026-07-26 20:33:46,100.0,Critical,Critical,P1,Resolved,Incident Response Team,Ransomware,Immediately isolate the endpoint
ALT-003536,127918,2026-07-26 20:33:55,100.0,Critical,Critical,P1,Investigating,Incident Response Team,Privilege Escalation,Immediately isolate the endpoint
ALT-001346,50381,2026-07-26 20:34:10,99.94,Critical,Critical,P1,Open,Incident Response Team,Malware Infection,Immediately isolate the endpoint
ALT-000398,13773,2026-07-26 20:34:13,23.28,Medium,Low,P3,Investigating,Tier-1 SOC Analyst,Port Scan,Investigate suspicious activity
ALT-000505,18977,2026-07-26 20:34:15,100.0,Critical,Critical,P1,Open,Incident Response Team,Privilege Escalation,Immediately isolate the endpoint
ALT-002454,85079,2026-07-26 20:34:16,100.0,Critical,Critical,P1,Open,Incident Response Team,Privilege Escalation,Immediately isolate the endpoint
ALT-003691,136948,2026-07-26 20:34:21,100.0,Critical,Critical,P1,Open,Incident Response Team,Ransomware,Immediately isolate the endpoint
ALT-002207,76223,2026-07-26 20:34:36,97.5,Critical,Critical,P1,Open,Incident Response Team,Privilege Escalation,Immediately isolate the endpoint
ALT-004040,155179,2026-07-26 20:34:43,99.7,Critical,Critical,P1,Open,Incident Response Team,Privilege Escalation,Immediately isolate the endpoint
ALT-000619,24922,2026-07-26 20:34:48,100.0,Critical,Critical,P1,Investigating,Incident Response Team,Data Exfiltration,Immediately isolate the endpoint
ALT-004069,156870,2026-07-26 20:35:11,100.0,Critical,Critical,P1,Resolved,Incident Response Team,Ransomware,Immediately isolate the endpoint
ALT-001948,65960,2026-07-26 20:35:14,100.0,Critical,Critical,P1,Open,Incident Response Team,Data Exfiltration,Immediately isolate the endpoint
ALT-000916,35093,2026-07-26 20:35:16,100.0,Critical,Critical,P1,Open,Incident Response Team,Privilege Escalation,Immediately isolate the endpoint
ALT-004443,177907,2026-07-26 20:35:23,95.92,Critical,Critical,P1,Open,Incident Response Team,Data Exfiltration,Immediately isolate the endpoint
ALT-005493,216227,2026-07-26 20:35:46,99.36,Critical,Critical,P1,Open,Incident Response Team,Ransomware,Immediately isolate the endpoint
ALT-003601,131708,2026-07-26 20:35:50,100.0,Critical,Critical,P1,Open,Incident Response Team,Malware Infection,Immediately isolate the endpoint
ALT-003750,137978,2026-07-26 20:35:50,99.59,Critical,Critical,P1,Open,Incident Response Team,Data Exfiltration,Immediately isolate the endpoint
ALT-004933,201968,2026-07-26 20:35:53,100.0,Critical,Critical,P1,Investigating,Incident Response Team,Data Exfiltration,Immediately isolate the endpoint
ALT-004147,159366,2026-07-26 20:36:39,99.36,Critical,Critical,P1,Open,Incident Response Team,Ransomware,Immediately isolate the endpoint
ALT-004339,172402,2026-07-26 20:36:49,100.0,Critical,Critical,P1,Open,Incident Response Team,Ransomware,Immediately isolate the endpoint
ALT-005440,213253,2026-07-26 20:36:55,100.0,Critical,Critical,P1,Open,Incident Response Team,Ransomware,Immediately isolate the endpoint
ALT-003042,109495,2026-07-26 20:37:03,100.0,Critical,Critical,P1,Open,Incident Response Team,Data Exfiltration,Immediately isolate the endpoint
ALT-001028,40484,2026-07-26 20:37:15,100.0,Critical,Critical,P1,Open,Incident Response Team,Privilege Escalation,Immediately isolate the endpoint
ALT-001999,67004,2026-07-26 20:37:24,99.92,Critical,Critical,P1,Investigating,Incident Response Team,Ransomware,Immediately isolate the endpoint
ALT-001664,58888,2026-07-26 20:37:51,98.94,Critical,Critical,P1,Open,Incident Response Team,Ransomware,Immediately isolate the endpoint
ALT-002709,98133,2026-07-26 20:37:52,100.0,Critical,Critical,P1,Investigating,Incident Response Team,Data Exfiltration,Immediately isolate the endpoint
ALT-003097,111874,2026-07-26 20:38:37,23.31,Medium,Low,P3,Open,Tier-1 SOC Analyst,Reconnaissance,Investigate suspicious activity
ALT-001302,49238,2026-07-26 20:38:57,99.45,Critical,Critical,P1,Open,Incident Response Team,Data Exfiltration,Immediately isolate the endpoint
ALT-001854,63374,2026-07-26 20:39:05,99.85,Critical,Critical,P1,Open,Incident Response Team,Data Exfiltration,Immediately isolate the endpoint
ALT-004287,167682,2026-07-26 20:39:19,99.91,Critical,Critical,P1,Investigating,Incident Response Team,Malware Infection,Immediately isolate the endpoint
ALT-000481,17638,2026-07-26 20:39:22,100.0,Critical,Critical,P1,Open,Incident Response Team,Malware Infection,Immediately isolate the endpoint
ALT-006117,236124,2026-07-26 20:39:34,36.12,Medium,Low,P3,Investigating,Tier-1 SOC Analyst,Policy Violation,Investigate suspicious activity
ALT-004748,194034,2026-07-26 20:40:00,100.0,Critical,Critical,P1,Open,Incident Response Team,Privilege Escalation,Immediately isolate the endpoint
ALT-003460,123161,2026-07-26 20:40:06,98.16,Critical,Critical,P1,Investigating,Incident Response Team,Ransomware,Immediately isolate the endpoint
ALT-001020,40476,2026-07-26 20:40:17,100.0,Critical,Critical,P1,Open,Incident Response Team,Malware Infection,Immediately isolate the endpoint
ALT-005142,205580,2026-07-26 20:40:30,98.98,Critical,Critical,P1,Investigating,Incident Response Team,Privilege Escalation,Immediately isolate the endpoint
ALT-003137,112216,2026-07-26 20:40:37,30.4,Medium,Low,P3,Open,Tier-1 SOC Analyst,Port Scan,Investigate suspicious activity
ALT-005519,216387,2026-07-26 20:40:46,21.93,Medium,Low,P3,Resolved,Tier-1 SOC Analyst,Policy Violation,Investigate suspicious activity
ALT-002489,85825,2026-07-26 20:41:06,100.0,Critical,Critical,P1,Open,Incident Response Team,Ransomware,Immediately isolate the endpoint
ALT-001360,51474,2026-07-26 20:41:09,100.0,Critical,Critical,P1,Open,Incident Response Team,Ransomware,Immediately isolate the endpoint
ALT-005970,232703,2026-07-26 20:41:56,98.8,Critical,Critical,P1,Open,Incident Response Team,Data Exfiltration,Immediately isolate the endpoint
ALT-004261,167136,2026-07-26 20:41:58,100.0,Critical,Critical,P1,Investigating,Incident Response Team,Ransomware,Immediately isolate the endpoint
ALT-000955,38852,2026-07-26 20:42:02,100.0,Critical,Critical,P1,Open,Incident Response Team,Data Exfiltration,Immediately isolate the endpoint
ALT-004317,169622,2026-07-26 20:42:11,100.0,Critical,Critical,P1,Investigating,Incident Response Team,Data Exfiltration,Immediately isolate the endpoint
ALT-004834,200763,2026-07-26 20:42:18,99.5,Critical,Critical,P1,Open,Incident Response Team,Privilege Escalation,Immediately isolate the endpoint
ALT-002566,90731,2026-07-26 20:42:31,100.0,Critical,Critical,P1,Open,Incident Response Team,Ransomware,Immediately isolate the endpoint
ALT-004487,181860,2026-07-26 20:42:47,100.0,Critical,Critical,P1,Open,Incident Response Team,Malware Infection,Immediately isolate the endpoint
ALT-000747,28152,2026-07-26 20:43:01,100.0,Critical,Critical,P1,Resolved,Incident Response Team,Ransomware,Immediately isolate the endpoint
ALT-005704,225426,2026-07-26 20:43:07,100.0,Critical,Critical,P1,Investigating,Incident Response Team,Malware Infection,Immediately isolate the endpoint
ALT-003930,148404,2026-07-26 20:43:18,99.92,Critical,Critical,P1,Resolved,Incident Response Team,Data Exfiltration,Immediately isolate the endpoint
ALT-002552,90717,2026-07-26 20:43:22,100.0,Critical,Critical,P1,Open,Incident Response Team,Privilege Escalation,Immediately isolate the endpoint
ALT-002343,83754,2026-07-26 20:43:38,49.36,Medium,Low,P3,Investigating,Tier-1 SOC Analyst,Reconnaissance,Investigate suspicious activity
ALT-002972,108726,2026-07-26 20:43:47,99.99,Critical,Critical,P1,Investigating,Incident Response Team,Data Exfiltration,Immediately isolate the endpoint
ALT-004894,201534,2026-07-26 20:43:55,99.99,Critical,Critical,P1,Open,Incident Response Team,Ransomware,Immediately isolate the endpoint
ALT-001976,66043,2026-07-26 20:44:27,69.64,High,Medium,P2,Investigating,Tier-2 SOC Analyst,Unauthorized Access,Notify security team
ALT-003541,127923,2026-07-26 20:44:28,100.0,Critical,Critical,P1,Resolved,Incident Response Team,Malware Infection,Immediately isolate the endpoint
ALT-003384,120626,2026-07-26 20:44:29,100.0,Critical,Critical,P1,Investigating,Incident Response Team,Malware Infection,Immediately isolate the endpoint
ALT-002137,74324,2026-07-26 20:44:34,100.0,Critical,Critical,P1,Investigating,Incident Response Team,Privilege Escalation,Immediately isolate the endpoint
ALT-002360,83771,2026-07-26 20:44:39,48.5,Medium,Low,P3,Open,Tier-1 SOC Analyst,Reconnaissance,Investigate suspicious activity
ALT-004497,181870,2026-07-26 20:44:48,100.0,Critical,Critical,P1,Open,Incident Response Team,Data Exfiltration,Immediately isolate the endpoint
ALT-003234,115144,2026-07-26 20:45:07,100.0,Critical,Critical,P1,Resolved,Incident Response Team,Malware Infection,Immediately isolate the endpoint
ALT-002335,82778,2026-07-26 20:45:33,100.0,Critical,Critical,P1,Open,Incident Response Team,Malware Infection,Immediately isolate the endpoint
ALT-000235,9492,2026-07-26 20:45:45,99.67,Critical,Critical,P1,Investigating,Incident Response Team,Data Exfiltration,Immediately isolate the endpoint
ALT-004279,167674,2026-07-26 20:46:04,99.43,Critical,Critical,P1,Investigating,Incident Response Team,Malware Infection,Immediately isolate the endpoint
ALT-003372,120554,2026-07-26 20:46:09,100.0,Critical,Critical,P1,Investigating,Incident Response Team,Malware Infection,Immediately isolate the endpoint
ALT-001296,47220,2026-07-26 20:46:46,58.12,High,Medium,P2,Resolved,Tier-2 SOC Analyst,Suspicious Login,Notify security team
ALT-000019,1780,2026-07-26 20:46:49,100.0,Critical,Critical,P1,Open,Incident Response Team,Ransomware,Immediately isolate the endpoint
ALT-001637,58819,2026-07-26 20:47:23,100.0,Critical,Critical,P1,Open,Incident Response Team,Malware Infection,Immediately isolate the endpoint
ALT-003889,146549,2026-07-26 20:47:26,62.22,High,Medium,P2,Open,Tier-2 SOC Analyst,Suspicious Login,Notify security team
ALT-003714,137607,2026-07-26 20:47:55,100.0,Critical,Critical,P1,Open,Incident Response Team,Ransomware,Immediately isolate the endpoint
ALT-000913,35090,2026-07-26 20:48:02,100.0,Critical,Critical,P1,Open,Incident Response Team,Privilege Escalation,Immediately isolate the endpoint
ALT-006140,238094,2026-07-26 20:49:14,99.99,Critical,Critical,P1,Open,Incident Response Team,Privilege Escalation,Immediately isolate the endpoint
ALT-003497,126474,2026-07-26 20:49:15,96.95,Critical,Critical,P1,Investigating,Incident Response Team,Data Exfiltration,Immediately isolate the endpoint
ALT-005544,217551,2026-07-26 20:49:22,98.79,Critical,Critical,P1,Resolved,Incident Response Team,Data Exfiltration,Immediately isolate the endpoint
ALT-004307,169612,2026-07-26 20:49:22,100.0,Critical,Critical,P1,Open,Incident Response Team,Ransomware,Immediately isolate the endpoint
ALT-005222,207276,2026-07-26 20:49:36,100.0,Critical,Critical,P1,Open,Incident Response Team,Ransomware,Immediately isolate the endpoint
ALT-004021,154638,2026-07-26 20:50:16,100.0,Critical,Critical,P1,Resolved,Incident Response Team,Privilege Escalation,Immediately isolate the endpoint
ALT-003775,139030,2026-07-26 20:50:25,34.84,Medium,Low,P3,Open,Tier-1 SOC Analyst,Port Scan,Investigate suspicious activity
ALT-003418,121713,2026-07-26 20:50:38,71.96,High,Medium,P2,Open,Tier-2 SOC Analyst,Brute Force Attack,Notify security team
ALT-002330,82773,2026-07-26 20:50:52,100.0,Critical,Critical,P1,Open,Incident Response Team,Data Exfiltration,Immediately isolate the endpoint
ALT-005500,216234,2026-07-26 20:51:22,99.42,Critical,Critical,P1,Open,Incident Response Team,Malware Infection,Immediately isolate the endpoint
ALT-005735,229293,2026-07-26 20:51:29,38.85,Medium,Low,P3,Open,Tier-1 SOC Analyst,Reconnaissance,Investigate suspicious activity
ALT-000974,38871,2026-07-26 20:51:58,100.0,Critical,Critical,P1,Resolved,Incident Response Team,Malware Infection,Immediately isolate the endpoint
ALT-005382,212572,2026-07-26 20:52:13,20.96,Medium,Low,P3,Open,Tier-1 SOC Analyst,Abnormal Traffic,Investigate suspicious activity
ALT-005371,212516,2026-07-26 20:52:20,20.81,Medium,Low,P3,Open,Tier-1 SOC Analyst,Policy Violation,Investigate suspicious activity
ALT-003380,120562,2026-07-26 20:53:02,100.0,Critical,Critical,P1,Open,Incident Response Team,Ransomware,Immediately isolate the endpoint
ALT-001847,63367,2026-07-26 20:53:08,99.85,Critical,Critical,P1,Open,Incident Response Team,Data Exfiltration,Immediately isolate the endpoint
ALT-000474,15588,2026-07-26 20:53:16,99.99,Critical,Critical,P1,Investigating,Incident Response Team,Malware Infection,Immediately isolate the endpoint
ALT-000446,15560,2026-07-26 20:54:00,100.0,Critical,Critical,P1,Investigating,Incident Response Team,Data Exfiltration,Immediately isolate the endpoint
ALT-005012,202891,2026-07-26 20:54:26,20.82,Medium,Low,P3,Investigating,Tier-1 SOC Analyst,Port Scan,Investigate suspicious activity
ALT-004058,156859,2026-07-26 20:54:50,100.0,Critical,Critical,P1,Open,Incident Response Team,Malware Infection,Immediately isolate the endpoint
ALT-001732,60618,2026-07-26 20:55:04,100.0,Critical,Critical,P1,Resolved,Incident Response Team,Ransomware,Immediately isolate the endpoint
ALT-004848,200988,2026-07-26 20:55:13,55.13,High,Medium,P2,Investigating,Tier-2 SOC Analyst,Brute Force Attack,Notify security team
ALT-001585,56191,2026-07-26 20:55:23,100.0,Critical,Critical,P1,Investigating,Incident Response Team,Data Exfiltration,Immediately isolate the endpoint
ALT-000946,37406,2026-07-26 20:55:35,100.0,Critical,Critical,P1,Open,Incident Response Team,Malware Infection,Immediately isolate the endpoint
ALT-005832,230814,2026-07-26 20:56:03,99.95,Critical,Critical,P1,Open,Incident Response Team,Data Exfiltration,Immediately isolate the endpoint
ALT-000694,27205,2026-07-26 20:56:04,100.0,Critical,Critical,P1,Open,Incident Response Team,Privilege Escalation,Immediately isolate the endpoint
ALT-005086,203446,2026-07-26 20:56:09,100.0,Critical,Critical,P1,Investigating,Incident Response Team,Privilege Escalation,Immediately isolate the endpoint
ALT-002365,83776,2026-07-26 20:56:29,46.98,Medium,Low,P3,Open,Tier-1 SOC Analyst,Abnormal Traffic,Investigate suspicious activity
ALT-001189,45468,2026-07-26 20:56:34,100.0,Critical,Critical,P1,Open,Incident Response Team,Privilege Escalation,Immediately isolate the endpoint
ALT-000322,11452,2026-07-26 20:56:45,99.94,Critical,Critical,P1,Investigating,Incident Response Team,Privilege Escalation,Immediately isolate the endpoint
ALT-005159,205597,2026-07-26 20:56:46,99.07,Critical,Critical,P1,Investigating,Incident Response Team,Data Exfiltration,Immediately isolate the endpoint
ALT-000891,34301,2026-07-26 20:56:58,100.0,Critical,Critical,P1,Resolved,Incident Response Team,Privilege Escalation,Immediately isolate the endpoint
ALT-000837,31063,2026-07-26 20:57:30,99.99,Critical,Critical,P1,Open,Incident Response Team,Privilege Escalation,Immediately isolate the endpoint
ALT-000156,5402,2026-07-26 20:58:02,100.0,Critical,Critical,P1,Investigating,Incident Response Team,Malware Infection,Immediately isolate the endpoint
ALT-004203,166163,2026-07-26 20:58:16,99.29,Critical,Critical,P1,Open,Incident Response Team,Data Exfiltration,Immediately isolate the endpoint
ALT-004388,176639,2026-07-26 20:58:19,100.0,Critical,Critical,P1,Open,Incident Response Team,Ransomware,Immediately isolate the endpoint
ALT-003765,137993,2026-07-26 20:58:23,99.62,Critical,Critical,P1,Open,Incident Response Team,Ransomware,Immediately isolate the endpoint
ALT-003282,117570,2026-07-26 20:58:38,99.82,Critical,Critical,P1,Open,Incident Response Team,Ransomware,Immediately isolate the endpoint
ALT-002141,74328,2026-07-26 20:58:39,100.0,Critical,Critical,P1,Open,Incident Response Team,Ransomware,Immediately isolate the endpoint
ALT-003870,142674,2026-07-26 20:59:05,100.0,Critical,Critical,P1,Investigating,Incident Response Team,Ransomware,Immediately isolate the endpoint
ALT-004742,193648,2026-07-26 20:59:06,100.0,Critical,Critical,P1,Open,Incident Response Team,Ransomware,Immediately isolate the endpoint
ALT-002634,92173,2026-07-26 20:59:08,100.0,Critical,Critical,P1,Investigating,Incident Response Team,Malware Infection,Immediately isolate the endpoint
ALT-002357,83768,2026-07-26 20:59:13,50.26,High,Medium,P2,Open,Tier-2 SOC Analyst,Network Intrusion,Notify security team
ALT-002019,67707,2026-07-26 20:59:23,33.04,Medium,Low,P3,Open,Tier-1 SOC Analyst,Abnormal Traffic,Investigate suspicious activity
ALT-002712,98270,2026-07-26 20:59:44,99.99,Critical,Critical,P1,Open,Incident Response Team,Privilege Escalation,Immediately isolate the endpoint
ALT-001822,62273,2026-07-26 20:59:56,99.13,Critical,Critical,P1,Open,Incident Response Team,Privilege Escalation,Immediately isolate the endpoint
ALT-000859,32751,2026-07-26 21:00:11,99.38,Critical,Critical,P1,Open,Incident Response Team,Data Exfiltration,Immediately isolate the endpoint
ALT-005928,232138,2026-07-26 21:00:30,100.0,Critical,Critical,P1,Open,Incident Response Team,Ransomware,Immediately isolate the endpoint
ALT-002429,84086,2026-07-26 21:00:43,100.0,Critical,Critical,P1,Open,Incident Response Team,Ransomware,Immediately isolate the endpoint
ALT-004784,199605,2026-07-26 21:01:31,100.0,Critical,Critical,P1,Open,Incident Response Team,Malware Infection,Immediately isolate the endpoint
ALT-004467,180541,2026-07-26 21:02:04,100.0,Critical,Critical,P1,Open,Incident Response Team,Data Exfiltration,Immediately isolate the endpoint
ALT-000549,20165,2026-07-26 21:03:02,100.0,Critical,Critical,P1,Resolved,Incident Response Team,Data Exfiltration,Immediately isolate the endpoint
ALT-003396,121276,2026-07-26 21:03:15,100.0,Critical,Critical,P1,Open,Incident Response Team,Privilege Escalation,Immediately isolate the endpoint
ALT-002947,108509,2026-07-26 21:03:18,24.54,Medium,Low,P3,Investigating,Tier-1 SOC Analyst,Abnormal Traffic,Investigate suspicious activity
ALT-000496,18968,2026-07-26 21:03:26,100.0,Critical,Critical,P1,Investigating,Incident Response Team,Ransomware,Immediately isolate the endpoint
ALT-000010,1771,2026-07-26 21:03:52,100.0,Critical,Critical,P1,Resolved,Incident Response Team,Malware Infection,Immediately isolate the endpoint
ALT-000562,20178,2026-07-26 21:04:04,100.0,Critical,Critical,P1,Investigating,Incident Response Team,Privilege Escalation,Immediately isolate the endpoint
ALT-001529,54828,2026-07-26 21:04:25,100.0,Critical,Critical,P1,Open,Incident Response Team,Ransomware,Immediately isolate the endpoint
ALT-005536,216608,2026-07-26 21:04:33,37.63,Medium,Low,P3,Investigating,Tier-1 SOC Analyst,Abnormal Traffic,Investigate suspicious activity
ALT-005098,204221,2026-07-26 21:04:39,100.0,Critical,Critical,P1,Investigating,Incident Response Team,Ransomware,Immediately isolate the endpoint
ALT-005424,213237,2026-07-26 21:04:40,100.0,Critical,Critical,P1,Open,Incident Response Team,Ransomware,Immediately isolate the endpoint
ALT-000683,27010,2026-07-26 21:05:20,100.0,Critical,Critical,P1,Open,Incident Response Team,Malware Infection,Immediately isolate the endpoint
ALT-004457,180531,2026-07-26 21:05:47,100.0,Critical,Critical,P1,Open,Incident Response Team,Data Exfiltration,Immediately isolate the endpoint
ALT-004731,191726,2026-07-26 21:05:50,100.0,Critical,Critical,P1,Investigating,Incident Response Team,Malware Infection,Immediately isolate the endpoint
ALT-001400,52554,2026-07-26 21:05:51,52.25,High,Medium,P2,Investigating,Tier-2 SOC Analyst,Suspicious Login,Notify security team
ALT-002724,98282,2026-07-26 21:06:21,100.0,Critical,Critical,P1,Open,Incident Response Team,Data Exfiltration,Immediately isolate the endpoint
ALT-005732,229290,2026-07-26 21:06:25,28.8,Medium,Low,P3,Open,Tier-1 SOC Analyst,Port Scan,Investigate suspicious activity
ALT-002583,91355,2026-07-26 21:06:39,100.0,Critical,Critical,P1,Open,Incident Response Team,Ransomware,Immediately isolate the endpoint
ALT-002077,70493,2026-07-26 21:06:44,100.0,Critical,Critical,P1,Open,Incident Response Team,Privilege Escalation,Immediately isolate the endpoint
ALT-000179,5716,2026-07-26 21:07:08,99.97,Critical,Critical,P1,Resolved,Incident Response Team,Data Exfiltration,Immediately isolate the endpoint
ALT-004686,189096,2026-07-26 21:07:17,100.0,Critical,Critical,P1,Open,Incident Response Team,Ransomware,Immediately isolate the endpoint
ALT-001945,65957,2026-07-26 21:07:22,100.0,Critical,Critical,P1,Open,Incident Response Team,Ransomware,Immediately isolate the endpoint
ALT-000756,28161,2026-07-26 21:07:31,97.89,Critical,Critical,P1,Open,Incident Response Team,Ransomware,Immediately isolate the endpoint
ALT-005726,229284,2026-07-26 21:07:53,32.92,Medium,Low,P3,Investigating,Tier-1 SOC Analyst,Reconnaissance,Investigate suspicious activity
ALT-000696,27207,2026-07-26 21:08:27,100.0,Critical,Critical,P1,Open,Incident Response Team,Privilege Escalation,Immediately isolate the endpoint
ALT-004362,174247,2026-07-26 21:08:39,100.0,Critical,Critical,P1,Investigating,Incident Response Team,Malware Infection,Immediately isolate the endpoint
ALT-002413,84070,2026-07-26 21:08:56,100.0,Critical,Critical,P1,Open,Incident Response Team,Malware Infection,Immediately isolate the endpoint
ALT-002918,105812,2026-07-26 21:09:10,99.99,Critical,Critical,P1,Open,Incident Response Team,Ransomware,Immediately isolate the endpoint
ALT-003053,110860,2026-07-26 21:09:27,100.0,Critical,Critical,P1,Open,Incident Response Team,Privilege Escalation,Immediately isolate the endpoint
ALT-001873,63870,2026-07-26 21:09:31,22.18,Medium,Low,P3,Open,Tier-1 SOC Analyst,Port Scan,Investigate suspicious activity
ALT-004435,177899,2026-07-26 21:09:44,93.99,Critical,Critical,P1,Open,Incident Response Team,Data Exfiltration,Immediately isolate the endpoint
ALT-002467,85092,2026-07-26 21:10:01,100.0,Critical,Critical,P1,Resolved,Incident Response Team,Data Exfiltration,Immediately isolate the endpoint
ALT-003331,119224,2026-07-26 21:10:10,99.94,Critical,Critical,P1,Investigating,Incident Response Team,Ransomware,Immediately isolate the endpoint
ALT-005474,214403,2026-07-26 21:10:36,100.0,Critical,Critical,P1,Resolved,Incident Response Team,Privilege Escalation,Immediately isolate the endpoint
ALT-001517,54546,2026-07-26 21:10:37,100.0,Critical,Critical,P1,Open,Incident Response Team,Privilege Escalation,Immediately isolate the endpoint
ALT-004559,182823,2026-07-26 21:10:37,49.4,Medium,Low,P3,Resolved,Tier-1 SOC Analyst,Port Scan,Investigate suspicious activity
ALT-002943,108504,2026-07-26 21:10:39,22.1,Medium,Low,P3,Open,Tier-1 SOC Analyst,Port Scan,Investigate suspicious activity
ALT-004301,167696,2026-07-26 21:11:05,99.95,Critical,Critical,P1,Open,Incident Response Team,Privilege Escalation,Immediately isolate the endpoint
ALT-005083,203443,2026-07-26 21:11:16,100.0,Critical,Critical,P1,Open,Incident Response Team,Privilege Escalation,Immediately isolate the endpoint
ALT-005638,223721,2026-07-26 21:12:56,99.6,Critical,Critical,P1,Open,Incident Response Team,Privilege Escalation,Immediately isolate the endpoint
ALT-003370,120552,2026-07-26 21:13:00,100.0,Critical,Critical,P1,Investigating,Incident Response Team,Privilege Escalation,Immediately isolate the endpoint
ALT-005649,225041,2026-07-26 21:13:20,100.0,Critical,Critical,P1,Open,Incident Response Team,Data Exfiltration,Immediately isolate the endpoint
ALT-001473,53801,2026-07-26 21:13:28,29.6,Medium,Low,P3,Open,Tier-1 SOC Analyst,Port Scan,Investigate suspicious activity
ALT-001231,45993,2026-07-26 21:13:32,99.97,Critical,Critical,P1,Investigating,Incident Response Team,Ransomware,Immediately isolate the endpoint
ALT-000615,24918,2026-07-26 21:13:54,100.0,Critical,Critical,P1,Open,Incident Response Team,Ransomware,Immediately isolate the endpoint
ALT-005744,229302,2026-07-26 21:13:55,40.26,Medium,Low,P3,Open,Tier-1 SOC Analyst,Abnormal Traffic,Investigate suspicious activity
ALT-002315,82758,2026-07-26 21:14:16,100.0,Critical,Critical,P1,Open,Incident Response Team,Malware Infection,Immediately isolate the endpoint
ALT-003211,114581,2026-07-26 21:14:26,98.33,Critical,Critical,P1,Investigating,Incident Response Team,Privilege Escalation,Immediately isolate the endpoint
ALT-004882,201423,2026-07-26 21:15:02,22.96,Medium,Low,P3,Investigating,Tier-1 SOC Analyst,Reconnaissance,Investigate suspicious activity
ALT-002421,84078,2026-07-26 21:15:22,100.0,Critical,Critical,P1,Open,Incident Response Team,Malware Infection,Immediately isolate the endpoint
ALT-003090,111867,2026-07-26 21:15:44,24.22,Medium,Low,P3,Open,Tier-1 SOC Analyst,Port Scan,Investigate suspicious activity
ALT-001969,66036,2026-07-26 21:16:46,85.87,Critical,Critical,P1,Open,Incident Response Team,Malware Infection,Immediately isolate the endpoint
ALT-003655,136398,2026-07-26 21:16:53,100.0,Critical,Critical,P1,Investigating,Incident Response Team,Data Exfiltration,Immediately isolate the endpoint
ALT-002955,108521,2026-07-26 21:17:07,23.77,Medium,Low,P3,Open,Tier-1 SOC Analyst,Reconnaissance,Investigate suspicious activity
ALT-000396,13769,2026-07-26 21:17:14,25.27,Medium,Low,P3,Open,Tier-1 SOC Analyst,Policy Violation,Investigate suspicious activity
ALT-005855,231195,2026-07-26 21:17:24,100.0,Critical,Critical,P1,Open,Incident Response Team,Ransomware,Immediately isolate the endpoint
ALT-004030,154647,2026-07-26 21:18:07,100.0,Critical,Critical,P1,Open,Incident Response Team,Ransomware,Immediately isolate the endpoint
ALT-002832,103802,2026-07-26 21:18:23,100.0,Critical,Critical,P1,Open,Incident Response Team,Privilege Escalation,Immediately isolate the endpoint
ALT-001946,65958,2026-07-26 21:18:26,100.0,Critical,Critical,P1,Investigating,Incident Response Team,Privilege Escalation,Immediately isolate the endpoint
ALT-004812,199633,2026-07-26 21:18:57,100.0,Critical,Critical,P1,Open,Incident Response Team,Data Exfiltration,Immediately isolate the endpoint
ALT-003584,130597,2026-07-26 21:18:58,100.0,Critical,Critical,P1,Open,Incident Response Team,Ransomware,Immediately isolate the endpoint
ALT-005662,225177,2026-07-26 21:19:17,100.0,Critical,Critical,P1,Investigating,Incident Response Team,Malware Infection,Immediately isolate the endpoint
ALT-002306,81736,2026-07-26 21:19:17,100.0,Critical,Critical,P1,Investigating,Incident Response Team,Malware Infection,Immediately isolate the endpoint
ALT-002110,70773,2026-07-26 21:19:21,100.0,Critical,Critical,P1,Open,Incident Response Team,Ransomware,Immediately isolate the endpoint
ALT-001121,44840,2026-07-26 21:19:21,41.14,Medium,Low,P3,Open,Tier-1 SOC Analyst,Abnormal Traffic,Investigate suspicious activity
ALT-001043,41909,2026-07-26 21:19:53,100.0,Critical,Critical,P1,Open,Incident Response Team,Privilege Escalation,Immediately isolate the endpoint
ALT-005573,218199,2026-07-26 21:20:04,99.97,Critical,Critical,P1,Resolved,Incident Response Team,Privilege Escalation,Immediately isolate the endpoint
ALT-003089,111866,2026-07-26 21:20:15,23.94,Medium,Low,P3,Open,Tier-1 SOC Analyst,Reconnaissance,Investigate suspicious activity
ALT-005867,231207,2026-07-26 21:20:15,100.0,Critical,Critical,P1,Resolved,Incident Response Team,Malware Infection,Immediately isolate the endpoint
ALT-001194,45473,2026-07-26 21:20:46,100.0,Critical,Critical,P1,Investigating,Incident Response Team,Malware Infection,Immediately isolate the endpoint
ALT-005838,230820,2026-07-26 21:20:54,99.95,Critical,Critical,P1,Open,Incident Response Team,Data Exfiltration,Immediately isolate the endpoint
ALT-004347,174232,2026-07-26 21:20:59,100.0,Critical,Critical,P1,Open,Incident Response Team,Malware Infection,Immediately isolate the endpoint
ALT-002254,78466,2026-07-26 21:21:02,38.03,Medium,Low,P3,Open,Tier-1 SOC Analyst,Abnormal Traffic,Investigate suspicious activity
ALT-002825,103427,2026-07-26 21:21:53,100.0,Critical,Critical,P1,Open,Incident Response Team,Privilege Escalation,Immediately isolate the endpoint
ALT-005571,218197,2026-07-26 21:22:13,99.96,Critical,Critical,P1,Open,Incident Response Team,Data Exfiltration,Immediately isolate the endpoint
ALT-004662,186610,2026-07-26 21:22:43,52.11,High,Medium,P2,Investigating,Tier-2 SOC Analyst,Suspicious Login,Notify security team
ALT-001620,57506,2026-07-26 21:22:58,100.0,Critical,Critical,P1,Resolved,Incident Response Team,Malware Infection,Immediately isolate the endpoint
ALT-005670,225185,2026-07-26 21:22:59,100.0,Critical,Critical,P1,Open,Incident Response Team,Privilege Escalation,Immediately isolate the endpoint
ALT-002446,85071,2026-07-26 21:23:01,100.0,Critical,Critical,P1,Investigating,Incident Response Team,Malware Infection,Immediately isolate the endpoint
ALT-001397,52551,2026-07-26 21:23:09,48.4,Medium,Low,P3,Open,Tier-1 SOC Analyst,Abnormal Traffic,Investigate suspicious activity
ALT-000640,26263,2026-07-26 21:23:12,100.0,Critical,Critical,P1,Open,Incident Response Team,Data Exfiltration,Immediately isolate the endpoint
ALT-000591,21701,2026-07-26 21:23:23,100.0,Critical,Critical,P1,Open,Incident Response Team,Privilege Escalation,Immediately isolate the endpoint
ALT-002003,67691,2026-07-26 21:23:28,30.05,Medium,Low,P3,Investigating,Tier-1 SOC Analyst,Policy Violation,Investigate suspicious activity
ALT-004073,156874,2026-07-26 21:23:32,100.0,Critical,Critical,P1,Resolved,Incident Response Team,Malware Infection,Immediately isolate the endpoint
ALT-004156,159375,2026-07-26 21:24:00,100.0,Critical,Critical,P1,Investigating,Incident Response Team,Privilege Escalation,Immediately isolate the endpoint
ALT-005641,225033,2026-07-26 21:24:04,100.0,Critical,Critical,P1,Open,Incident Response Team,Ransomware,Immediately isolate the endpoint
ALT-002423,84080,2026-07-26 21:24:20,100.0,Critical,Critical,P1,Open,Incident Response Team,Malware Infection,Immediately isolate the endpoint
ALT-002551,90716,2026-07-26 21:24:23,100.0,Critical,Critical,P1,Open,Incident Response Team,Data Exfiltration,Immediately isolate the endpoint
ALT-004641,186290,2026-07-26 21:24:44,100.0,Critical,Critical,P1,Open,Incident Response Team,Malware Infection,Immediately isolate the endpoint
ALT-000660,26283,2026-07-26 21:24:46,100.0,Critical,Critical,P1,Investigating,Incident Response Team,Malware Infection,Immediately isolate the endpoint
ALT-001849,63369,2026-07-26 21:25:00,100.0,Critical,Critical,P1,Investigating,Incident Response Team,Privilege Escalation,Immediately isolate the endpoint
ALT-005190,206017,2026-07-26 21:25:10,100.0,Critical,Critical,P1,Investigating,Incident Response Team,Privilege Escalation,Immediately isolate the endpoint
ALT-003297,118038,2026-07-26 21:25:11,100.0,Critical,Critical,P1,Open,Incident Response Team,Data Exfiltration,Immediately isolate the endpoint
ALT-005008,202887,2026-07-26 21:25:23,20.69,Medium,Low,P3,Open,Tier-1 SOC Analyst,Port Scan,Investigate suspicious activity
ALT-002589,91542,2026-07-26 21:25:23,99.99,Critical,Critical,P1,Open,Incident Response Team,Malware Infection,Immediately isolate the endpoint
ALT-004299,167694,2026-07-26 21:25:24,99.99,Critical,Critical,P1,Open,Incident Response Team,Data Exfiltration,Immediately isolate the endpoint
ALT-005661,225176,2026-07-26 21:25:43,100.0,Critical,Critical,P1,Open,Incident Response Team,Malware Infection,Immediately isolate the endpoint
ALT-001016,40472,2026-07-26 21:25:58,100.0,Critical,Critical,P1,Investigating,Incident Response Team,Data Exfiltration,Immediately isolate the endpoint
ALT-005360,211009,2026-07-26 21:26:22,30.41,Medium,Low,P3,Investigating,Tier-1 SOC Analyst,Reconnaissance,Investigate suspicious activity
ALT-005918,232128,2026-07-26 21:26:25,100.0,Critical,Critical,P1,Open,Incident Response Team,Data Exfiltration,Immediately isolate the endpoint
ALT-005011,202890,2026-07-26 21:26:30,24.37,Medium,Low,P3,Open,Tier-1 SOC Analyst,Policy Violation,Investigate suspicious activity
ALT-004645,186294,2026-07-26 21:26:40,100.0,Critical,Critical,P1,Open,Incident Response Team,Ransomware,Immediately isolate the endpoint
ALT-005651,225043,2026-07-26 21:26:51,100.0,Critical,Critical,P1,Open,Incident Response Team,Privilege Escalation,Immediately isolate the endpoint
ALT-004647,186296,2026-07-26 21:27:14,99.98,Critical,Critical,P1,Investigating,Incident Response Team,Ransomware,Immediately isolate the endpoint
ALT-001964,66031,2026-07-26 21:27:20,59.71,High,Medium,P2,Open,Tier-2 SOC Analyst,Network Intrusion,Notify security team
ALT-000601,24904,2026-07-26 21:27:30,100.0,Critical,Critical,P1,Open,Incident Response Team,Ransomware,Immediately isolate the endpoint
ALT-001135,44854,2026-07-26 21:27:35,34.91,Medium,Low,P3,Open,Tier-1 SOC Analyst,Port Scan,Investigate suspicious activity
ALT-002436,85061,2026-07-26 21:27:49,100.0,Critical,Critical,P1,Investigating,Incident Response Team,Malware Infection,Immediately isolate the endpoint
ALT-002200,76216,2026-07-26 21:28:06,99.96,Critical,Critical,P1,Open,Incident Response Team,Data Exfiltration,Immediately isolate the endpoint
ALT-003186,114389,2026-07-26 21:28:48,100.0,Critical,Critical,P1,Open,Incident Response Team,Data Exfiltration,Immediately isolate the endpoint
ALT-004615,185268,2026-07-26 21:28:58,100.0,Critical,Critical,P1,Open,Incident Response Team,Malware Infection,Immediately isolate the endpoint
ALT-000934,37394,2026-07-26 21:28:58,100.0,Critical,Critical,P1,Investigating,Incident Response Team,Privilege Escalation,Immediately isolate the endpoint
ALT-002655,95377,2026-07-26 21:29:07,23.07,Medium,Low,P3,Resolved,Tier-1 SOC Analyst,Port Scan,Investigate suspicious activity
ALT-000757,28162,2026-07-26 21:29:16,97.51,Critical,Critical,P1,Open,Incident Response Team,Malware Infection,Immediately isolate the endpoint
ALT-001489,53831,2026-07-26 21:29:21,49.42,Medium,Low,P3,Investigating,Tier-1 SOC Analyst,Abnormal Traffic,Investigate suspicious activity
ALT-001417,52841,2026-07-26 21:29:37,53.5,High,Medium,P2,Resolved,Tier-2 SOC Analyst,Suspicious Login,Notify security team
ALT-005781,229989,2026-07-26 21:30:09,100.0,Critical,Critical,P1,Resolved,Incident Response Team,Privilege Escalation,Immediately isolate the endpoint
ALT-005931,232141,2026-07-26 21:30:12,99.98,Critical,Critical,P1,Investigating,Incident Response Team,Data Exfiltration,Immediately isolate the endpoint
ALT-003816,140916,2026-07-26 21:30:34,99.94,Critical,Critical,P1,Investigating,Incident Response Team,Malware Infection,Immediately isolate the endpoint
ALT-003044,109497,2026-07-26 21:30:44,100.0,Critical,Critical,P1,Open,Incident Response Team,Privilege Escalation,Immediately isolate the endpoint
ALT-000274,10062,2026-07-26 21:30:50,100.0,Critical,Critical,P1,Investigating,Incident Response Team,Ransomware,Immediately isolate the endpoint
ALT-004869,201009,2026-07-26 21:31:30,60.21,High,Medium,P2,Open,Tier-2 SOC Analyst,Brute Force Attack,Notify security team
ALT-001639,58821,2026-07-26 21:31:32,100.0,Critical,Critical,P1,Investigating,Incident Response Team,Privilege Escalation,Immediately isolate the endpoint
ALT-000037,2379,2026-07-26 21:31:40,98.06,Critical,Critical,P1,Open,Incident Response Team,Data Exfiltration,Immediately isolate the endpoint
ALT-004687,189097,2026-07-26 21:31:45,100.0,Critical,Critical,P1,Investigating,Incident Response Team,Data Exfiltration,Immediately isolate the endpoint
ALT-000927,35104,2026-07-26 21:32:09,100.0,Critical,Critical,P1,Investigating,Incident Response Team,Ransomware,Immediately isolate the endpoint
ALT-004295,167690,2026-07-26 21:32:11,99.98,Critical,Critical,P1,Open,Incident Response Team,Ransomware,Immediately isolate the endpoint
ALT-004211,166171,2026-07-26 21:32:21,99.3,Critical,Critical,P1,Investigating,Incident Response Team,Privilege Escalation,Immediately isolate the endpoint
ALT-004391,176642,2026-07-26 21:32:34,100.0,Critical,Critical,P1,Open,Incident Response Team,Data Exfiltration,Immediately isolate the endpoint
ALT-004348,174233,2026-07-26 21:32:36,100.0,Critical,Critical,P1,Investigating,Incident Response Team,Ransomware,Immediately isolate the endpoint
ALT-003117,112196,2026-07-26 21:33:06,31.26,Medium,Low,P3,Open,Tier-1 SOC Analyst,Abnormal Traffic,Investigate suspicious activity
ALT-006125,236137,2026-07-26 21:33:21,24.58,Medium,Low,P3,Open,Tier-1 SOC Analyst,Reconnaissance,Investigate suspicious activity
ALT-001609,57495,2026-07-26 21:33:32,100.0,Critical,Critical,P1,Resolved,Incident Response Team,Privilege Escalation,Immediately isolate the endpoint
ALT-000584,21694,2026-07-26 21:33:41,100.0,Critical,Critical,P1,Open,Incident Response Team,Malware Infection,Immediately isolate the endpoint
ALT-001432,52856,2026-07-26 21:34:11,49.4,Medium,Low,P3,Investigating,Tier-1 SOC Analyst,Reconnaissance,Investigate suspicious activity
ALT-000864,32756,2026-07-26 21:34:29,100.0,Critical,Critical,P1,Open,Incident Response Team,Ransomware,Immediately isolate the endpoint
ALT-000863,32755,2026-07-26 21:34:31,100.0,Critical,Critical,P1,Open,Incident Response Team,Data Exfiltration,Immediately isolate the endpoint
ALT-004384,176635,2026-07-26 21:34:34,100.0,Critical,Critical,P1,Open,Incident Response Team,Ransomware,Immediately isolate the endpoint
ALT-001472,53800,2026-07-26 21:34:45,58.71,High,Medium,P2,Open,Tier-2 SOC Analyst,Network Intrusion,Notify security team
ALT-004518,182722,2026-07-26 21:34:56,47.32,Medium,Low,P3,Open,Tier-1 SOC Analyst,Port Scan,Investigate suspicious activity
ALT-003669,136412,2026-07-26 21:35:28,100.0,Critical,Critical,P1,Open,Incident Response Team,Malware Infection,Immediately isolate the endpoint
ALT-002195,76211,2026-07-26 21:35:33,100.0,Critical,Critical,P1,Open,Incident Response Team,Ransomware,Immediately isolate the endpoint
ALT-001781,61160,2026-07-26 21:35:45,100.0,Critical,Critical,P1,Open,Incident Response Team,Data Exfiltration,Immediately isolate the endpoint
ALT-001616,57502,2026-07-26 21:36:13,100.0,Critical,Critical,P1,Resolved,Incident Response Team,Data Exfiltration,Immediately isolate the endpoint
ALT-002868,104011,2026-07-26 21:36:21,100.0,Critical,Critical,P1,Resolved,Incident Response Team,Ransomware,Immediately isolate the endpoint
ALT-004735,191730,2026-07-26 21:36:26,100.0,Critical,Critical,P1,Open,Incident Response Team,Ransomware,Immediately isolate the endpoint
ALT-004718,191130,2026-07-26 21:36:32,21.6,Medium,Low,P3,Investigating,Tier-1 SOC Analyst,Abnormal Traffic,Investigate suspicious activity
ALT-006055,234102,2026-07-26 21:36:53,100.0,Critical,Critical,P1,Open,Incident Response Team,Privilege Escalation,Immediately isolate the endpoint
ALT-000825,31051,2026-07-26 21:37:20,100.0,Critical,Critical,P1,Investigating,Incident Response Team,Ransomware,Immediately isolate the endpoint
ALT-006137,238091,2026-07-26 21:37:29,99.99,Critical,Critical,P1,Investigating,Incident Response Team,Privilege Escalation,Immediately isolate the endpoint
ALT-002434,85059,2026-07-26 21:37:43,100.0,Critical,Critical,P1,Resolved,Incident Response Team,Malware Infection,Immediately isolate the endpoint
ALT-001690,60026,2026-07-26 21:37:47,100.0,Critical,Critical,P1,Open,Incident Response Team,Privilege Escalation,Immediately isolate the endpoint
ALT-005685,225200,2026-07-26 21:38:12,100.0,Critical,Critical,P1,Investigating,Incident Response Team,Ransomware,Immediately isolate the endpoint
ALT-005147,205585,2026-07-26 21:38:32,99.02,Critical,Critical,P1,Open,Incident Response Team,Malware Infection,Immediately isolate the endpoint
ALT-001962,66029,2026-07-26 21:38:41,61.17,High,Medium,P2,Resolved,Tier-2 SOC Analyst,Unauthorized Access,Notify security team
ALT-003638,135891,2026-07-26 21:38:47,100.0,Critical,Critical,P1,Open,Incident Response Team,Privilege Escalation,Immediately isolate the endpoint
ALT-002769,99596,2026-07-26 21:39:48,49.36,Medium,Low,P3,Investigating,Tier-1 SOC Analyst,Abnormal Traffic,Investigate suspicious activity
ALT-004934,201969,2026-07-26 21:40:18,100.0,Critical,Critical,P1,Investigating,Incident Response Team,Data Exfiltration,Immediately isolate the endpoint
ALT-004214,166174,2026-07-26 21:40:36,99.01,Critical,Critical,P1,Investigating,Incident Response Team,Malware Infection,Immediately isolate the endpoint
ALT-000248,9913,2026-07-26 21:40:37,57.85,High,Medium,P2,Open,Tier-2 SOC Analyst,Suspicious Login,Notify security team
ALT-006164,238118,2026-07-26 21:40:42,99.99,Critical,Critical,P1,Resolved,Incident Response Team,Privilege Escalation,Immediately isolate the endpoint
ALT-000872,32764,2026-07-26 21:40:45,100.0,Critical,Critical,P1,Open,Incident Response Team,Ransomware,Immediately isolate the endpoint
ALT-004631,185981,2026-07-26 21:40:47,21.66,Medium,Low,P3,Investigating,Tier-1 SOC Analyst,Policy Violation,Investigate suspicious activity
ALT-006099,235243,2026-07-26 21:40:57,100.0,Critical,Critical,P1,Open,Incident Response Team,Ransomware,Immediately isolate the endpoint
ALT-001510,54539,2026-07-26 21:42:04,100.0,Critical,Critical,P1,Open,Incident Response Team,Privilege Escalation,Immediately isolate the endpoint
ALT-005792,230000,2026-07-26 21:42:09,100.0,Critical,Critical,P1,Open,Incident Response Team,Malware Infection,Immediately isolate the endpoint
ALT-004661,186609,2026-07-26 21:42:14,52.62,High,Medium,P2,Open,Tier-2 SOC Analyst,Unauthorized Access,Notify security team
ALT-002980,108734,2026-07-26 21:42:25,100.0,Critical,Critical,P1,Open,Incident Response Team,Ransomware,Immediately isolate the endpoint
ALT-003452,123153,2026-07-26 21:42:30,98.01,Critical,Critical,P1,Open,Incident Response Team,Malware Infection,Immediately isolate the endpoint
ALT-000807,30526,2026-07-26 21:42:46,100.0,Critical,Critical,P1,Open,Incident Response Team,Privilege Escalation,Immediately isolate the endpoint
ALT-005139,205577,2026-07-26 21:42:48,99.12,Critical,Critical,P1,Investigating,Incident Response Team,Privilege Escalation,Immediately isolate the endpoint
ALT-003630,135883,2026-07-26 21:42:48,99.54,Critical,Critical,P1,Investigating,Incident Response Team,Ransomware,Immediately isolate the endpoint
ALT-001879,63876,2026-07-26 21:42:54,26.9,Medium,Low,P3,Open,Tier-1 SOC Analyst,Policy Violation,Investigate suspicious activity
ALT-005435,213248,2026-07-26 21:43:34,100.0,Critical,Critical,P1,Open,Incident Response Team,Malware Infection,Immediately isolate the endpoint
ALT-002316,82759,2026-07-26 21:43:43,100.0,Critical,Critical,P1,Open,Incident Response Team,Privilege Escalation,Immediately isolate the endpoint
ALT-004292,167687,2026-07-26 21:43:46,99.97,Critical,Critical,P1,Open,Incident Response Team,Ransomware,Immediately isolate the endpoint
ALT-000064,2406,2026-07-26 21:43:48,99.67,Critical,Critical,P1,Investigating,Incident Response Team,Privilege Escalation,Immediately isolate the endpoint
ALT-001567,55937,2026-07-26 21:43:56,100.0,Critical,Critical,P1,Investigating,Incident Response Team,Ransomware,Immediately isolate the endpoint
ALT-000444,15558,2026-07-26 21:44:17,100.0,Critical,Critical,P1,Open,Incident Response Team,Privilege Escalation,Immediately isolate the endpoint
ALT-000194,5731,2026-07-26 21:44:21,100.0,Critical,Critical,P1,Open,Incident Response Team,Ransomware,Immediately isolate the endpoint
ALT-002992,108746,2026-07-26 21:44:24,100.0,Critical,Critical,P1,Open,Incident Response Team,Privilege Escalation,Immediately isolate the endpoint
ALT-003727,137620,2026-07-26 21:44:40,76.16,High,Medium,P2,Investigating,Tier-2 SOC Analyst,Unauthorized Access,Notify security team
ALT-000860,32752,2026-07-26 21:44:47,99.35,Critical,Critical,P1,Resolved,Incident Response Team,Ransomware,Immediately isolate the endpoint
ALT-000164,5410,2026-07-26 21:44:48,100.0,Critical,Critical,P1,Open,Incident Response Team,Ransomware,Immediately isolate the endpoint
ALT-003582,130595,2026-07-26 21:44:50,100.0,Critical,Critical,P1,Open,Incident Response Team,Data Exfiltration,Immediately isolate the endpoint
ALT-002075,70491,2026-07-26 21:45:04,100.0,Critical,Critical,P1,Investigating,Incident Response Team,Ransomware,Immediately isolate the endpoint
ALT-001539,54838,2026-07-26 21:45:06,100.0,Critical,Critical,P1,Resolved,Incident Response Team,Privilege Escalation,Immediately isolate the endpoint
ALT-002928,107958,2026-07-26 21:45:35,100.0,Critical,Critical,P1,Open,Incident Response Team,Privilege Escalation,Immediately isolate the endpoint
ALT-002270,81700,2026-07-26 21:45:52,99.06,Critical,Critical,P1,Open,Incident Response Team,Malware Infection,Immediately isolate the endpoint
ALT-000150,4887,2026-07-26 21:46:08,78.59,High,Medium,P2,Open,Tier-2 SOC Analyst,Brute Force Attack,Notify security team
ALT-005180,205794,2026-07-26 21:46:18,99.94,Critical,Critical,P1,Open,Incident Response Team,Privilege Escalation,Immediately isolate the endpoint
ALT-001701,60037,2026-07-26 21:46:25,100.0,Critical,Critical,P1,Open,Incident Response Team,Ransomware,Immediately isolate the endpoint
ALT-000978,38875,2026-07-26 21:46:29,100.0,Critical,Critical,P1,Open,Incident Response Team,Malware Infection,Immediately isolate the endpoint
ALT-001871,63868,2026-07-26 21:46:36,24.6,Medium,Low,P3,Open,Tier-1 SOC Analyst,Abnormal Traffic,Investigate suspicious activity
ALT-000808,30527,2026-07-26 21:46:39,100.0,Critical,Critical,P1,Open,Incident Response Team,Privilege Escalation,Immediately isolate the endpoint
ALT-005241,207295,2026-07-26 21:46:44,100.0,Critical,Critical,P1,Investigating,Incident Response Team,Data Exfiltration,Immediately isolate the endpoint
ALT-005238,207292,2026-07-26 21:46:46,100.0,Critical,Critical,P1,Open,Incident Response Team,Privilege Escalation,Immediately isolate the endpoint
ALT-002661,96168,2026-07-26 21:46:46,100.0,Critical,Critical,P1,Open,Incident Response Team,Ransomware,Immediately isolate the endpoint
ALT-001244,46342,2026-07-26 21:47:06,39.7,Medium,Low,P3,Open,Tier-1 SOC Analyst,Port Scan,Investigate suspicious activity
ALT-000343,13146,2026-07-26 21:47:10,100.0,Critical,Critical,P1,Open,Incident Response Team,Data Exfiltration,Immediately isolate the endpoint
ALT-000933,37393,2026-07-26 21:47:13,100.0,Critical,Critical,P1,Resolved,Incident Response Team,Ransomware,Immediately isolate the endpoint
ALT-001313,49249,2026-07-26 21:47:20,99.84,Critical,Critical,P1,Open,Incident Response Team,Privilege Escalation,Immediately isolate the endpoint
ALT-005466,214395,2026-07-26 21:47:24,100.0,Critical,Critical,P1,Open,Incident Response Team,Ransomware,Immediately isolate the endpoint
ALT-005989,233154,2026-07-26 21:47:37,100.0,Critical,Critical,P1,Investigating,Incident Response Team,Data Exfiltration,Immediately isolate the endpoint
ALT-002497,85833,2026-07-26 21:48:40,100.0,Critical,Critical,P1,Open,Incident Response Team,Privilege Escalation,Immediately isolate the endpoint
ALT-001852,63372,2026-07-26 21:48:41,100.0,Critical,Critical,P1,Resolved,Incident Response Team,Malware Infection,Immediately isolate the endpoint
ALT-005261,208187,2026-07-26 21:48:49,100.0,Critical,Critical,P1,Open,Incident Response Team,Privilege Escalation,Immediately isolate the endpoint
ALT-002314,82757,2026-07-26 21:48:54,100.0,Critical,Critical,P1,Open,Incident Response Team,Ransomware,Immediately isolate the endpoint
ALT-001319,49255,2026-07-26 21:49:04,100.0,Critical,Critical,P1,Open,Incident Response Team,Malware Infection,Immediately isolate the endpoint
ALT-005913,232123,2026-07-26 21:49:08,100.0,Critical,Critical,P1,Open,Incident Response Team,Ransomware,Immediately isolate the endpoint
ALT-000348,13151,2026-07-26 21:49:16,100.0,Critical,Critical,P1,Investigating,Incident Response Team,Privilege Escalation,Immediately isolate the endpoint
ALT-000612,24915,2026-07-26 21:49:22,100.0,Critical,Critical,P1,Investigating,Incident Response Team,Data Exfiltration,Immediately isolate the endpoint
ALT-002867,104010,2026-07-26 21:49:51,100.0,Critical,Critical,P1,Open,Incident Response Team,Privilege Escalation,Immediately isolate the endpoint
ALT-000328,11458,2026-07-26 21:50:04,99.96,Critical,Critical,P1,Open,Incident Response Team,Malware Infection,Immediately isolate the endpoint
ALT-002701,98125,2026-07-26 21:50:50,100.0,Critical,Critical,P1,Investigating,Incident Response Team,Data Exfiltration,Immediately isolate the endpoint
ALT-001994,66999,2026-07-26 21:50:51,99.94,Critical,Critical,P1,Resolved,Incident Response Team,Ransomware,Immediately isolate the endpoint
ALT-003753,137981,2026-07-26 21:50:51,99.7,Critical,Critical,P1,Open,Incident Response Team,Malware Infection,Immediately isolate the endpoint
ALT-002311,82754,2026-07-26 21:50:53,100.0,Critical,Critical,P1,Open,Incident Response Team,Malware Infection,Immediately isolate the endpoint
ALT-002455,85080,2026-07-26 21:51:10,100.0,Critical,Critical,P1,Open,Incident Response Team,Privilege Escalation,Immediately isolate the endpoint
ALT-002039,69538,2026-07-26 21:51:17,100.0,Critical,Critical,P1,Investigating,Incident Response Team,Ransomware,Immediately isolate the endpoint
ALT-002037,69536,2026-07-26 21:51:32,100.0,Critical,Critical,P1,Open,Incident Response Team,Data Exfiltration,Immediately isolate the endpoint
ALT-002936,107966,2026-07-26 21:51:40,100.0,Critical,Critical,P1,Open,Incident Response Team,Ransomware,Immediately isolate the endpoint
ALT-004483,181856,2026-07-26 21:51:44,100.0,Critical,Critical,P1,Investigating,Incident Response Team,Data Exfiltration,Immediately isolate the endpoint
ALT-002930,107960,2026-07-26 21:51:58,100.0,Critical,Critical,P1,Open,Incident Response Team,Privilege Escalation,Immediately isolate the endpoint
ALT-004352,174237,2026-07-26 21:52:02,100.0,Critical,Critical,P1,Open,Incident Response Team,Privilege Escalation,Immediately isolate the endpoint
ALT-004055,155194,2026-07-26 21:52:10,99.67,Critical,Critical,P1,Open,Incident Response Team,Data Exfiltration,Immediately isolate the endpoint
ALT-003558,130460,2026-07-26 21:52:22,100.0,Critical,Critical,P1,Open,Incident Response Team,Ransomware,Immediately isolate the endpoint
ALT-001163,44912,2026-07-26 21:52:31,66.37,High,Medium,P2,Open,Tier-2 SOC Analyst,Suspicious Login,Notify security team
ALT-005941,232674,2026-07-26 21:52:31,98.63,Critical,Critical,P1,Open,Incident Response Team,Data Exfiltration,Immediately isolate the endpoint
ALT-005089,203449,2026-07-26 21:53:24,100.0,Critical,Critical,P1,Open,Incident Response Team,Privilege Escalation,Immediately isolate the endpoint
ALT-000701,27212,2026-07-26 21:53:39,100.0,Critical,Critical,P1,Open,Incident Response Team,Ransomware,Immediately isolate the endpoint
ALT-000851,32743,2026-07-26 21:53:48,100.0,Critical,Critical,P1,Investigating,Incident Response Team,Malware Infection,Immediately isolate the endpoint
ALT-000782,29911,2026-07-26 21:53:51,100.0,Critical,Critical,P1,Investigating,Incident Response Team,Data Exfiltration,Immediately isolate the endpoint
ALT-001844,63364,2026-07-26 21:53:55,100.0,Critical,Critical,P1,Open,Incident Response Team,Data Exfiltration,Immediately isolate the endpoint
ALT-003664,136407,2026-07-26 21:53:56,100.0,Critical,Critical,P1,Open,Incident Response Team,Malware Infection,Immediately isolate the endpoint
ALT-001134,44853,2026-07-26 21:53:56,31.04,Medium,Low,P3,Open,Tier-1 SOC Analyst,Policy Violation,Investigate suspicious activity
ALT-004827,200756,2026-07-26 21:53:59,99.46,Critical,Critical,P1,Open,Incident Response Team,Data Exfiltration,Immediately isolate the endpoint
ALT-005986,233151,2026-07-26 21:54:24,100.0,Critical,Critical,P1,Open,Incident Response Team,Privilege Escalation,Immediately isolate the endpoint
ALT-005010,202889,2026-07-26 21:54:33,25.71,Medium,Low,P3,Investigating,Tier-1 SOC Analyst,Port Scan,Investigate suspicious activity
ALT-003434,123135,2026-07-26 21:54:41,97.78,Critical,Critical,P1,Open,Incident Response Team,Ransomware,Immediately isolate the endpoint
ALT-003978,149735,2026-07-26 21:54:54,22.78,Medium,Low,P3,Open,Tier-1 SOC Analyst,Reconnaissance,Investigate suspicious activity
ALT-005006,202884,2026-07-26 21:55:05,20.18,Medium,Low,P3,Open,Tier-1 SOC Analyst,Reconnaissance,Investigate suspicious activity
ALT-004865,201005,2026-07-26 21:55:17,51.03,High,Medium,P2,Investigating,Tier-2 SOC Analyst,Brute Force Attack,Notify security team
ALT-003048,110855,2026-07-26 21:55:22,100.0,Critical,Critical,P1,Open,Incident Response Team,Ransomware,Immediately isolate the endpoint
ALT-006148,238102,2026-07-26 21:55:37,99.99,Critical,Critical,P1,Investigating,Incident Response Team,Privilege Escalation,Immediately isolate the endpoint
ALT-000290,10078,2026-07-26 21:55:41,100.0,Critical,Critical,P1,Open,Incident Response Team,Privilege Escalation,Immediately isolate the endpoint
ALT-001832,62283,2026-07-26 21:55:47,99.24,Critical,Critical,P1,Investigating,Incident Response Team,Malware Infection,Immediately isolate the endpoint
ALT-001041,41907,2026-07-26 21:56:06,100.0,Critical,Critical,P1,Investigating,Incident Response Team,Privilege Escalation,Immediately isolate the endpoint
ALT-000862,32754,2026-07-26 21:56:07,99.37,Critical,Critical,P1,Open,Incident Response Team,Ransomware,Immediately isolate the endpoint
ALT-002748,98848,2026-07-26 21:56:12,99.91,Critical,Critical,P1,Open,Incident Response Team,Malware Infection,Immediately isolate the endpoint
ALT-004971,202771,2026-07-26 21:56:37,72.06,High,Medium,P2,Open,Tier-2 SOC Analyst,Network Intrusion,Notify security team
ALT-003929,148403,2026-07-26 21:56:43,99.94,Critical,Critical,P1,Open,Incident Response Team,Privilege Escalation,Immediately isolate the endpoint
ALT-001363,51477,2026-07-26 21:56:58,100.0,Critical,Critical,P1,Investigating,Incident Response Team,Privilege Escalation,Immediately isolate the endpoint
ALT-005077,203437,2026-07-26 21:57:02,100.0,Critical,Critical,P1,Investigating,Incident Response Team,Ransomware,Immediately isolate the endpoint
ALT-002380,84017,2026-07-26 21:57:15,100.0,Critical,Critical,P1,Investigating,Incident Response Team,Malware Infection,Immediately isolate the endpoint
ALT-002672,96179,2026-07-26 21:57:36,100.0,Critical,Critical,P1,Investigating,Incident Response Team,Privilege Escalation,Immediately isolate the endpoint
ALT-005946,232679,2026-07-26 21:57:40,98.57,Critical,Critical,P1,Open,Incident Response Team,Privilege Escalation,Immediately isolate the endpoint
ALT-000108,4169,2026-07-26 21:57:51,100.0,Critical,Critical,P1,Open,Incident Response Team,Ransomware,Immediately isolate the endpoint
ALT-001406,52560,2026-07-26 21:57:57,54.77,High,Medium,P2,Investigating,Tier-2 SOC Analyst,Network Intrusion,Notify security team
ALT-004918,201953,2026-07-26 21:58:17,100.0,Critical,Critical,P1,Open,Incident Response Team,Ransomware,Immediately isolate the endpoint
ALT-004097,158650,2026-07-26 21:58:24,68.89,High,Medium,P2,Investigating,Tier-2 SOC Analyst,Unauthorized Access,Notify security team
ALT-001229,45991,2026-07-26 21:59:03,99.98,Critical,Critical,P1,Open,Incident Response Team,Malware Infection,Immediately isolate the endpoint
ALT-003047,110854,2026-07-26 21:59:14,100.0,Critical,Critical,P1,Open,Incident Response Team,Privilege Escalation,Immediately isolate the endpoint
ALT-004608,185261,2026-07-26 21:59:31,100.0,Critical,Critical,P1,Resolved,Incident Response Team,Privilege Escalation,Immediately isolate the endpoint
ALT-000785,29914,2026-07-26 22:00:17,100.0,Critical,Critical,P1,Open,Incident Response Team,Data Exfiltration,Immediately isolate the endpoint
ALT-001052,41918,2026-07-26 22:00:23,100.0,Critical,Critical,P1,Resolved,Incident Response Team,Data Exfiltration,Immediately isolate the endpoint
ALT-000686,27013,2026-07-26 22:00:23,100.0,Critical,Critical,P1,Resolved,Incident Response Team,Ransomware,Immediately isolate the endpoint
ALT-000004,1765,2026-07-26 22:00:26,100.0,Critical,Critical,P1,Investigating,Incident Response Team,Ransomware,Immediately isolate the endpoint
ALT-001892,64100,2026-07-26 22:00:29,100.0,Critical,Critical,P1,Investigating,Incident Response Team,Data Exfiltration,Immediately isolate the endpoint
ALT-004783,196714,2026-07-26 22:01:08,40.51,Medium,Low,P3,Open,Tier-1 SOC Analyst,Port Scan,Investigate suspicious activity
ALT-005473,214402,2026-07-26 22:01:36,100.0,Critical,Critical,P1,Investigating,Incident Response Team,Data Exfiltration,Immediately isolate the endpoint
ALT-001236,45998,2026-07-26 22:01:44,99.98,Critical,Critical,P1,Open,Incident Response Team,Data Exfiltration,Immediately isolate the endpoint
ALT-001065,43584,2026-07-26 22:02:00,99.56,Critical,Critical,P1,Open,Incident Response Team,Privilege Escalation,Immediately isolate the endpoint
ALT-001863,63860,2026-07-26 22:02:13,27.94,Medium,Low,P3,Investigating,Tier-1 SOC Analyst,Abnormal Traffic,Investigate suspicious activity
ALT-006000,233165,2026-07-26 22:02:13,100.0,Critical,Critical,P1,Open,Incident Response Team,Malware Infection,Immediately isolate the endpoint
ALT-004142,159361,2026-07-26 22:02:19,100.0,Critical,Critical,P1,Open,Incident Response Team,Privilege Escalation,Immediately isolate the endpoint
ALT-000941,37401,2026-07-26 22:02:45,100.0,Critical,Critical,P1,Open,Incident Response Team,Ransomware,Immediately isolate the endpoint
ALT-002710,98134,2026-07-26 22:02:58,100.0,Critical,Critical,P1,Open,Incident Response Team,Data Exfiltration,Immediately isolate the endpoint
ALT-002706,98130,2026-07-26 22:02:59,100.0,Critical,Critical,P1,Investigating,Incident Response Team,Privilege Escalation,Immediately isolate the endpoint
ALT-000075,2626,2026-07-26 22:03:06,99.36,Critical,Critical,P1,Open,Incident Response Team,Ransomware,Immediately isolate the endpoint
ALT-004495,181868,2026-07-26 22:03:59,100.0,Critical,Critical,P1,Resolved,Incident Response Team,Ransomware,Immediately isolate the endpoint
ALT-003621,131728,2026-07-26 22:04:09,100.0,Critical,Critical,P1,Investigating,Incident Response Team,Data Exfiltration,Immediately isolate the endpoint
ALT-000372,13375,2026-07-26 22:04:09,100.0,Critical,Critical,P1,Investigating,Incident Response Team,Data Exfiltration,Immediately isolate the endpoint
ALT-001774,61153,2026-07-26 22:04:16,100.0,Critical,Critical,P1,Open,Incident Response Team,Data Exfiltration,Immediately isolate the endpoint
ALT-002834,103804,2026-07-26 22:04:30,99.53,Critical,Critical,P1,Investigating,Incident Response Team,Malware Infection,Immediately isolate the endpoint
ALT-005943,232676,2026-07-26 22:04:32,98.54,Critical,Critical,P1,Open,Incident Response Team,Data Exfiltration,Immediately isolate the endpoint
ALT-000489,17646,2026-07-26 22:04:47,99.4,Critical,Critical,P1,Investigating,Incident Response Team,Privilege Escalation,Immediately isolate the endpoint
ALT-006034,233977,2026-07-26 22:05:03,100.0,Critical,Critical,P1,Open,Incident Response Team,Ransomware,Immediately isolate the endpoint
ALT-002364,83775,2026-07-26 22:05:24,47.84,Medium,Low,P3,Investigating,Tier-1 SOC Analyst,Abnormal Traffic,Investigate suspicious activity
ALT-003633,135886,2026-07-26 22:05:43,100.0,Critical,Critical,P1,Resolved,Incident Response Team,Ransomware,Immediately isolate the endpoint
ALT-003314,119207,2026-07-26 22:05:48,99.68,Critical,Critical,P1,Open,Incident Response Team,Ransomware,Immediately isolate the endpoint
ALT-001765,61144,2026-07-26 22:06:36,100.0,Critical,Critical,P1,Open,Incident Response Team,Ransomware,Immediately isolate the endpoint
ALT-002102,70765,2026-07-26 22:06:38,100.0,Critical,Critical,P1,Investigating,Incident Response Team,Malware Infection,Immediately isolate the endpoint
ALT-004010,152952,2026-07-26 22:07:03,100.0,Critical,Critical,P1,Open,Incident Response Team,Ransomware,Immediately isolate the endpoint
ALT-005446,213259,2026-07-26 22:07:44,100.0,Critical,Critical,P1,Investigating,Incident Response Team,Malware Infection,Immediately isolate the endpoint
ALT-002654,95376,2026-07-26 22:08:10,33.55,Medium,Low,P3,Open,Tier-1 SOC Analyst,Reconnaissance,Investigate suspicious activity
ALT-000476,15667,2026-07-26 22:08:14,100.0,Critical,Critical,P1,Open,Incident Response Team,Malware Infection,Immediately isolate the endpoint
ALT-001935,65924,2026-07-26 22:08:22,100.0,Critical,Critical,P1,Resolved,Incident Response Team,Data Exfiltration,Immediately isolate the endpoint
ALT-001890,64098,2026-07-26 22:08:23,92.83,Critical,Critical,P1,Investigating,Incident Response Team,Privilege Escalation,Immediately isolate the endpoint
ALT-002590,91543,2026-07-26 22:08:32,99.99,Critical,Critical,P1,Investigating,Incident Response Team,Data Exfiltration,Immediately isolate the endpoint
ALT-004174,160502,2026-07-26 22:08:35,100.0,Critical,Critical,P1,Open,Incident Response Team,Data Exfiltration,Immediately isolate the endpoint
ALT-005437,213250,2026-07-26 22:08:46,100.0,Critical,Critical,P1,Investigating,Incident Response Team,Privilege Escalation,Immediately isolate the endpoint
ALT-003972,149303,2026-07-26 22:08:54,100.0,Critical,Critical,P1,Open,Incident Response Team,Privilege Escalation,Immediately isolate the endpoint
ALT-000751,28156,2026-07-26 22:09:08,98.05,Critical,Critical,P1,Investigating,Incident Response Team,Privilege Escalation,Immediately isolate the endpoint
ALT-004956,202488,2026-07-26 22:09:13,100.0,Critical,Critical,P1,Investigating,Incident Response Team,Data Exfiltration,Immediately isolate the endpoint
ALT-005038,203210,2026-07-26 22:09:31,25.51,Medium,Low,P3,Open,Tier-1 SOC Analyst,Port Scan,Investigate suspicious activity
ALT-003784,139039,2026-07-26 22:09:42,32.25,Medium,Low,P3,Open,Tier-1 SOC Analyst,Reconnaissance,Investigate suspicious activity
ALT-006068,234727,2026-07-26 22:10:03,22.99,Medium,Low,P3,Open,Tier-1 SOC Analyst,Policy Violation,Investigate suspicious activity
ALT-003875,142679,2026-07-26 22:10:27,100.0,Critical,Critical,P1,Investigating,Incident Response Team,Ransomware,Immediately isolate the endpoint
ALT-003526,126683,2026-07-26 22:10:34,98.93,Critical,Critical,P1,Open,Incident Response Team,Data Exfiltration,Immediately isolate the endpoint
ALT-004668,186616,2026-07-26 22:10:35,49.45,Medium,Low,P3,Investigating,Tier-1 SOC Analyst,Reconnaissance,Investigate suspicious activity
ALT-004371,174256,2026-07-26 22:10:56,100.0,Critical,Critical,P1,Open,Incident Response Team,Data Exfiltration,Immediately isolate the endpoint
ALT-005484,216218,2026-07-26 22:11:31,100.0,Critical,Critical,P1,Investigating,Incident Response Team,Ransomware,Immediately isolate the endpoint
ALT-002194,76210,2026-07-26 22:11:35,100.0,Critical,Critical,P1,Investigating,Incident Response Team,Privilege Escalation,Immediately isolate the endpoint
ALT-000603,24906,2026-07-26 22:11:56,100.0,Critical,Critical,P1,Open,Incident Response Team,Ransomware,Immediately isolate the endpoint
ALT-002708,98132,2026-07-26 22:12:01,100.0,Critical,Critical,P1,Open,Incident Response Team,Data Exfiltration,Immediately isolate the endpoint
ALT-001308,49244,2026-07-26 22:12:51,99.87,Critical,Critical,P1,Open,Incident Response Team,Data Exfiltration,Immediately isolate the endpoint
ALT-000510,18982,2026-07-26 22:12:53,100.0,Critical,Critical,P1,Investigating,Incident Response Team,Privilege Escalation,Immediately isolate the endpoint
ALT-002952,108517,2026-07-26 22:13:01,21.27,Medium,Low,P3,Investigating,Tier-1 SOC Analyst,Abnormal Traffic,Investigate suspicious activity
ALT-002361,83772,2026-07-26 22:13:03,46.31,Medium,Low,P3,Open,Tier-1 SOC Analyst,Reconnaissance,Investigate suspicious activity
ALT-003916,146576,2026-07-26 22:13:05,43.55,Medium,Low,P3,Investigating,Tier-1 SOC Analyst,Abnormal Traffic,Investigate suspicious activity
ALT-001809,62260,2026-07-26 22:13:20,100.0,Critical,Critical,P1,Open,Incident Response Team,Privilege Escalation,Immediately isolate the endpoint
ALT-006126,236138,2026-07-26 22:13:28,25.37,Medium,Low,P3,Open,Tier-1 SOC Analyst,Port Scan,Investigate suspicious activity
ALT-000816,31042,2026-07-26 22:13:30,98.62,Critical,Critical,P1,Resolved,Incident Response Team,Privilege Escalation,Immediately isolate the endpoint
ALT-005214,207268,2026-07-26 22:13:37,100.0,Critical,Critical,P1,Open,Incident Response Team,Ransomware,Immediately isolate the endpoint
ALT-000005,1766,2026-07-26 22:13:38,100.0,Critical,Critical,P1,Open,Incident Response Team,Malware Infection,Immediately isolate the endpoint
ALT-001527,54826,2026-07-26 22:13:51,100.0,Critical,Critical,P1,Open,Incident Response Team,Privilege Escalation,Immediately isolate the endpoint
ALT-002189,75910,2026-07-26 22:14:00,45.62,Medium,Low,P3,Open,Tier-1 SOC Analyst,Port Scan,Investigate suspicious activity
ALT-000067,2409,2026-07-26 22:14:17,99.81,Critical,Critical,P1,Open,Incident Response Team,Data Exfiltration,Immediately isolate the endpoint
ALT-000949,38846,2026-07-26 22:14:57,100.0,Critical,Critical,P1,Open,Incident Response Team,Malware Infection,Immediately isolate the endpoint
ALT-001390,51927,2026-07-26 22:15:04,96.18,Critical,Critical,P1,Investigating,Incident Response Team,Privilege Escalation,Immediately isolate the endpoint
ALT-003650,136393,2026-07-26 22:15:27,100.0,Critical,Critical,P1,Open,Incident Response Team,Privilege Escalation,Immediately isolate the endpoint
ALT-003949,148423,2026-07-26 22:15:34,99.94,Critical,Critical,P1,Open,Incident Response Team,Data Exfiltration,Immediately isolate the endpoint
ALT-004664,186612,2026-07-26 22:16:19,43.89,Medium,Low,P3,Open,Tier-1 SOC Analyst,Reconnaissance,Investigate suspicious activity
ALT-001691,60027,2026-07-26 22:16:25,100.0,Critical,Critical,P1,Open,Incident Response Team,Privilege Escalation,Immediately isolate the endpoint
ALT-005616,223409,2026-07-26 22:16:27,100.0,Critical,Critical,P1,Investigating,Incident Response Team,Privilege Escalation,Immediately isolate the endpoint
ALT-000087,2638,2026-07-26 22:16:37,99.21,Critical,Critical,P1,Resolved,Incident Response Team,Data Exfiltration,Immediately isolate the endpoint
ALT-003109,112188,2026-07-26 22:17:07,34.38,Medium,Low,P3,Open,Tier-1 SOC Analyst,Reconnaissance,Investigate suspicious activity
ALT-005039,203211,2026-07-26 22:17:10,32.11,Medium,Low,P3,Investigating,Tier-1 SOC Analyst,Abnormal Traffic,Investigate suspicious activity
ALT-001916,64518,2026-07-26 22:17:20,99.99,Critical,Critical,P1,Open,Incident Response Team,Privilege Escalation,Immediately isolate the endpoint
ALT-005895,231383,2026-07-26 22:17:41,99.93,Critical,Critical,P1,Open,Incident Response Team,Ransomware,Immediately isolate the endpoint
ALT-002623,92162,2026-07-26 22:17:51,100.0,Critical,Critical,P1,Open,Incident Response Team,Privilege Escalation,Immediately isolate the endpoint
ALT-000497,18969,2026-07-26 22:17:58,100.0,Critical,Critical,P1,Open,Incident Response Team,Ransomware,Immediately isolate the endpoint
ALT-002716,98274,2026-07-26 22:18:52,100.0,Critical,Critical,P1,Open,Incident Response Team,Privilege Escalation,Immediately isolate the endpoint
ALT-003254,115164,2026-07-26 22:18:58,100.0,Critical,Critical,P1,Investigating,Incident Response Team,Ransomware,Immediately isolate the endpoint
ALT-004696,189106,2026-07-26 22:19:10,100.0,Critical,Critical,P1,Open,Incident Response Team,Ransomware,Immediately isolate the endpoint
ALT-004793,199614,2026-07-26 22:19:12,100.0,Critical,Critical,P1,Resolved,Incident Response Team,Data Exfiltration,Immediately isolate the endpoint
ALT-004504,181877,2026-07-26 22:19:34,100.0,Critical,Critical,P1,Open,Incident Response Team,Ransomware,Immediately isolate the endpoint
ALT-006044,234091,2026-07-26 22:19:49,100.0,Critical,Critical,P1,Open,Incident Response Team,Malware Infection,Immediately isolate the endpoint
ALT-003963,149294,2026-07-26 22:20:08,100.0,Critical,Critical,P1,Investigating,Incident Response Team,Malware Infection,Immediately isolate the endpoint
ALT-000014,1775,2026-07-26 22:20:31,100.0,Critical,Critical,P1,Open,Incident Response Team,Privilege Escalation,Immediately isolate the endpoint
ALT-002765,99592,2026-07-26 22:20:41,51.66,High,Medium,P2,Open,Tier-2 SOC Analyst,Unauthorized Access,Notify security team
ALT-000947,37407,2026-07-26 22:20:56,100.0,Critical,Critical,P1,Investigating,Incident Response Team,Privilege Escalation,Immediately isolate the endpoint
ALT-002772,99599,2026-07-26 22:21:07,49.83,Medium,Low,P3,Resolved,Tier-1 SOC Analyst,Abnormal Traffic,Investigate suspicious activity
ALT-004994,202794,2026-07-26 22:21:21,46.6,Medium,Low,P3,Investigating,Tier-1 SOC Analyst,Abnormal Traffic,Investigate suspicious activity
ALT-004267,167142,2026-07-26 22:22:04,100.0,Critical,Critical,P1,Investigating,Incident Response Team,Malware Infection,Immediately isolate the endpoint
ALT-000761,28166,2026-07-26 22:22:16,98.03,Critical,Critical,P1,Investigating,Incident Response Team,Malware Infection,Immediately isolate the endpoint
ALT-002939,107969,2026-07-26 22:22:29,100.0,Critical,Critical,P1,Resolved,Incident Response Team,Privilege Escalation,Immediately isolate the endpoint
ALT-005102,204225,2026-07-26 22:22:59,100.0,Critical,Critical,P1,Open,Incident Response Team,Privilege Escalation,Immediately isolate the endpoint
ALT-005294,210579,2026-07-26 22:23:06,99.03,Critical,Critical,P1,Open,Incident Response Team,Privilege Escalation,Immediately isolate the endpoint
ALT-000477,15877,2026-07-26 22:23:21,30.0,Medium,Low,P3,Open,Tier-1 SOC Analyst,Reconnaissance,Investigate suspicious activity
ALT-002993,108747,2026-07-26 22:23:31,99.96,Critical,Critical,P1,Open,Incident Response Team,Privilege Escalation,Immediately isolate the endpoint
ALT-005285,208427,2026-07-26 22:23:41,100.0,Critical,Critical,P1,Investigating,Incident Response Team,Malware Infection,Immediately isolate the endpoint
ALT-001147,44896,2026-07-26 22:23:54,66.41,High,Medium,P2,Investigating,Tier-2 SOC Analyst,Network Intrusion,Notify security team
ALT-003202,114572,2026-07-26 22:24:02,97.4,Critical,Critical,P1,Open,Incident Response Team,Privilege Escalation,Immediately isolate the endpoint
ALT-000059,2401,2026-07-26 22:24:31,99.52,Critical,Critical,P1,Open,Incident Response Team,Malware Infection,Immediately isolate the endpoint
ALT-001574,56180,2026-07-26 22:25:06,100.0,Critical,Critical,P1,Investigating,Incident Response Team,Ransomware,Immediately isolate the endpoint
ALT-002349,83760,2026-07-26 22:25:24,50.66,High,Medium,P2,Open,Tier-2 SOC Analyst,Unauthorized Access,Notify security team
ALT-003321,119214,2026-07-26 22:25:24,99.97,Critical,Critical,P1,Investigating,Incident Response Team,Malware Infection,Immediately isolate the endpoint
ALT-004471,180545,2026-07-26 22:25:32,100.0,Critical,Critical,P1,Open,Incident Response Team,Malware Infection,Immediately isolate the endpoint
ALT-000243,9500,2026-07-26 22:25:46,99.69,Critical,Critical,P1,Open,Incident Response Team,Malware Infection,Immediately isolate the endpoint
ALT-003578,130591,2026-07-26 22:26:11,100.0,Critical,Critical,P1,Open,Incident Response Team,Data Exfiltration,Immediately isolate the endpoint
ALT-004716,191125,2026-07-26 22:26:12,21.16,Medium,Low,P3,Open,Tier-1 SOC Analyst,Abnormal Traffic,Investigate suspicious activity
ALT-006119,236126,2026-07-26 22:26:17,29.52,Medium,Low,P3,Investigating,Tier-1 SOC Analyst,Abnormal Traffic,Investigate suspicious activity
ALT-004481,180555,2026-07-26 22:26:19,100.0,Critical,Critical,P1,Resolved,Incident Response Team,Data Exfiltration,Immediately isolate the endpoint
ALT-004948,202480,2026-07-26 22:26:33,100.0,Critical,Critical,P1,Investigating,Incident Response Team,Data Exfiltration,Immediately isolate the endpoint
ALT-003357,120132,2026-07-26 22:26:35,97.74,Critical,Critical,P1,Open,Incident Response Team,Malware Infection,Immediately isolate the endpoint
ALT-000740,27747,2026-07-26 22:26:41,100.0,Critical,Critical,P1,Open,Incident Response Team,Malware Infection,Immediately isolate the endpoint
ALT-004269,167144,2026-07-26 22:26:46,100.0,Critical,Critical,P1,Investigating,Incident Response Team,Data Exfiltration,Immediately isolate the endpoint
ALT-005476,214405,2026-07-26 22:26:52,100.0,Critical,Critical,P1,Investigating,Incident Response Team,Malware Infection,Immediately isolate the endpoint
ALT-002924,107954,2026-07-26 22:26:55,100.0,Critical,Critical,P1,Open,Incident Response Team,Privilege Escalation,Immediately isolate the endpoint
ALT-004186,160514,2026-07-26 22:27:15,100.0,Critical,Critical,P1,Open,Incident Response Team,Malware Infection,Immediately isolate the endpoint
ALT-005594,223387,2026-07-26 22:27:20,100.0,Critical,Critical,P1,Investigating,Incident Response Team,Malware Infection,Immediately isolate the endpoint
ALT-004314,169619,2026-07-26 22:27:33,100.0,Critical,Critical,P1,Open,Incident Response Team,Privilege Escalation,Immediately isolate the endpoint
ALT-000205,5742,2026-07-26 22:27:40,99.99,Critical,Critical,P1,Open,Incident Response Team,Data Exfiltration,Immediately isolate the endpoint
ALT-003807,140907,2026-07-26 22:27:43,100.0,Critical,Critical,P1,Open,Incident Response Team,Data Exfiltration,Immediately isolate the endpoint
ALT-000449,15563,2026-07-26 22:28:39,100.0,Critical,Critical,P1,Open,Incident Response Team,Malware Infection,Immediately isolate the endpoint
ALT-001165,44914,2026-07-26 22:28:51,67.53,High,Medium,P2,Investigating,Tier-2 SOC Analyst,Brute Force Attack,Notify security team
ALT-000661,26284,2026-07-26 22:29:31,100.0,Critical,Critical,P1,Resolved,Incident Response Team,Malware Infection,Immediately isolate the endpoint
ALT-003483,126460,2026-07-26 22:30:03,98.36,Critical,Critical,P1,Open,Incident Response Team,Malware Infection,Immediately isolate the endpoint
ALT-001281,47205,2026-07-26 22:30:14,62.16,High,Medium,P2,Open,Tier-2 SOC Analyst,Brute Force Attack,Notify security team
ALT-005359,211008,2026-07-26 22:30:20,51.46,High,Medium,P2,Open,Tier-2 SOC Analyst,Suspicious Login,Notify security team
ALT-004544,182808,2026-07-26 22:30:31,55.52,High,Medium,P2,Open,Tier-2 SOC Analyst,Brute Force Attack,Notify security team
ALT-002199,76215,2026-07-26 22:30:44,100.0,Critical,Critical,P1,Open,Incident Response Team,Ransomware,Immediately isolate the endpoint
ALT-005256,208182,2026-07-26 22:30:46,100.0,Critical,Critical,P1,Investigating,Incident Response Team,Malware Infection,Immediately isolate the endpoint
ALT-001514,54543,2026-07-26 22:30:48,100.0,Critical,Critical,P1,Open,Incident Response Team,Data Exfiltration,Immediately isolate the endpoint
ALT-002568,90972,2026-07-26 22:31:03,100.0,Critical,Critical,P1,Open,Incident Response Team,Data Exfiltration,Immediately isolate the endpoint
ALT-005508,216242,2026-07-26 22:31:18,99.52,Critical,Critical,P1,Open,Incident Response Team,Malware Infection,Immediately isolate the endpoint
ALT-000677,27004,2026-07-26 22:31:20,100.0,Critical,Critical,P1,Open,Incident Response Team,Data Exfiltration,Immediately isolate the endpoint
ALT-000639,26262,2026-07-26 22:31:30,100.0,Critical,Critical,P1,Open,Incident Response Team,Privilege Escalation,Immediately isolate the endpoint
ALT-003662,136405,2026-07-26 22:31:32,100.0,Critical,Critical,P1,Open,Incident Response Team,Malware Infection,Immediately isolate the endpoint
ALT-001686,60022,2026-07-26 22:31:56,100.0,Critical,Critical,P1,Resolved,Incident Response Team,Data Exfiltration,Immediately isolate the endpoint
ALT-004035,155174,2026-07-26 22:32:05,99.59,Critical,Critical,P1,Open,Incident Response Team,Privilege Escalation,Immediately isolate the endpoint
ALT-003476,126453,2026-07-26 22:32:11,100.0,Critical,Critical,P1,Open,Incident Response Team,Privilege Escalation,Immediately isolate the endpoint
ALT-002156,74508,2026-07-26 22:32:37,100.0,Critical,Critical,P1,Investigating,Incident Response Team,Malware Infection,Immediately isolate the endpoint
ALT-005527,216599,2026-07-26 22:32:50,40.7,Medium,Low,P3,Resolved,Tier-1 SOC Analyst,Policy Violation,Investigate suspicious activity
ALT-003576,130589,2026-07-26 22:33:16,100.0,Critical,Critical,P1,Open,Incident Response Team,Malware Infection,Immediately isolate the endpoint
ALT-001933,65922,2026-07-26 22:33:24,100.0,Critical,Critical,P1,Investigating,Incident Response Team,Data Exfiltration,Immediately isolate the endpoint
ALT-003500,126657,2026-07-26 22:33:29,99.1,Critical,Critical,P1,Open,Incident Response Team,Malware Infection,Immediately isolate the endpoint
ALT-003287,118028,2026-07-26 22:33:34,100.0,Critical,Critical,P1,Open,Incident Response Team,Ransomware,Immediately isolate the endpoint
ALT-002475,85374,2026-07-26 22:33:35,35.29,Medium,Low,P3,Open,Tier-1 SOC Analyst,Abnormal Traffic,Investigate suspicious activity
ALT-003238,115148,2026-07-26 22:33:59,100.0,Critical,Critical,P1,Investigating,Incident Response Team,Ransomware,Immediately isolate the endpoint
ALT-003810,140910,2026-07-26 22:34:01,100.0,Critical,Critical,P1,Investigating,Incident Response Team,Privilege Escalation,Immediately isolate the endpoint
ALT-001906,64385,2026-07-26 22:34:16,100.0,Critical,Critical,P1,Open,Incident Response Team,Privilege Escalation,Immediately isolate the endpoint
ALT-004379,174753,2026-07-26 22:34:36,29.28,Medium,Low,P3,Open,Tier-1 SOC Analyst,Port Scan,Investigate suspicious activity
ALT-001435,52859,2026-07-26 22:34:41,47.01,Medium,Low,P3,Investigating,Tier-1 SOC Analyst,Port Scan,Investigate suspicious activity
ALT-003966,149297,2026-07-26 22:34:50,100.0,Critical,Critical,P1,Open,Incident Response Team,Data Exfiltration,Immediately isolate the endpoint
ALT-005181,205795,2026-07-26 22:34:56,99.99,Critical,Critical,P1,Open,Incident Response Team,Malware Infection,Immediately isolate the endpoint
ALT-005962,232695,2026-07-26 22:35:04,98.74,Critical,Critical,P1,Investigating,Incident Response Team,Privilege Escalation,Immediately isolate the endpoint
ALT-004744,194030,2026-07-26 22:35:08,100.0,Critical,Critical,P1,Investigating,Incident Response Team,Privilege Escalation,Immediately isolate the endpoint
ALT-002481,85380,2026-07-26 22:35:09,28.99,Medium,Low,P3,Investigating,Tier-1 SOC Analyst,Abnormal Traffic,Investigate suspicious activity
ALT-003194,114397,2026-07-26 22:35:19,100.0,Critical,Critical,P1,Investigating,Incident Response Team,Privilege Escalation,Immediately isolate the endpoint
ALT-005599,223392,2026-07-26 22:35:33,100.0,Critical,Critical,P1,Open,Incident Response Team,Data Exfiltration,Immediately isolate the endpoint
ALT-005865,231205,2026-07-26 22:35:36,100.0,Critical,Critical,P1,Investigating,Incident Response Team,Malware Infection,Immediately isolate the endpoint
ALT-004983,202783,2026-07-26 22:35:45,64.8,High,Medium,P2,Investigating,Tier-2 SOC Analyst,Network Intrusion,Notify security team
ALT-000170,5416,2026-07-26 22:35:49,100.0,Critical,Critical,P1,Open,Incident Response Team,Privilege Escalation,Immediately isolate the endpoint
ALT-005569,218195,2026-07-26 22:36:11,99.98,Critical,Critical,P1,Open,Incident Response Team,Privilege Escalation,Immediately isolate the endpoint
ALT-002929,107959,2026-07-26 22:36:37,100.0,Critical,Critical,P1,Open,Incident Response Team,Ransomware,Immediately isolate the endpoint
ALT-001581,56187,2026-07-26 22:36:43,100.0,Critical,Critical,P1,Open,Incident Response Team,Privilege Escalation,Immediately isolate the endpoint
ALT-001869,63866,2026-07-26 22:37:44,26.71,Medium,Low,P3,Investigating,Tier-1 SOC Analyst,Policy Violation,Investigate suspicious activity
ALT-001918,64520,2026-07-26 22:37:53,99.99,Critical,Critical,P1,Investigating,Incident Response Team,Privilege Escalation,Immediately isolate the endpoint
ALT-003865,142669,2026-07-26 22:38:26,100.0,Critical,Critical,P1,Open,Incident Response Team,Malware Infection,Immediately isolate the endpoint
ALT-002823,103425,2026-07-26 22:40:09,100.0,Critical,Critical,P1,Open,Incident Response Team,Ransomware,Immediately isolate the endpoint
ALT-004023,154640,2026-07-26 22:40:16,100.0,Critical,Critical,P1,Resolved,Incident Response Team,Data Exfiltration,Immediately isolate the endpoint
ALT-003894,146554,2026-07-26 22:40:30,53.91,High,Medium,P2,Open,Tier-2 SOC Analyst,Brute Force Attack,Notify security team
ALT-003066,110873,2026-07-26 22:40:37,100.0,Critical,Critical,P1,Open,Incident Response Team,Ransomware,Immediately isolate the endpoint
ALT-005617,223410,2026-07-26 22:40:59,100.0,Critical,Critical,P1,Open,Incident Response Team,Malware Infection,Immediately isolate the endpoint
ALT-004491,181864,2026-07-26 22:41:10,100.0,Critical,Critical,P1,Open,Incident Response Team,Ransomware,Immediately isolate the endpoint
ALT-004761,196685,2026-07-26 22:41:21,25.52,Medium,Low,P3,Open,Tier-1 SOC Analyst,Port Scan,Investigate suspicious activity
ALT-001748,60634,2026-07-26 22:41:27,100.0,Critical,Critical,P1,Open,Incident Response Team,Ransomware,Immediately isolate the endpoint
ALT-001667,58891,2026-07-26 22:41:33,98.78,Critical,Critical,P1,Open,Incident Response Team,Malware Infection,Immediately isolate the endpoint
ALT-004396,176647,2026-07-26 22:41:55,100.0,Critical,Critical,P1,Open,Incident Response Team,Ransomware,Immediately isolate the endpoint
ALT-004422,176923,2026-07-26 22:42:07,100.0,Critical,Critical,P1,Open,Incident Response Team,Malware Infection,Immediately isolate the endpoint
ALT-000413,14697,2026-07-26 22:42:25,100.0,Critical,Critical,P1,Open,Incident Response Team,Data Exfiltration,Immediately isolate the endpoint
ALT-004195,166155,2026-07-26 22:42:28,100.0,Critical,Critical,P1,Investigating,Incident Response Team,Ransomware,Immediately isolate the endpoint
ALT-004486,181859,2026-07-26 22:42:37,100.0,Critical,Critical,P1,Investigating,Incident Response Team,Privilege Escalation,Immediately isolate the endpoint
ALT-001266,47007,2026-07-26 22:42:52,100.0,Critical,Critical,P1,Open,Incident Response Team,Data Exfiltration,Immediately isolate the endpoint
ALT-004208,166168,2026-07-26 22:43:47,99.26,Critical,Critical,P1,Open,Incident Response Team,Ransomware,Immediately isolate the endpoint
ALT-004897,201537,2026-07-26 22:43:49,99.99,Critical,Critical,P1,Investigating,Incident Response Team,Ransomware,Immediately isolate the endpoint
ALT-001867,63864,2026-07-26 22:43:52,26.03,Medium,Low,P3,Open,Tier-1 SOC Analyst,Port Scan,Investigate suspicious activity
ALT-000789,29918,2026-07-26 22:44:02,100.0,Critical,Critical,P1,Open,Incident Response Team,Ransomware,Immediately isolate the endpoint
ALT-005300,210585,2026-07-26 22:44:04,98.78,Critical,Critical,P1,Investigating,Incident Response Team,Malware Infection,Immediately isolate the endpoint
ALT-004335,172398,2026-07-26 22:44:08,100.0,Critical,Critical,P1,Investigating,Incident Response Team,Malware Infection,Immediately isolate the endpoint
ALT-001813,62264,2026-07-26 22:44:11,100.0,Critical,Critical,P1,Investigating,Incident Response Team,Malware Infection,Immediately isolate the endpoint
ALT-002377,84014,2026-07-26 22:44:51,100.0,Critical,Critical,P1,Open,Incident Response Team,Privilege Escalation,Immediately isolate the endpoint
ALT-002100,70763,2026-07-26 22:45:09,100.0,Critical,Critical,P1,Investigating,Incident Response Team,Data Exfiltration,Immediately isolate the endpoint
ALT-005701,225423,2026-07-26 22:45:23,100.0,Critical,Critical,P1,Open,Incident Response Team,Data Exfiltration,Immediately isolate the endpoint
ALT-004285,167680,2026-07-26 22:45:51,99.95,Critical,Critical,P1,Investigating,Incident Response Team,Data Exfiltration,Immediately isolate the endpoint
ALT-001642,58824,2026-07-26 22:45:52,100.0,Critical,Critical,P1,Open,Incident Response Team,Malware Infection,Immediately isolate the endpoint
ALT-005716,225438,2026-07-26 22:45:59,99.98,Critical,Critical,P1,Open,Incident Response Team,Malware Infection,Immediately isolate the endpoint
ALT-002689,98113,2026-07-26 22:46:04,100.0,Critical,Critical,P1,Investigating,Incident Response Team,Data Exfiltration,Immediately isolate the endpoint
ALT-005959,232692,2026-07-26 22:46:27,98.86,Critical,Critical,P1,Open,Incident Response Team,Data Exfiltration,Immediately isolate the endpoint
ALT-003796,139053,2026-07-26 22:47:02,45.58,Medium,Low,P3,Open,Tier-1 SOC Analyst,Port Scan,Investigate suspicious activity
ALT-003488,126465,2026-07-26 22:47:11,98.12,Critical,Critical,P1,Resolved,Incident Response Team,Malware Infection,Immediately isolate the endpoint
ALT-004542,182806,2026-07-26 22:47:17,55.3,High,Medium,P2,Open,Tier-2 SOC Analyst,Brute Force Attack,Notify security team
ALT-003261,117549,2026-07-26 22:47:27,100.0,Critical,Critical,P1,Open,Incident Response Team,Data Exfiltration,Immediately isolate the endpoint
ALT-005084,203444,2026-07-26 22:47:38,100.0,Critical,Critical,P1,Open,Incident Response Team,Privilege Escalation,Immediately isolate the endpoint
ALT-004864,201004,2026-07-26 22:47:44,50.83,High,Medium,P2,Investigating,Tier-2 SOC Analyst,Brute Force Attack,Notify security team
ALT-002967,108721,2026-07-26 22:48:06,100.0,Critical,Critical,P1,Investigating,Incident Response Team,Ransomware,Immediately isolate the endpoint
ALT-000818,31044,2026-07-26 22:48:07,100.0,Critical,Critical,P1,Open,Incident Response Team,Data Exfiltration,Immediately isolate the endpoint
ALT-005591,223384,2026-07-26 22:48:15,100.0,Critical,Critical,P1,Investigating,Incident Response Team,Ransomware,Immediately isolate the endpoint
ALT-003695,136952,2026-07-26 22:48:29,100.0,Critical,Critical,P1,Open,Incident Response Team,Malware Infection,Immediately isolate the endpoint
ALT-005643,225035,2026-07-26 22:49:07,100.0,Critical,Critical,P1,Investigating,Incident Response Team,Privilege Escalation,Immediately isolate the endpoint
ALT-001750,60636,2026-07-26 22:49:12,100.0,Critical,Critical,P1,Open,Incident Response Team,Ransomware,Immediately isolate the endpoint
ALT-001029,40485,2026-07-26 22:49:16,100.0,Critical,Critical,P1,Open,Incident Response Team,Ransomware,Immediately isolate the endpoint
ALT-003017,108771,2026-07-26 22:49:52,100.0,Critical,Critical,P1,Resolved,Incident Response Team,Data Exfiltration,Immediately isolate the endpoint
ALT-003057,110864,2026-07-26 22:50:26,100.0,Critical,Critical,P1,Open,Incident Response Team,Privilege Escalation,Immediately isolate the endpoint
ALT-002430,84087,2026-07-26 22:50:42,100.0,Critical,Critical,P1,Open,Incident Response Team,Data Exfiltration,Immediately isolate the endpoint
ALT-000613,24916,2026-07-26 22:50:48,100.0,Critical,Critical,P1,Open,Incident Response Team,Data Exfiltration,Immediately isolate the endpoint
ALT-003308,118049,2026-07-26 22:50:48,100.0,Critical,Critical,P1,Resolved,Incident Response Team,Privilege Escalation,Immediately isolate the endpoint
ALT-000894,34304,2026-07-26 22:50:59,100.0,Critical,Critical,P1,Open,Incident Response Team,Data Exfiltration,Immediately isolate the endpoint
ALT-003745,137638,2026-07-26 22:51:03,100.0,Critical,Critical,P1,Open,Incident Response Team,Data Exfiltration,Immediately isolate the endpoint
ALT-005171,205785,2026-07-26 22:51:06,99.97,Critical,Critical,P1,Open,Incident Response Team,Data Exfiltration,Immediately isolate the endpoint
ALT-004381,176632,2026-07-26 22:51:23,100.0,Critical,Critical,P1,Open,Incident Response Team,Malware Infection,Immediately isolate the endpoint
ALT-000692,27203,2026-07-26 22:51:27,100.0,Critical,Critical,P1,Open,Incident Response Team,Ransomware,Immediately isolate the endpoint
ALT-001653,58835,2026-07-26 22:51:48,100.0,Critical,Critical,P1,Investigating,Incident Response Team,Ransomware,Immediately isolate the endpoint
ALT-001743,60629,2026-07-26 22:51:58,100.0,Critical,Critical,P1,Resolved,Incident Response Team,Data Exfiltration,Immediately isolate the endpoint
ALT-003363,120138,2026-07-26 22:52:02,97.61,Critical,Critical,P1,Open,Incident Response Team,Malware Infection,Immediately isolate the endpoint
ALT-000467,15581,2026-07-26 22:52:02,100.0,Critical,Critical,P1,Open,Incident Response Team,Privilege Escalation,Immediately isolate the endpoint
ALT-004896,201536,2026-07-26 22:52:06,99.99,Critical,Critical,P1,Open,Incident Response Team,Privilege Escalation,Immediately isolate the endpoint
ALT-001421,52845,2026-07-26 22:52:31,47.92,Medium,Low,P3,Open,Tier-1 SOC Analyst,Policy Violation,Investigate suspicious activity
ALT-002885,105093,2026-07-26 22:52:45,100.0,Critical,Critical,P1,Investigating,Incident Response Team,Data Exfiltration,Immediately isolate the endpoint
ALT-005288,210573,2026-07-26 22:52:47,99.27,Critical,Critical,P1,Open,Incident Response Team,Data Exfiltration,Immediately isolate the endpoint
ALT-005366,212502,2026-07-26 22:52:50,20.94,Medium,Low,P3,Open,Tier-1 SOC Analyst,Port Scan,Investigate suspicious activity
ALT-006129,236147,2026-07-26 22:53:19,30.07,Medium,Low,P3,Investigating,Tier-1 SOC Analyst,Port Scan,Investigate suspicious activity
ALT-004987,202787,2026-07-26 22:53:20,76.09,High,Medium,P2,Open,Tier-2 SOC Analyst,Suspicious Login,Notify security team
ALT-001063,43582,2026-07-26 22:53:21,99.54,Critical,Critical,P1,Investigating,Incident Response Team,Privilege Escalation,Immediately isolate the endpoint
ALT-000039,2381,2026-07-26 22:53:32,98.04,Critical,Critical,P1,Open,Incident Response Team,Privilege Escalation,Immediately isolate the endpoint
ALT-004393,176644,2026-07-26 22:53:56,100.0,Critical,Critical,P1,Investigating,Incident Response Team,Data Exfiltration,Immediately isolate the endpoint
ALT-006115,235259,2026-07-26 22:54:03,100.0,Critical,Critical,P1,Resolved,Incident Response Team,Privilege Escalation,Immediately isolate the endpoint
ALT-005001,202878,2026-07-26 22:54:03,29.21,Medium,Low,P3,Investigating,Tier-1 SOC Analyst,Policy Violation,Investigate suspicious activity
ALT-002556,90721,2026-07-26 22:54:07,99.53,Critical,Critical,P1,Resolved,Incident Response Team,Ransomware,Immediately isolate the endpoint
ALT-003854,142658,2026-07-26 22:54:10,100.0,Critical,Critical,P1,Open,Incident Response Team,Malware Infection,Immediately isolate the endpoint
ALT-002981,108735,2026-07-26 22:54:26,99.99,Critical,Critical,P1,Open,Incident Response Team,Data Exfiltration,Immediately isolate the endpoint
ALT-000374,13377,2026-07-26 22:54:30,100.0,Critical,Critical,P1,Investigating,Incident Response Team,Privilege Escalation,Immediately isolate the endpoint
ALT-004074,156875,2026-07-26 22:54:50,100.0,Critical,Critical,P1,Open,Incident Response Team,Privilege Escalation,Immediately isolate the endpoint
ALT-000826,31052,2026-07-26 22:54:51,99.97,Critical,Critical,P1,Open,Incident Response Team,Malware Infection,Immediately isolate the endpoint
ALT-002126,74313,2026-07-26 22:54:54,100.0,Critical,Critical,P1,Open,Incident Response Team,Malware Infection,Immediately isolate the endpoint
ALT-003941,148415,2026-07-26 22:55:36,99.93,Critical,Critical,P1,Open,Incident Response Team,Ransomware,Immediately isolate the endpoint
ALT-003974,149305,2026-07-26 22:55:48,99.95,Critical,Critical,P1,Open,Incident Response Team,Privilege Escalation,Immediately isolate the endpoint
ALT-000099,2650,2026-07-26 22:55:49,99.06,Critical,Critical,P1,Open,Incident Response Team,Privilege Escalation,Immediately isolate the endpoint
ALT-001880,63877,2026-07-26 22:55:53,22.64,Medium,Low,P3,Investigating,Tier-1 SOC Analyst,Policy Violation,Investigate suspicious activity
ALT-001234,45996,2026-07-26 22:56:08,99.98,Critical,Critical,P1,Open,Incident Response Team,Data Exfiltration,Immediately isolate the endpoint
ALT-001149,44898,2026-07-26 22:56:34,66.72,High,Medium,P2,Open,Tier-2 SOC Analyst,Unauthorized Access,Notify security team
ALT-005696,225418,2026-07-26 22:56:53,99.96,Critical,Critical,P1,Open,Incident Response Team,Data Exfiltration,Immediately isolate the endpoint
ALT-004018,154635,2026-07-26 22:57:02,100.0,Critical,Critical,P1,Open,Incident Response Team,Ransomware,Immediately isolate the endpoint
ALT-006102,235246,2026-07-26 22:57:06,100.0,Critical,Critical,P1,Investigating,Incident Response Team,Privilege Escalation,Immediately isolate the endpoint
ALT-005247,208173,2026-07-26 22:57:11,100.0,Critical,Critical,P1,Open,Incident Response Team,Data Exfiltration,Immediately isolate the endpoint
ALT-005694,225416,2026-07-26 22:57:27,100.0,Critical,Critical,P1,Open,Incident Response Team,Privilege Escalation,Immediately isolate the endpoint
ALT-006165,238119,2026-07-26 22:57:29,100.0,Critical,Critical,P1,Investigating,Incident Response Team,Data Exfiltration,Immediately isolate the endpoint
ALT-003071,110878,2026-07-26 22:57:43,100.0,Critical,Critical,P1,Open,Incident Response Team,Data Exfiltration,Immediately isolate the endpoint
ALT-004777,196702,2026-07-26 22:59:00,23.98,Medium,Low,P3,Open,Tier-1 SOC Analyst,Abnormal Traffic,Investigate suspicious activity
ALT-004704,189114,2026-07-26 22:59:03,100.0,Critical,Critical,P1,Open,Incident Response Team,Malware Infection,Immediately isolate the endpoint
ALT-001407,52561,2026-07-26 22:59:06,48.04,Medium,Low,P3,Resolved,Tier-1 SOC Analyst,Policy Violation,Investigate suspicious activity
ALT-005529,216601,2026-07-26 22:59:31,44.15,Medium,Low,P3,Open,Tier-1 SOC Analyst,Abnormal Traffic,Investigate suspicious activity
ALT-005259,208185,2026-07-26 23:00:23,100.0,Critical,Critical,P1,Open,Incident Response Team,Data Exfiltration,Immediately isolate the endpoint
ALT-004964,202496,2026-07-26 23:00:25,100.0,Critical,Critical,P1,Open,Incident Response Team,Malware Infection,Immediately isolate the endpoint
ALT-002755,99582,2026-07-26 23:00:47,52.07,High,Medium,P2,Open,Tier-2 SOC Analyst,Brute Force Attack,Notify security team
ALT-002302,81732,2026-07-26 23:00:50,100.0,Critical,Critical,P1,Open,Incident Response Team,Privilege Escalation,Immediately isolate the endpoint
ALT-000261,9929,2026-07-26 23:00:53,55.2,High,Medium,P2,Open,Tier-2 SOC Analyst,Suspicious Login,Notify security team
ALT-005720,225442,2026-07-26 23:00:57,100.0,Critical,Critical,P1,Open,Incident Response Team,Ransomware,Immediately isolate the endpoint
ALT-003979,149739,2026-07-26 23:01:02,20.37,Medium,Low,P3,Resolved,Tier-1 SOC Analyst,Reconnaissance,Investigate suspicious activity
ALT-003420,121715,2026-07-26 23:01:08,70.12,High,Medium,P2,Investigating,Tier-2 SOC Analyst,Network Intrusion,Notify security team
ALT-004102,158655,2026-07-26 23:01:23,76.65,High,Medium,P2,Open,Tier-2 SOC Analyst,Suspicious Login,Notify security team
ALT-004368,174253,2026-07-26 23:01:25,100.0,Critical,Critical,P1,Investigating,Incident Response Team,Ransomware,Immediately isolate the endpoint
ALT-001902,64110,2026-07-26 23:01:30,73.99,High,Medium,P2,Open,Tier-2 SOC Analyst,Suspicious Login,Notify security team
ALT-003549,128097,2026-07-26 23:01:46,100.0,Critical,Critical,P1,Open,Incident Response Team,Malware Infection,Immediately isolate the endpoint
ALT-004398,176649,2026-07-26 23:02:13,100.0,Critical,Critical,P1,Investigating,Incident Response Team,Malware Infection,Immediately isolate the endpoint
ALT-004499,181872,2026-07-26 23:02:40,100.0,Critical,Critical,P1,Investigating,Incident Response Team,Privilege Escalation,Immediately isolate the endpoint
ALT-003756,137984,2026-07-26 23:02:49,99.62,Critical,Critical,P1,Investigating,Incident Response Team,Ransomware,Immediately isolate the endpoint
ALT-002896,105104,2026-07-26 23:02:51,100.0,Critical,Critical,P1,Open,Incident Response Team,Privilege Escalation,Immediately isolate the endpoint
ALT-000973,38870,2026-07-26 23:03:03,100.0,Critical,Critical,P1,Resolved,Incident Response Team,Privilege Escalation,Immediately isolate the endpoint
ALT-002513,85849,2026-07-26 23:03:06,100.0,Critical,Critical,P1,Open,Incident Response Team,Privilege Escalation,Immediately isolate the endpoint
ALT-002133,74320,2026-07-26 23:03:12,100.0,Critical,Critical,P1,Investigating,Incident Response Team,Privilege Escalation,Immediately isolate the endpoint
ALT-000115,4176,2026-07-26 23:03:30,100.0,Critical,Critical,P1,Resolved,Incident Response Team,Ransomware,Immediately isolate the endpoint
ALT-003221,114591,2026-07-26 23:03:52,98.37,Critical,Critical,P1,Open,Incident Response Team,Privilege Escalation,Immediately isolate the endpoint
ALT-002600,92111,2026-07-26 23:04:13,100.0,Critical,Critical,P1,Investigating,Incident Response Team,Malware Infection,Immediately isolate the endpoint
ALT-002610,92121,2026-07-26 23:04:24,100.0,Critical,Critical,P1,Open,Incident Response Team,Malware Infection,Immediately isolate the endpoint
ALT-006150,238104,2026-07-26 23:04:27,100.0,Critical,Critical,P1,Open,Incident Response Team,Data Exfiltration,Immediately isolate the endpoint
ALT-004690,189100,2026-07-26 23:04:59,100.0,Critical,Critical,P1,Open,Incident Response Team,Malware Infection,Immediately isolate the endpoint
ALT-000919,35096,2026-07-26 23:05:02,100.0,Critical,Critical,P1,Open,Incident Response Team,Malware Infection,Immediately isolate the endpoint
ALT-001239,46209,2026-07-26 23:05:20,25.2,Medium,Low,P3,Resolved,Tier-1 SOC Analyst,Abnormal Traffic,Investigate suspicious activity
ALT-004065,156866,2026-07-26 23:06:08,100.0,Critical,Critical,P1,Investigating,Incident Response Team,Privilege Escalation,Immediately isolate the endpoint
ALT-003336,120111,2026-07-26 23:06:13,96.96,Critical,Critical,P1,Open,Incident Response Team,Data Exfiltration,Immediately isolate the endpoint
ALT-005957,232690,2026-07-26 23:06:17,98.79,Critical,Critical,P1,Investigating,Incident Response Team,Data Exfiltration,Immediately isolate the endpoint
ALT-004746,194032,2026-07-26 23:06:33,100.0,Critical,Critical,P1,Resolved,Incident Response Team,Data Exfiltration,Immediately isolate the endpoint
ALT-002510,85846,2026-07-26 23:06:38,100.0,Critical,Critical,P1,Open,Incident Response Team,Data Exfiltration,Immediately isolate the endpoint
ALT-005404,213171,2026-07-26 23:06:51,100.0,Critical,Critical,P1,Resolved,Incident Response Team,Ransomware,Immediately isolate the endpoint
ALT-002192,75942,2026-07-26 23:07:06,27.73,Medium,Low,P3,Open,Tier-1 SOC Analyst,Policy Violation,Investigate suspicious activity
ALT-004547,182811,2026-07-26 23:07:08,54.35,High,Medium,P2,Investigating,Tier-2 SOC Analyst,Unauthorized Access,Notify security team
ALT-001573,56179,2026-07-26 23:07:24,100.0,Critical,Critical,P1,Open,Incident Response Team,Ransomware,Immediately isolate the endpoint
ALT-005897,231385,2026-07-26 23:07:46,99.94,Critical,Critical,P1,Open,Incident Response Team,Data Exfiltration,Immediately isolate the endpoint
ALT-005606,223399,2026-07-26 23:07:49,100.0,Critical,Critical,P1,Open,Incident Response Team,Ransomware,Immediately isolate the endpoint
ALT-002820,103422,2026-07-26 23:07:54,100.0,Critical,Critical,P1,Investigating,Incident Response Team,Data Exfiltration,Immediately isolate the endpoint
ALT-006019,233887,2026-07-26 23:08:03,100.0,Critical,Critical,P1,Open,Incident Response Team,Ransomware,Immediately isolate the endpoint
ALT-001455,53783,2026-07-26 23:08:12,58.52,High,Medium,P2,Open,Tier-2 SOC Analyst,Network Intrusion,Notify security team
ALT-003387,121267,2026-07-26 23:08:29,99.99,Critical,Critical,P1,Open,Incident Response Team,Malware Infection,Immediately isolate the endpoint
ALT-001983,66988,2026-07-26 23:08:43,99.9,Critical,Critical,P1,Resolved,Incident Response Team,Ransomware,Immediately isolate the endpoint
ALT-004528,182734,2026-07-26 23:08:44,46.79,Medium,Low,P3,Open,Tier-1 SOC Analyst,Abnormal Traffic,Investigate suspicious activity
ALT-001415,52839,2026-07-26 23:08:50,50.04,High,Medium,P2,Open,Tier-2 SOC Analyst,Suspicious Login,Notify security team
ALT-000483,17640,2026-07-26 23:09:56,100.0,Critical,Critical,P1,Open,Incident Response Team,Data Exfiltration,Immediately isolate the endpoint
ALT-003154,112234,2026-07-26 23:10:24,32.74,Medium,Low,P3,Open,Tier-1 SOC Analyst,Abnormal Traffic,Investigate suspicious activity
ALT-000748,28153,2026-07-26 23:10:31,98.09,Critical,Critical,P1,Investigating,Incident Response Team,Data Exfiltration,Immediately isolate the endpoint
ALT-005231,207285,2026-07-26 23:10:45,100.0,Critical,Critical,P1,Investigating,Incident Response Team,Privilege Escalation,Immediately isolate the endpoint
ALT-002215,76231,2026-07-26 23:11:04,100.0,Critical,Critical,P1,Open,Incident Response Team,Malware Infection,Immediately isolate the endpoint
ALT-002408,84065,2026-07-26 23:11:10,100.0,Critical,Critical,P1,Open,Incident Response Team,Data Exfiltration,Immediately isolate the endpoint
ALT-005483,214412,2026-07-26 23:11:13,100.0,Critical,Critical,P1,Investigating,Incident Response Team,Data Exfiltration,Immediately isolate the endpoint
ALT-000412,14696,2026-07-26 23:11:40,100.0,Critical,Critical,P1,Open,Incident Response Team,Privilege Escalation,Immediately isolate the endpoint
ALT-003322,119215,2026-07-26 23:11:40,99.91,Critical,Critical,P1,Investigating,Incident Response Team,Malware Infection,Immediately isolate the endpoint
ALT-004047,155186,2026-07-26 23:11:49,99.69,Critical,Critical,P1,Investigating,Incident Response Team,Data Exfiltration,Immediately isolate the endpoint
ALT-002910,105804,2026-07-26 23:12:04,100.0,Critical,Critical,P1,Investigating,Incident Response Team,Ransomware,Immediately isolate the endpoint
ALT-005066,203238,2026-07-26 23:12:08,100.0,Critical,Critical,P1,Open,Incident Response Team,Data Exfiltration,Immediately isolate the endpoint
ALT-003636,135889,2026-07-26 23:12:27,100.0,Critical,Critical,P1,Open,Incident Response Team,Ransomware,Immediately isolate the endpoint
ALT-002263,78476,2026-07-26 23:12:34,48.61,Medium,Low,P3,Resolved,Tier-1 SOC Analyst,Port Scan,Investigate suspicious activity
ALT-001535,54834,2026-07-26 23:13:16,100.0,Critical,Critical,P1,Open,Incident Response Team,Data Exfiltration,Immediately isolate the endpoint
ALT-004275,167670,2026-07-26 23:13:19,99.66,Critical,Critical,P1,Investigating,Incident Response Team,Malware Infection,Immediately isolate the endpoint
ALT-004408,176909,2026-07-26 23:13:29,100.0,Critical,Critical,P1,Open,Incident Response Team,Privilege Escalation,Immediately isolate the endpoint
ALT-002418,84075,2026-07-26 23:13:36,100.0,Critical,Critical,P1,Investigating,Incident Response Team,Privilege Escalation,Immediately isolate the endpoint
ALT-002546,86298,2026-07-26 23:13:45,49.16,Medium,Low,P3,Open,Tier-1 SOC Analyst,Reconnaissance,Investigate suspicious activity
ALT-004638,186287,2026-07-26 23:13:48,99.98,Critical,Critical,P1,Open,Incident Response Team,Data Exfiltration,Immediately isolate the endpoint
ALT-000035,2377,2026-07-26 23:14:00,97.98,Critical,Critical,P1,Open,Incident Response Team,Ransomware,Immediately isolate the endpoint
ALT-000105,2656,2026-07-26 23:14:24,99.22,Critical,Critical,P1,Investigating,Incident Response Team,Data Exfiltration,Immediately isolate the endpoint
ALT-003093,111870,2026-07-26 23:14:33,22.41,Medium,Low,P3,Investigating,Tier-1 SOC Analyst,Port Scan,Investigate suspicious activity
ALT-000082,2633,2026-07-26 23:14:52,99.09,Critical,Critical,P1,Open,Incident Response Team,Ransomware,Immediately isolate the endpoint
ALT-002470,85369,2026-07-26 23:14:58,34.02,Medium,Low,P3,Open,Tier-1 SOC Analyst,Port Scan,Investigate suspicious activity
ALT-003439,123140,2026-07-26 23:14:59,97.77,Critical,Critical,P1,Investigating,Incident Response Team,Malware Infection,Immediately isolate the endpoint
ALT-001754,60640,2026-07-26 23:15:03,100.0,Critical,Critical,P1,Open,Incident Response Team,Data Exfiltration,Immediately isolate the endpoint
ALT-004290,167685,2026-07-26 23:15:06,99.95,Critical,Critical,P1,Open,Incident Response Team,Ransomware,Immediately isolate the endpoint
ALT-000898,34308,2026-07-26 23:15:10,100.0,Critical,Critical,P1,Open,Incident Response Team,Privilege Escalation,Immediately isolate the endpoint
ALT-002051,69550,2026-07-26 23:15:56,100.0,Critical,Critical,P1,Open,Incident Response Team,Malware Infection,Immediately isolate the endpoint
ALT-004972,202772,2026-07-26 23:15:57,63.18,High,Medium,P2,Open,Tier-2 SOC Analyst,Brute Force Attack,Notify security team
ALT-004844,200773,2026-07-26 23:16:19,99.5,Critical,Critical,P1,Open,Incident Response Team,Data Exfiltration,Immediately isolate the endpoint
ALT-002117,74304,2026-07-26 23:16:23,100.0,Critical,Critical,P1,Open,Incident Response Team,Data Exfiltration,Immediately isolate the endpoint
ALT-006134,238088,2026-07-26 23:16:27,99.99,Critical,Critical,P1,Open,Incident Response Team,Data Exfiltration,Immediately isolate the endpoint
ALT-003663,136406,2026-07-26 23:16:34,100.0,Critical,Critical,P1,Open,Incident Response Team,Ransomware,Immediately isolate the endpoint
ALT-003639,135892,2026-07-26 23:16:37,99.56,Critical,Critical,P1,Open,Incident Response Team,Malware Infection,Immediately isolate the endpoint
ALT-004673,186621,2026-07-26 23:17:15,43.96,Medium,Low,P3,Open,Tier-1 SOC Analyst,Reconnaissance,Investigate suspicious activity
ALT-003365,120140,2026-07-26 23:17:28,97.91,Critical,Critical,P1,Investigating,Incident Response Team,Malware Infection,Immediately isolate the endpoint
ALT-005074,203434,2026-07-26 23:17:34,100.0,Critical,Critical,P1,Open,Incident Response Team,Ransomware,Immediately isolate the endpoint
ALT-000405,14689,2026-07-26 23:17:52,100.0,Critical,Critical,P1,Open,Incident Response Team,Ransomware,Immediately isolate the endpoint
ALT-003746,137639,2026-07-26 23:18:13,100.0,Critical,Critical,P1,Open,Incident Response Team,Privilege Escalation,Immediately isolate the endpoint
ALT-004250,166322,2026-07-26 23:18:37,100.0,Critical,Critical,P1,Open,Incident Response Team,Data Exfiltration,Immediately isolate the endpoint
ALT-004861,201001,2026-07-26 23:18:40,52.82,High,Medium,P2,Open,Tier-2 SOC Analyst,Brute Force Attack,Notify security team
ALT-005157,205595,2026-07-26 23:18:56,100.0,Critical,Critical,P1,Open,Incident Response Team,Ransomware,Immediately isolate the endpoint
ALT-004963,202495,2026-07-26 23:20:03,100.0,Critical,Critical,P1,Investigating,Incident Response Team,Privilege Escalation,Immediately isolate the endpoint
ALT-003969,149300,2026-07-26 23:20:10,99.96,Critical,Critical,P1,Open,Incident Response Team,Data Exfiltration,Immediately isolate the endpoint
ALT-000384,13387,2026-07-26 23:20:38,100.0,Critical,Critical,P1,Resolved,Incident Response Team,Data Exfiltration,Immediately isolate the endpoint
ALT-004851,200991,2026-07-26 23:20:48,52.02,High,Medium,P2,Open,Tier-2 SOC Analyst,Brute Force Attack,Notify security team
ALT-000854,32746,2026-07-26 23:20:58,100.0,Critical,Critical,P1,Open,Incident Response Team,Malware Infection,Immediately isolate the endpoint
ALT-001909,64511,2026-07-26 23:21:14,99.99,Critical,Critical,P1,Open,Incident Response Team,Malware Infection,Immediately isolate the endpoint
ALT-000034,2376,2026-07-26 23:21:22,98.04,Critical,Critical,P1,Open,Incident Response Team,Privilege Escalation,Immediately isolate the endpoint
ALT-000177,5714,2026-07-26 23:21:43,99.87,Critical,Critical,P1,Open,Incident Response Team,Data Exfiltration,Immediately isolate the endpoint
ALT-003306,118047,2026-07-26 23:21:57,100.0,Critical,Critical,P1,Investigating,Incident Response Team,Privilege Escalation,Immediately isolate the endpoint
ALT-001095,44814,2026-07-26 23:22:16,100.0,Critical,Critical,P1,Open,Incident Response Team,Data Exfiltration,Immediately isolate the endpoint
ALT-004366,174251,2026-07-26 23:23:26,100.0,Critical,Critical,P1,Resolved,Incident Response Team,Ransomware,Immediately isolate the endpoint
ALT-001031,40487,2026-07-26 23:23:44,100.0,Critical,Critical,P1,Investigating,Incident Response Team,Data Exfiltration,Immediately isolate the endpoint
ALT-000897,34307,2026-07-26 23:23:51,100.0,Critical,Critical,P1,Open,Incident Response Team,Data Exfiltration,Immediately isolate the endpoint
ALT-001662,58886,2026-07-26 23:24:12,98.91,Critical,Critical,P1,Open,Incident Response Team,Ransomware,Immediately isolate the endpoint
ALT-001917,64519,2026-07-26 23:24:16,99.99,Critical,Critical,P1,Open,Incident Response Team,Ransomware,Immediately isolate the endpoint
ALT-005983,233148,2026-07-26 23:24:19,100.0,Critical,Critical,P1,Open,Incident Response Team,Privilege Escalation,Immediately isolate the endpoint
ALT-001764,61143,2026-07-26 23:24:42,100.0,Critical,Critical,P1,Open,Incident Response Team,Data Exfiltration,Immediately isolate the endpoint
ALT-003095,111872,2026-07-26 23:24:52,21.86,Medium,Low,P3,Open,Tier-1 SOC Analyst,Port Scan,Investigate suspicious activity
ALT-000649,26272,2026-07-26 23:24:55,100.0,Critical,Critical,P1,Open,Incident Response Team,Malware Infection,Immediately isolate the endpoint
ALT-003108,112187,2026-07-26 23:25:09,34.23,Medium,Low,P3,Open,Tier-1 SOC Analyst,Policy Violation,Investigate suspicious activity
ALT-005477,214406,2026-07-26 23:25:11,100.0,Critical,Critical,P1,Resolved,Incident Response Team,Privilege Escalation,Immediately isolate the endpoint
ALT-004915,201950,2026-07-26 23:25:37,100.0,Critical,Critical,P1,Investigating,Incident Response Team,Privilege Escalation,Immediately isolate the endpoint
ALT-000267,9937,2026-07-26 23:25:57,88.25,Critical,Critical,P1,Resolved,Incident Response Team,Privilege Escalation,Immediately isolate the endpoint
ALT-001476,53818,2026-07-26 23:25:58,55.14,High,Medium,P2,Open,Tier-2 SOC Analyst,Suspicious Login,Notify security team
ALT-003624,135877,2026-07-26 23:26:00,99.45,Critical,Critical,P1,Open,Incident Response Team,Malware Infection,Immediately isolate the endpoint
ALT-005979,232712,2026-07-26 23:26:35,98.83,Critical,Critical,P1,Open,Incident Response Team,Privilege Escalation,Immediately isolate the endpoint
ALT-004239,166311,2026-07-26 23:26:42,100.0,Critical,Critical,P1,Open,Incident Response Team,Malware Infection,Immediately isolate the endpoint
ALT-000911,35088,2026-07-26 23:26:58,100.0,Critical,Critical,P1,Open,Incident Response Team,Privilege Escalation,Immediately isolate the endpoint
ALT-005289,210574,2026-07-26 23:27:07,99.25,Critical,Critical,P1,Investigating,Incident Response Team,Data Exfiltration,Immediately isolate the endpoint
ALT-005725,229283,2026-07-26 23:27:14,35.43,Medium,Low,P3,Investigating,Tier-1 SOC Analyst,Policy Violation,Investigate suspicious activity
ALT-002136,74323,2026-07-26 23:27:33,100.0,Critical,Critical,P1,Open,Incident Response Team,Data Exfiltration,Immediately isolate the endpoint
ALT-000071,2622,2026-07-26 23:27:59,99.09,Critical,Critical,P1,Open,Incident Response Team,Ransomware,Immediately isolate the endpoint
ALT-005213,207267,2026-07-26 23:28:02,100.0,Critical,Critical,P1,Open,Incident Response Team,Data Exfiltration,Immediately isolate the endpoint
ALT-000589,21699,2026-07-26 23:28:10,100.0,Critical,Critical,P1,Open,Incident Response Team,Ransomware,Immediately isolate the endpoint
ALT-003316,119209,2026-07-26 23:28:49,99.84,Critical,Critical,P1,Open,Incident Response Team,Malware Infection,Immediately isolate the endpoint
ALT-004455,180529,2026-07-26 23:29:03,100.0,Critical,Critical,P1,Open,Incident Response Team,Malware Infection,Immediately isolate the endpoint
ALT-004857,200997,2026-07-26 23:29:05,53.78,High,Medium,P2,Open,Tier-2 SOC Analyst,Network Intrusion,Notify security team
ALT-001951,65963,2026-07-26 23:29:09,100.0,Critical,Critical,P1,Resolved,Incident Response Team,Privilege Escalation,Immediately isolate the endpoint
ALT-005528,216600,2026-07-26 23:29:11,50.92,High,Medium,P2,Open,Tier-2 SOC Analyst,Suspicious Login,Notify security team
ALT-000347,13150,2026-07-26 23:29:14,100.0,Critical,Critical,P1,Investigating,Incident Response Team,Privilege Escalation,Immediately isolate the endpoint
ALT-000359,13162,2026-07-26 23:29:21,100.0,Critical,Critical,P1,Open,Incident Response Team,Malware Infection,Immediately isolate the endpoint
ALT-003998,152940,2026-07-26 23:29:24,100.0,Critical,Critical,P1,Open,Incident Response Team,Malware Infection,Immediately isolate the endpoint
ALT-003596,131703,2026-07-26 23:29:40,100.0,Critical,Critical,P1,Open,Incident Response Team,Ransomware,Immediately isolate the endpoint
ALT-005116,204239,2026-07-26 23:29:47,100.0,Critical,Critical,P1,Open,Incident Response Team,Malware Infection,Immediately isolate the endpoint
ALT-001228,45990,2026-07-26 23:30:00,100.0,Critical,Critical,P1,Open,Incident Response Team,Privilege Escalation,Immediately isolate the endpoint
ALT-005751,229610,2026-07-26 23:30:13,100.0,Critical,Critical,P1,Investigating,Incident Response Team,Data Exfiltration,Immediately isolate the endpoint
ALT-003867,142671,2026-07-26 23:30:17,100.0,Critical,Critical,P1,Investigating,Incident Response Team,Ransomware,Immediately isolate the endpoint
ALT-001172,44921,2026-07-26 23:30:53,67.48,High,Medium,P2,Open,Tier-2 SOC Analyst,Brute Force Attack,Notify security team
ALT-001804,61233,2026-07-26 23:32:00,99.54,Critical,Critical,P1,Open,Incident Response Team,Privilege Escalation,Immediately isolate the endpoint
ALT-005324,210714,2026-07-26 23:32:07,54.88,High,Medium,P2,Resolved,Tier-2 SOC Analyst,Brute Force Attack,Notify security team
ALT-001018,40474,2026-07-26 23:32:42,100.0,Critical,Critical,P1,Open,Incident Response Team,Privilege Escalation,Immediately isolate the endpoint
ALT-001429,52853,2026-07-26 23:32:59,49.65,Medium,Low,P3,Open,Tier-1 SOC Analyst,Reconnaissance,Investigate suspicious activity
ALT-001309,49245,2026-07-26 23:33:10,100.0,Critical,Critical,P1,Open,Incident Response Team,Malware Infection,Immediately isolate the endpoint
ALT-001090,44809,2026-07-26 23:34:32,100.0,Critical,Critical,P1,Investigating,Incident Response Team,Privilege Escalation,Immediately isolate the endpoint
ALT-005723,229281,2026-07-26 23:34:41,35.03,Medium,Low,P3,Resolved,Tier-1 SOC Analyst,Reconnaissance,Investigate suspicious activity
ALT-004134,159353,2026-07-26 23:34:45,99.29,Critical,Critical,P1,Open,Incident Response Team,Data Exfiltration,Immediately isolate the endpoint
ALT-002284,81714,2026-07-26 23:34:55,100.0,Critical,Critical,P1,Investigating,Incident Response Team,Ransomware,Immediately isolate the endpoint
ALT-000207,7744,2026-07-26 23:34:57,100.0,Critical,Critical,P1,Investigating,Incident Response Team,Data Exfiltration,Immediately isolate the endpoint
ALT-003495,126472,2026-07-26 23:35:04,100.0,Critical,Critical,P1,Open,Incident Response Team,Privilege Escalation,Immediately isolate the endpoint
ALT-005166,205604,2026-07-26 23:35:06,99.12,Critical,Critical,P1,Open,Incident Response Team,Malware Infection,Immediately isolate the endpoint
ALT-002781,99608,2026-07-26 23:35:15,41.29,Medium,Low,P3,Open,Tier-1 SOC Analyst,Policy Violation,Investigate suspicious activity
ALT-000040,2382,2026-07-26 23:35:26,98.09,Critical,Critical,P1,Resolved,Incident Response Team,Privilege Escalation,Immediately isolate the endpoint
ALT-003111,112190,2026-07-26 23:35:38,33.62,Medium,Low,P3,Open,Tier-1 SOC Analyst,Policy Violation,Investigate suspicious activity
ALT-005212,207266,2026-07-26 23:35:50,100.0,Critical,Critical,P1,Investigating,Incident Response Team,Privilege Escalation,Immediately isolate the endpoint
ALT-003842,142179,2026-07-26 23:36:02,100.0,Critical,Critical,P1,Open,Incident Response Team,Malware Infection,Immediately isolate the endpoint
ALT-004595,185248,2026-07-26 23:36:05,100.0,Critical,Critical,P1,Investigating,Incident Response Team,Data Exfiltration,Immediately isolate the endpoint
ALT-005323,210713,2026-07-26 23:36:08,54.69,High,Medium,P2,Open,Tier-2 SOC Analyst,Suspicious Login,Notify security team
ALT-003062,110869,2026-07-26 23:36:09,100.0,Critical,Critical,P1,Open,Incident Response Team,Data Exfiltration,Immediately isolate the endpoint
ALT-001545,54844,2026-07-26 23:36:10,100.0,Critical,Critical,P1,Investigating,Incident Response Team,Privilege Escalation,Immediately isolate the endpoint
ALT-001712,60048,2026-07-26 23:36:12,100.0,Critical,Critical,P1,Investigating,Incident Response Team,Ransomware,Immediately isolate the endpoint
ALT-001370,51484,2026-07-26 23:36:20,100.0,Critical,Critical,P1,Investigating,Incident Response Team,Data Exfiltration,Immediately isolate the endpoint
ALT-002375,84012,2026-07-26 23:36:48,100.0,Critical,Critical,P1,Open,Incident Response Team,Data Exfiltration,Immediately isolate the endpoint
ALT-003207,114577,2026-07-26 23:37:16,97.43,Critical,Critical,P1,Investigating,Incident Response Team,Ransomware,Immediately isolate the endpoint
ALT-003225,114595,2026-07-26 23:37:19,98.32,Critical,Critical,P1,Open,Incident Response Team,Malware Infection,Immediately isolate the endpoint
ALT-003524,126681,2026-07-26 23:37:27,99.02,Critical,Critical,P1,Open,Incident Response Team,Malware Infection,Immediately isolate the endpoint
ALT-003072,110879,2026-07-26 23:37:39,100.0,Critical,Critical,P1,Open,Incident Response Team,Ransomware,Immediately isolate the endpoint
ALT-000815,31041,2026-07-26 23:37:42,99.91,Critical,Critical,P1,Open,Incident Response Team,Malware Infection,Immediately isolate the endpoint
ALT-004164,159383,2026-07-26 23:37:55,100.0,Critical,Critical,P1,Open,Incident Response Team,Privilege Escalation,Immediately isolate the endpoint
ALT-002647,95362,2026-07-26 23:38:04,46.84,Medium,Low,P3,Resolved,Tier-1 SOC Analyst,Policy Violation,Investigate suspicious activity
ALT-001353,51467,2026-07-26 23:38:04,100.0,Critical,Critical,P1,Open,Incident Response Team,Privilege Escalation,Immediately isolate the endpoint
ALT-000137,4198,2026-07-26 23:38:14,100.0,Critical,Critical,P1,Investigating,Incident Response Team,Ransomware,Immediately isolate the endpoint
ALT-005408,213175,2026-07-26 23:38:16,100.0,Critical,Critical,P1,Open,Incident Response Team,Malware Infection,Immediately isolate the endpoint
ALT-001061,43580,2026-07-26 23:38:59,100.0,Critical,Critical,P1,Open,Incident Response Team,Malware Infection,Immediately isolate the endpoint
ALT-001699,60035,2026-07-26 23:39:02,100.0,Critical,Critical,P1,Open,Incident Response Team,Privilege Escalation,Immediately isolate the endpoint
ALT-004050,155189,2026-07-26 23:39:03,99.67,Critical,Critical,P1,Resolved,Incident Response Team,Ransomware,Immediately isolate the endpoint
ALT-003648,136391,2026-07-26 23:39:08,100.0,Critical,Critical,P1,Investigating,Incident Response Team,Privilege Escalation,Immediately isolate the endpoint
ALT-003922,147830,2026-07-26 23:39:17,100.0,Critical,Critical,P1,Resolved,Incident Response Team,Ransomware,Immediately isolate the endpoint
ALT-003009,108763,2026-07-26 23:39:38,100.0,Critical,Critical,P1,Resolved,Incident Response Team,Malware Infection,Immediately isolate the endpoint
ALT-001328,49264,2026-07-26 23:40:01,99.86,Critical,Critical,P1,Open,Incident Response Team,Malware Infection,Immediately isolate the endpoint
ALT-001913,64515,2026-07-26 23:40:06,99.99,Critical,Critical,P1,Open,Incident Response Team,Data Exfiltration,Immediately isolate the endpoint
ALT-003168,112787,2026-07-26 23:40:08,21.01,Medium,Low,P3,Investigating,Tier-1 SOC Analyst,Abnormal Traffic,Investigate suspicious activity
ALT-005455,214384,2026-07-26 23:40:21,100.0,Critical,Critical,P1,Open,Incident Response Team,Data Exfiltration,Immediately isolate the endpoint
ALT-003106,112185,2026-07-26 23:40:22,32.79,Medium,Low,P3,Open,Tier-1 SOC Analyst,Port Scan,Investigate suspicious activity
ALT-000827,31053,2026-07-26 23:40:32,99.77,Critical,Critical,P1,Open,Incident Response Team,Ransomware,Immediately isolate the endpoint
ALT-001203,45482,2026-07-26 23:40:45,100.0,Critical,Critical,P1,Open,Incident Response Team,Data Exfiltration,Immediately isolate the endpoint
ALT-000504,18976,2026-07-26 23:40:49,100.0,Critical,Critical,P1,Open,Incident Response Team,Malware Infection,Immediately isolate the endpoint
ALT-004895,201535,2026-07-26 23:41:00,99.99,Critical,Critical,P1,Open,Incident Response Team,Ransomware,Immediately isolate the endpoint
ALT-003352,120127,2026-07-26 23:41:13,97.58,Critical,Critical,P1,Open,Incident Response Team,Ransomware,Immediately isolate the endpoint
ALT-003965,149296,2026-07-26 23:41:14,99.97,Critical,Critical,P1,Open,Incident Response Team,Data Exfiltration,Immediately isolate the endpoint
ALT-006122,236131,2026-07-26 23:41:17,22.93,Medium,Low,P3,Open,Tier-1 SOC Analyst,Abnormal Traffic,Investigate suspicious activity
ALT-006029,233897,2026-07-26 23:41:19,100.0,Critical,Critical,P1,Open,Incident Response Team,Ransomware,Immediately isolate the endpoint
ALT-001379,51493,2026-07-26 23:41:23,100.0,Critical,Critical,P1,Investigating,Incident Response Team,Privilege Escalation,Immediately isolate the endpoint
ALT-002346,83757,2026-07-26 23:41:41,51.29,High,Medium,P2,Open,Tier-2 SOC Analyst,Suspicious Login,Notify security team
ALT-001988,66993,2026-07-26 23:41:53,99.92,Critical,Critical,P1,Open,Incident Response Team,Malware Infection,Immediately isolate the endpoint
ALT-002286,81716,2026-07-26 23:42:03,100.0,Critical,Critical,P1,Investigating,Incident Response Team,Privilege Escalation,Immediately isolate the endpoint
ALT-003165,112784,2026-07-26 23:42:32,21.59,Medium,Low,P3,Open,Tier-1 SOC Analyst,Abnormal Traffic,Investigate suspicious activity
ALT-001138,44857,2026-07-26 23:42:37,43.67,Medium,Low,P3,Open,Tier-1 SOC Analyst,Abnormal Traffic,Investigate suspicious activity
ALT-005637,223720,2026-07-26 23:42:49,99.67,Critical,Critical,P1,Investigating,Incident Response Team,Malware Infection,Immediately isolate the endpoint
ALT-003719,137612,2026-07-26 23:43:11,100.0,Critical,Critical,P1,Open,Incident Response Team,Malware Infection,Immediately isolate the endpoint
ALT-001993,66998,2026-07-26 23:43:49,99.93,Critical,Critical,P1,Investigating,Incident Response Team,Ransomware,Immediately isolate the endpoint
ALT-000838,31064,2026-07-26 23:44:15,100.0,Critical,Critical,P1,Investigating,Incident Response Team,Ransomware,Immediately isolate the endpoint
ALT-001825,62276,2026-07-26 23:44:30,99.15,Critical,Critical,P1,Investigating,Incident Response Team,Privilege Escalation,Immediately isolate the endpoint
ALT-003003,108757,2026-07-26 23:44:52,99.99,Critical,Critical,P1,Open,Incident Response Team,Privilege Escalation,Immediately isolate the endpoint
ALT-005526,216598,2026-07-26 23:45:24,45.45,Medium,Low,P3,Open,Tier-1 SOC Analyst,Policy Violation,Investigate suspicious activity
ALT-005309,210594,2026-07-26 23:45:39,99.05,Critical,Critical,P1,Open,Incident Response Team,Ransomware,Immediately isolate the endpoint
ALT-002012,67700,2026-07-26 23:45:43,27.24,Medium,Low,P3,Open,Tier-1 SOC Analyst,Port Scan,Investigate suspicious activity
ALT-003160,112774,2026-07-26 23:45:54,20.83,Medium,Low,P3,Open,Tier-1 SOC Analyst,Reconnaissance,Investigate suspicious activity
ALT-003899,146559,2026-07-26 23:46:03,63.84,High,Medium,P2,Open,Tier-2 SOC Analyst,Suspicious Login,Notify security team
ALT-005349,210998,2026-07-26 23:46:11,51.43,High,Medium,P2,Open,Tier-2 SOC Analyst,Unauthorized Access,Notify security team
ALT-003597,131704,2026-07-26 23:46:31,100.0,Critical,Critical,P1,Open,Incident Response Team,Privilege Escalation,Immediately isolate the endpoint
ALT-005079,203439,2026-07-26 23:47:05,100.0,Critical,Critical,P1,Open,Incident Response Team,Malware Infection,Immediately isolate the endpoint
ALT-005709,225431,2026-07-26 23:47:15,100.0,Critical,Critical,P1,Open,Incident Response Team,Data Exfiltration,Immediately isolate the endpoint
ALT-004932,201967,2026-07-26 23:47:18,100.0,Critical,Critical,P1,Investigating,Incident Response Team,Data Exfiltration,Immediately isolate the endpoint
ALT-002544,86296,2026-07-26 23:47:31,48.74,Medium,Low,P3,Open,Tier-1 SOC Analyst,Reconnaissance,Investigate suspicious activity
ALT-003203,114573,2026-07-26 23:47:43,97.4,Critical,Critical,P1,Open,Incident Response Team,Ransomware,Immediately isolate the endpoint
ALT-004920,201955,2026-07-26 23:47:52,100.0,Critical,Critical,P1,Resolved,Incident Response Team,Privilege Escalation,Immediately isolate the endpoint
ALT-005541,216613,2026-07-26 23:47:56,28.04,Medium,Low,P3,Open,Tier-1 SOC Analyst,Abnormal Traffic,Investigate suspicious activity
ALT-003244,115154,2026-07-26 23:48:22,100.0,Critical,Critical,P1,Open,Incident Response Team,Privilege Escalation,Immediately isolate the endpoint
ALT-004737,191732,2026-07-26 23:48:25,100.0,Critical,Critical,P1,Open,Incident Response Team,Data Exfiltration,Immediately isolate the endpoint
ALT-003153,112233,2026-07-26 23:48:43,42.13,Medium,Low,P3,Investigating,Tier-1 SOC Analyst,Port Scan,Investigate suspicious activity
ALT-001736,60622,2026-07-26 23:49:00,100.0,Critical,Critical,P1,Open,Incident Response Team,Ransomware,Immediately isolate the endpoint
ALT-001523,54822,2026-07-26 23:49:09,100.0,Critical,Critical,P1,Open,Incident Response Team,Malware Infection,Immediately isolate the endpoint
ALT-000506,18978,2026-07-26 23:49:24,100.0,Critical,Critical,P1,Open,Incident Response Team,Ransomware,Immediately isolate the endpoint
ALT-002101,70764,2026-07-26 23:49:53,100.0,Critical,Critical,P1,Investigating,Incident Response Team,Data Exfiltration,Immediately isolate the endpoint
ALT-000466,15580,2026-07-26 23:50:24,100.0,Critical,Critical,P1,Open,Incident Response Team,Data Exfiltration,Immediately isolate the endpoint
ALT-000777,29906,2026-07-26 23:50:32,100.0,Critical,Critical,P1,Open,Incident Response Team,Privilege Escalation,Immediately isolate the endpoint
ALT-003138,112217,2026-07-26 23:51:06,27.92,Medium,Low,P3,Investigating,Tier-1 SOC Analyst,Reconnaissance,Investigate suspicious activity
ALT-003702,136959,2026-07-26 23:51:19,100.0,Critical,Critical,P1,Open,Incident Response Team,Privilege Escalation,Immediately isolate the endpoint
ALT-000167,5413,2026-07-26 23:51:29,100.0,Critical,Critical,P1,Investigating,Incident Response Team,Data Exfiltration,Immediately isolate the endpoint
ALT-006116,235260,2026-07-26 23:51:54,100.0,Critical,Critical,P1,Open,Incident Response Team,Privilege Escalation,Immediately isolate the endpoint
ALT-005547,217554,2026-07-26 23:52:02,98.79,Critical,Critical,P1,Investigating,Incident Response Team,Malware Infection,Immediately isolate the endpoint
ALT-000047,2389,2026-07-26 23:52:02,99.47,Critical,Critical,P1,Open,Incident Response Team,Data Exfiltration,Immediately isolate the endpoint
ALT-004551,182815,2026-07-26 23:52:17,53.16,High,Medium,P2,Investigating,Tier-2 SOC Analyst,Network Intrusion,Notify security team
ALT-001697,60033,2026-07-26 23:52:31,100.0,Critical,Critical,P1,Resolved,Incident Response Team,Ransomware,Immediately isolate the endpoint
ALT-000295,10083,2026-07-26 23:52:44,100.0,Critical,Critical,P1,Open,Incident Response Team,Data Exfiltration,Immediately isolate the endpoint
ALT-004581,185234,2026-07-26 23:52:49,100.0,Critical,Critical,P1,Open,Incident Response Team,Ransomware,Immediately isolate the endpoint
ALT-005965,232698,2026-07-26 23:52:54,98.69,Critical,Critical,P1,Open,Incident Response Team,Malware Infection,Immediately isolate the endpoint
ALT-003273,117561,2026-07-26 23:53:01,100.0,Critical,Critical,P1,Open,Incident Response Team,Privilege Escalation,Immediately isolate the endpoint
ALT-005839,230821,2026-07-26 23:53:50,99.99,Critical,Critical,P1,Open,Incident Response Team,Ransomware,Immediately isolate the endpoint
ALT-005609,223402,2026-07-26 23:53:59,99.94,Critical,Critical,P1,Open,Incident Response Team,Data Exfiltration,Immediately isolate the endpoint
ALT-000585,21695,2026-07-26 23:54:07,100.0,Critical,Critical,P1,Open,Incident Response Team,Privilege Escalation,Immediately isolate the endpoint
ALT-003227,114597,2026-07-26 23:54:12,98.04,Critical,Critical,P1,Open,Incident Response Team,Data Exfiltration,Immediately isolate the endpoint
ALT-005537,216609,2026-07-26 23:54:15,41.94,Medium,Low,P3,Open,Tier-1 SOC Analyst,Policy Violation,Investigate suspicious activity
ALT-005666,225181,2026-07-26 23:54:39,100.0,Critical,Critical,P1,Investigating,Incident Response Team,Ransomware,Immediately isolate the endpoint
ALT-004695,189105,2026-07-26 23:54:48,100.0,Critical,Critical,P1,Open,Incident Response Team,Ransomware,Immediately isolate the endpoint
ALT-002034,69533,2026-07-26 23:55:17,100.0,Critical,Critical,P1,Open,Incident Response Team,Privilege Escalation,Immediately isolate the endpoint
ALT-002120,74307,2026-07-26 23:55:38,100.0,Critical,Critical,P1,Open,Incident Response Team,Malware Infection,Immediately isolate the endpoint
ALT-001498,53840,2026-07-26 23:55:47,55.33,High,Medium,P2,Open,Tier-2 SOC Analyst,Unauthorized Access,Notify security team
ALT-005742,229300,2026-07-26 23:56:05,34.84,Medium,Low,P3,Open,Tier-1 SOC Analyst,Policy Violation,Investigate suspicious activity
ALT-000602,24905,2026-07-26 23:56:18,100.0,Critical,Critical,P1,Open,Incident Response Team,Malware Infection,Immediately isolate the endpoint
ALT-004520,182724,2026-07-26 23:56:36,53.04,High,Medium,P2,Open,Tier-2 SOC Analyst,Unauthorized Access,Notify security team
ALT-002833,103803,2026-07-26 23:56:40,99.52,Critical,Critical,P1,Investigating,Incident Response Team,Malware Infection,Immediately isolate the endpoint
ALT-001386,51923,2026-07-26 23:57:03,100.0,Critical,Critical,P1,Open,Incident Response Team,Data Exfiltration,Immediately isolate the endpoint
ALT-004837,200766,2026-07-26 23:57:28,99.49,Critical,Critical,P1,Investigating,Incident Response Team,Malware Infection,Immediately isolate the endpoint
ALT-005364,211014,2026-07-26 23:57:47,52.09,High,Medium,P2,Investigating,Tier-2 SOC Analyst,Brute Force Attack,Notify security team
ALT-004272,167667,2026-07-26 23:58:01,99.64,Critical,Critical,P1,Investigating,Incident Response Team,Data Exfiltration,Immediately isolate the endpoint
ALT-003698,136955,2026-07-26 23:58:35,100.0,Critical,Critical,P1,Resolved,Incident Response Team,Ransomware,Immediately isolate the endpoint
ALT-006084,234886,2026-07-26 23:58:37,96.86,Critical,Critical,P1,Open,Incident Response Team,Privilege Escalation,Immediately isolate the endpoint
ALT-000528,19833,2026-07-26 23:58:44,98.95,Critical,Critical,P1,Open,Incident Response Team,Privilege Escalation,Immediately isolate the endpoint
ALT-001534,54833,2026-07-26 23:58:46,100.0,Critical,Critical,P1,Investigating,Incident Response Team,Malware Infection,Immediately isolate the endpoint
ALT-004772,196696,2026-07-26 23:59:06,29.18,Medium,Low,P3,Open,Tier-1 SOC Analyst,Abnormal Traffic,Investigate suspicious activity
ALT-003232,115142,2026-07-26 23:59:22,100.0,Critical,Critical,P1,Open,Incident Response Team,Malware Infection,Immediately isolate the endpoint
ALT-000181,5718,2026-07-26 23:59:23,99.99,Critical,Critical,P1,Investigating,Incident Response Team,Privilege Escalation,Immediately isolate the endpoint
ALT-005531,216603,2026-07-26 23:59:39,41.52,Medium,Low,P3,Investigating,Tier-1 SOC Analyst,Policy Violation,Investigate suspicious activity
ALT-004961,202493,2026-07-26 23:59:52,100.0,Critical,Critical,P1,Resolved,Incident Response Team,Ransomware,Immediately isolate the endpoint
ALT-003431,121726,2026-07-26 23:59:52,71.59,High,Medium,P2,Resolved,Tier-2 SOC Analyst,Unauthorized Access,Notify security team
ALT-006041,234088,2026-07-26 23:59:53,100.0,Critical,Critical,P1,Investigating,Incident Response Team,Malware Infection,Immediately isolate the endpoint
ALT-000540,20156,2026-07-27 00:00:10,100.0,Critical,Critical,P1,Open,Incident Response Team,Ransomware,Immediately isolate the endpoint
ALT-004780,196705,2026-07-27 00:00:13,26.93,Medium,Low,P3,Investigating,Tier-1 SOC Analyst,Reconnaissance,Investigate suspicious activity
ALT-002140,74327,2026-07-27 00:00:30,99.99,Critical,Critical,P1,Open,Incident Response Team,Data Exfiltration,Immediately isolate the endpoint
ALT-001151,44900,2026-07-27 00:00:31,66.8,High,Medium,P2,Open,Tier-2 SOC Analyst,Brute Force Attack,Notify security team
ALT-005188,206015,2026-07-27 00:00:49,100.0,Critical,Critical,P1,Investigating,Incident Response Team,Data Exfiltration,Immediately isolate the endpoint
ALT-000225,7762,2026-07-27 00:00:50,100.0,Critical,Critical,P1,Open,Incident Response Team,Privilege Escalation,Immediately isolate the endpoint
ALT-000544,20160,2026-07-27 00:01:14,100.0,Critical,Critical,P1,Open,Incident Response Team,Data Exfiltration,Immediately isolate the endpoint
ALT-002597,91550,2026-07-27 00:02:14,99.99,Critical,Critical,P1,Open,Incident Response Team,Ransomware,Immediately isolate the endpoint
ALT-005186,206013,2026-07-27 00:02:25,100.0,Critical,Critical,P1,Investigating,Incident Response Team,Malware Infection,Immediately isolate the endpoint
ALT-002078,70494,2026-07-27 00:02:25,99.93,Critical,Critical,P1,Open,Incident Response Team,Privilege Escalation,Immediately isolate the endpoint
ALT-000849,32741,2026-07-27 00:02:25,100.0,Critical,Critical,P1,Investigating,Incident Response Team,Privilege Escalation,Immediately isolate the endpoint
ALT-003184,114387,2026-07-27 00:02:48,100.0,Critical,Critical,P1,Open,Incident Response Team,Privilege Escalation,Immediately isolate the endpoint
ALT-003759,137987,2026-07-27 00:02:54,99.73,Critical,Critical,P1,Investigating,Incident Response Team,Malware Infection,Immediately isolate the endpoint
ALT-002872,104015,2026-07-27 00:03:04,100.0,Critical,Critical,P1,Investigating,Incident Response Team,Malware Infection,Immediately isolate the endpoint
ALT-003377,120559,2026-07-27 00:03:13,100.0,Critical,Critical,P1,Open,Incident Response Team,Ransomware,Immediately isolate the endpoint
ALT-002005,67693,2026-07-27 00:03:22,27.69,Medium,Low,P3,Open,Tier-1 SOC Analyst,Reconnaissance,Investigate suspicious activity
ALT-006161,238115,2026-07-27 00:03:36,100.0,Critical,Critical,P1,Open,Incident Response Team,Data Exfiltration,Immediately isolate the endpoint
ALT-002103,70766,2026-07-27 00:03:40,100.0,Critical,Critical,P1,Resolved,Incident Response Team,Privilege Escalation,Immediately isolate the endpoint
ALT-000520,19825,2026-07-27 00:03:42,98.75,Critical,Critical,P1,Investigating,Incident Response Team,Ransomware,Immediately isolate the endpoint
ALT-001811,62262,2026-07-27 00:03:57,100.0,Critical,Critical,P1,Resolved,Incident Response Team,Malware Infection,Immediately isolate the endpoint
ALT-001425,52849,2026-07-27 00:04:06,48.68,Medium,Low,P3,Open,Tier-1 SOC Analyst,Port Scan,Investigate suspicious activity
ALT-003408,121703,2026-07-27 00:04:09,72.7,High,Medium,P2,Investigating,Tier-2 SOC Analyst,Suspicious Login,Notify security team
ALT-000657,26280,2026-07-27 00:04:41,100.0,Critical,Critical,P1,Investigating,Incident Response Team,Privilege Escalation,Immediately isolate the endpoint
ALT-002592,91545,2026-07-27 00:05:40,99.99,Critical,Critical,P1,Investigating,Incident Response Team,Privilege Escalation,Immediately isolate the endpoint
ALT-001462,53790,2026-07-27 00:05:45,60.06,High,Medium,P2,Resolved,Tier-2 SOC Analyst,Brute Force Attack,Notify security team
ALT-006135,238089,2026-07-27 00:05:51,99.99,Critical,Critical,P1,Open,Incident Response Team,Privilege Escalation,Immediately isolate the endpoint
ALT-003088,111865,2026-07-27 00:05:52,23.02,Medium,Low,P3,Open,Tier-1 SOC Analyst,Policy Violation,Investigate suspicious activity
ALT-001737,60623,2026-07-27 00:05:52,100.0,Critical,Critical,P1,Investigating,Incident Response Team,Ransomware,Immediately isolate the endpoint
ALT-005936,232146,2026-07-27 00:06:38,99.98,Critical,Critical,P1,Investigating,Incident Response Team,Malware Infection,Immediately isolate the endpoint
ALT-003378,120560,2026-07-27 00:06:44,100.0,Critical,Critical,P1,Open,Incident Response Team,Malware Infection,Immediately isolate the endpoint
ALT-005885,231373,2026-07-27 00:07:31,99.93,Critical,Critical,P1,Open,Incident Response Team,Ransomware,Immediately isolate the endpoint
ALT-003251,115161,2026-07-27 00:07:32,100.0,Critical,Critical,P1,Open,Incident Response Team,Malware Infection,Immediately isolate the endpoint
ALT-004492,181865,2026-07-27 00:07:44,100.0,Critical,Critical,P1,Open,Incident Response Team,Data Exfiltration,Immediately isolate the endpoint
ALT-001796,61225,2026-07-27 00:08:10,99.5,Critical,Critical,P1,Open,Incident Response Team,Privilege Escalation,Immediately isolate the endpoint
ALT-000288,10076,2026-07-27 00:08:17,100.0,Critical,Critical,P1,Investigating,Incident Response Team,Privilege Escalation,Immediately isolate the endpoint
ALT-002055,70471,2026-07-27 00:08:18,100.0,Critical,Critical,P1,Investigating,Incident Response Team,Privilege Escalation,Immediately isolate the endpoint
ALT-001449,53777,2026-07-27 00:08:19,61.32,High,Medium,P2,Open,Tier-2 SOC Analyst,Brute Force Attack,Notify security team
ALT-004349,174234,2026-07-27 00:08:41,100.0,Critical,Critical,P1,Open,Incident Response Team,Privilege Escalation,Immediately isolate the endpoint
ALT-004825,200754,2026-07-27 00:08:54,99.53,Critical,Critical,P1,Open,Incident Response Team,Privilege Escalation,Immediately isolate the endpoint
ALT-005934,232144,2026-07-27 00:09:05,100.0,Critical,Critical,P1,Open,Incident Response Team,Data Exfiltration,Immediately isolate the endpoint
ALT-004175,160503,2026-07-27 00:09:06,100.0,Critical,Critical,P1,Investigating,Incident Response Team,Malware Infection,Immediately isolate the endpoint
ALT-001007,40463,2026-07-27 00:09:17,100.0,Critical,Critical,P1,Resolved,Incident Response Team,Data Exfiltration,Immediately isolate the endpoint
ALT-000605,24908,2026-07-27 00:09:36,100.0,Critical,Critical,P1,Open,Incident Response Team,Data Exfiltration,Immediately isolate the endpoint
ALT-001596,56202,2026-07-27 00:09:36,100.0,Critical,Critical,P1,Investigating,Incident Response Team,Malware Infection,Immediately isolate the endpoint
ALT-005693,225208,2026-07-27 00:09:38,100.0,Critical,Critical,P1,Investigating,Incident Response Team,Data Exfiltration,Immediately isolate the endpoint
ALT-003082,111859,2026-07-27 00:09:52,26.04,Medium,Low,P3,Investigating,Tier-1 SOC Analyst,Abnormal Traffic,Investigate suspicious activity
ALT-003884,142688,2026-07-27 00:10:19,100.0,Critical,Critical,P1,Open,Incident Response Team,Privilege Escalation,Immediately isolate the endpoint
ALT-004041,155180,2026-07-27 00:10:20,99.54,Critical,Critical,P1,Resolved,Incident Response Team,Ransomware,Immediately isolate the endpoint
ALT-000930,35107,2026-07-27 00:10:29,100.0,Critical,Critical,P1,Open,Incident Response Team,Ransomware,Immediately isolate the endpoint
ALT-003819,140919,2026-07-27 00:10:29,100.0,Critical,Critical,P1,Open,Incident Response Team,Ransomware,Immediately isolate the endpoint
ALT-005991,233156,2026-07-27 00:11:10,100.0,Critical,Critical,P1,Open,Incident Response Team,Ransomware,Immediately isolate the endpoint
ALT-004197,166157,2026-07-27 00:11:11,100.0,Critical,Critical,P1,Open,Incident Response Team,Ransomware,Immediately isolate the endpoint
ALT-000006,1767,2026-07-27 00:11:52,100.0,Critical,Critical,P1,Open,Incident Response Team,Data Exfiltration,Immediately isolate the endpoint
ALT-001338,50373,2026-07-27 00:12:06,99.93,Critical,Critical,P1,Open,Incident Response Team,Privilege Escalation,Immediately isolate the endpoint
ALT-003078,111855,2026-07-27 00:12:17,30.03,Medium,Low,P3,Open,Tier-1 SOC Analyst,Policy Violation,Investigate suspicious activity
ALT-001141,44860,2026-07-27 00:12:20,37.73,Medium,Low,P3,Investigating,Tier-1 SOC Analyst,Port Scan,Investigate suspicious activity
ALT-000708,27219,2026-07-27 00:12:27,100.0,Critical,Critical,P1,Investigating,Incident Response Team,Data Exfiltration,Immediately isolate the endpoint
ALT-004395,176646,2026-07-27 00:12:31,100.0,Critical,Critical,P1,Open,Incident Response Team,Ransomware,Immediately isolate the endpoint
ALT-000997,40011,2026-07-27 00:12:36,100.0,Critical,Critical,P1,Investigating,Incident Response Team,Ransomware,Immediately isolate the endpoint
ALT-004075,156876,2026-07-27 00:12:48,100.0,Critical,Critical,P1,Investigating,Incident Response Team,Privilege Escalation,Immediately isolate the endpoint
ALT-001443,52867,2026-07-27 00:13:10,46.99,Medium,Low,P3,Investigating,Tier-1 SOC Analyst,Reconnaissance,Investigate suspicious activity
ALT-003144,112223,2026-07-27 00:13:24,24.37,Medium,Low,P3,Open,Tier-1 SOC Analyst,Port Scan,Investigate suspicious activity
ALT-005302,210587,2026-07-27 00:13:35,99.15,Critical,Critical,P1,Investigating,Incident Response Team,Data Exfiltration,Immediately isolate the endpoint
ALT-002970,108724,2026-07-27 00:14:06,100.0,Critical,Critical,P1,Resolved,Incident Response Team,Malware Infection,Immediately isolate the endpoint
ALT-004930,201965,2026-07-27 00:14:07,100.0,Critical,Critical,P1,Investigating,Incident Response Team,Malware Infection,Immediately isolate the endpoint
ALT-001814,62265,2026-07-27 00:14:28,100.0,Critical,Critical,P1,Open,Incident Response Team,Malware Infection,Immediately isolate the endpoint
ALT-000572,21682,2026-07-27 00:14:29,100.0,Critical,Critical,P1,Open,Incident Response Team,Ransomware,Immediately isolate the endpoint
ALT-001599,57485,2026-07-27 00:14:32,100.0,Critical,Critical,P1,Investigating,Incident Response Team,Ransomware,Immediately isolate the endpoint
ALT-003956,149287,2026-07-27 00:14:33,100.0,Critical,Critical,P1,Open,Incident Response Team,Data Exfiltration,Immediately isolate the endpoint
ALT-005712,225434,2026-07-27 00:14:54,99.97,Critical,Critical,P1,Open,Incident Response Team,Malware Infection,Immediately isolate the endpoint
ALT-005810,230613,2026-07-27 00:14:55,94.87,Critical,Critical,P1,Open,Incident Response Team,Malware Infection,Immediately isolate the endpoint
ALT-003938,148412,2026-07-27 00:15:01,99.94,Critical,Critical,P1,Investigating,Incident Response Team,Ransomware,Immediately isolate the endpoint
ALT-004519,182723,2026-07-27 00:15:04,42.15,Medium,Low,P3,Investigating,Tier-1 SOC Analyst,Port Scan,Investigate suspicious activity
ALT-001423,52847,2026-07-27 00:15:05,50.82,High,Medium,P2,Open,Tier-2 SOC Analyst,Network Intrusion,Notify security team
ALT-005869,231209,2026-07-27 00:15:17,100.0,Critical,Critical,P1,Resolved,Incident Response Team,Ransomware,Immediately isolate the endpoint
ALT-002705,98129,2026-07-27 00:15:26,100.0,Critical,Critical,P1,Open,Incident Response Team,Ransomware,Immediately isolate the endpoint
ALT-005507,216241,2026-07-27 00:15:36,99.49,Critical,Critical,P1,Investigating,Incident Response Team,Data Exfiltration,Immediately isolate the endpoint
ALT-005087,203447,2026-07-27 00:15:47,100.0,Critical,Critical,P1,Investigating,Incident Response Team,Data Exfiltration,Immediately isolate the endpoint
ALT-005450,213263,2026-07-27 00:15:48,100.0,Critical,Critical,P1,Investigating,Incident Response Team,Privilege Escalation,Immediately isolate the endpoint
ALT-001445,52869,2026-07-27 00:16:05,44.89,Medium,Low,P3,Resolved,Tier-1 SOC Analyst,Policy Violation,Investigate suspicious activity
ALT-004607,185260,2026-07-27 00:16:06,100.0,Critical,Critical,P1,Open,Incident Response Team,Ransomware,Immediately isolate the endpoint
ALT-001805,61234,2026-07-27 00:16:47,99.51,Critical,Critical,P1,Investigating,Incident Response Team,Malware Infection,Immediately isolate the endpoint
ALT-000749,28154,2026-07-27 00:17:00,97.82,Critical,Critical,P1,Open,Incident Response Team,Malware Infection,Immediately isolate the endpoint
ALT-002353,83764,2026-07-27 00:17:31,51.4,High,Medium,P2,Investigating,Tier-2 SOC Analyst,Network Intrusion,Notify security team
ALT-001786,61165,2026-07-27 00:17:31,100.0,Critical,Critical,P1,Investigating,Incident Response Team,Malware Infection,Immediately isolate the endpoint
ALT-003513,126670,2026-07-27 00:17:32,99.1,Critical,Critical,P1,Investigating,Incident Response Team,Data Exfiltration,Immediately isolate the endpoint
ALT-001887,64095,2026-07-27 00:17:49,96.54,Critical,Critical,P1,Open,Incident Response Team,Ransomware,Immediately isolate the endpoint
ALT-001460,53788,2026-07-27 00:17:50,58.93,High,Medium,P2,Investigating,Tier-2 SOC Analyst,Suspicious Login,Notify security team
ALT-002687,98111,2026-07-27 00:17:59,100.0,Critical,Critical,P1,Open,Incident Response Team,Malware Infection,Immediately isolate the endpoint
ALT-001881,63878,2026-07-27 00:18:53,21.41,Medium,Low,P3,Open,Tier-1 SOC Analyst,Reconnaissance,Investigate suspicious activity
ALT-002844,103814,2026-07-27 00:18:56,100.0,Critical,Critical,P1,Investigating,Incident Response Team,Ransomware,Immediately isolate the endpoint
ALT-002020,67708,2026-07-27 00:19:25,29.08,Medium,Low,P3,Open,Tier-1 SOC Analyst,Policy Violation,Investigate suspicious activity
ALT-002157,74509,2026-07-27 00:19:27,100.0,Critical,Critical,P1,Investigating,Incident Response Team,Data Exfiltration,Immediately isolate the endpoint
ALT-001282,47206,2026-07-27 00:19:38,57.41,High,Medium,P2,Open,Tier-2 SOC Analyst,Unauthorized Access,Notify security team
ALT-004144,159363,2026-07-27 00:20:05,100.0,Critical,Critical,P1,Open,Incident Response Team,Ransomware,Immediately isolate the endpoint
ALT-003848,142185,2026-07-27 00:20:16,100.0,Critical,Critical,P1,Investigating,Incident Response Team,Privilege Escalation,Immediately isolate the endpoint
ALT-002289,81719,2026-07-27 00:20:23,100.0,Critical,Critical,P1,Open,Incident Response Team,Malware Infection,Immediately isolate the endpoint
ALT-000436,15550,2026-07-27 00:20:25,100.0,Critical,Critical,P1,Open,Incident Response Team,Data Exfiltration,Immediately isolate the endpoint
ALT-000011,1772,2026-07-27 00:20:30,100.0,Critical,Critical,P1,Investigating,Incident Response Team,Privilege Escalation,Immediately isolate the endpoint
ALT-002829,103431,2026-07-27 00:20:35,100.0,Critical,Critical,P1,Open,Incident Response Team,Privilege Escalation,Immediately isolate the endpoint
ALT-000654,26277,2026-07-27 00:20:42,100.0,Critical,Critical,P1,Investigating,Incident Response Team,Malware Infection,Immediately isolate the endpoint
ALT-004152,159371,2026-07-27 00:21:34,99.35,Critical,Critical,P1,Open,Incident Response Team,Malware Infection,Immediately isolate the endpoint
ALT-002547,86299,2026-07-27 00:21:46,45.23,Medium,Low,P3,Investigating,Tier-1 SOC Analyst,Abnormal Traffic,Investigate suspicious activity
ALT-002488,85824,2026-07-27 00:21:47,100.0,Critical,Critical,P1,Investigating,Incident Response Team,Privilege Escalation,Immediately isolate the endpoint
ALT-000962,38859,2026-07-27 00:22:02,100.0,Critical,Critical,P1,Investigating,Incident Response Team,Privilege Escalation,Immediately isolate the endpoint
ALT-003032,109485,2026-07-27 00:22:17,100.0,Critical,Critical,P1,Open,Incident Response Team,Data Exfiltration,Immediately isolate the endpoint
ALT-002824,103426,2026-07-27 00:22:18,100.0,Critical,Critical,P1,Investigating,Incident Response Team,Malware Infection,Immediately isolate the endpoint
ALT-005955,232688,2026-07-27 00:22:52,98.72,Critical,Critical,P1,Investigating,Incident Response Team,Malware Infection,Immediately isolate the endpoint
ALT-003029,109482,2026-07-27 00:22:56,100.0,Critical,Critical,P1,Investigating,Incident Response Team,Data Exfiltration,Immediately isolate the endpoint
ALT-002577,90981,2026-07-27 00:23:21,100.0,Critical,Critical,P1,Open,Incident Response Team,Data Exfiltration,Immediately isolate the endpoint
ALT-002575,90979,2026-07-27 00:23:29,100.0,Critical,Critical,P1,Investigating,Incident Response Team,Privilege Escalation,Immediately isolate the endpoint
ALT-005850,231190,2026-07-27 00:23:29,100.0,Critical,Critical,P1,Investigating,Incident Response Team,Data Exfiltration,Immediately isolate the endpoint
ALT-002089,70752,2026-07-27 00:23:46,99.27,Critical,Critical,P1,Open,Incident Response Team,Data Exfiltration,Immediately isolate the endpoint
ALT-006060,234107,2026-07-27 00:24:01,100.0,Critical,Critical,P1,Open,Incident Response Team,Ransomware,Immediately isolate the endpoint
ALT-003667,136410,2026-07-27 00:24:16,100.0,Critical,Critical,P1,Investigating,Incident Response Team,Ransomware,Immediately isolate the endpoint
ALT-003572,130585,2026-07-27 00:24:18,100.0,Critical,Critical,P1,Open,Incident Response Team,Ransomware,Immediately isolate the endpoint
ALT-000951,38848,2026-07-27 00:24:20,100.0,Critical,Critical,P1,Resolved,Incident Response Team,Ransomware,Immediately isolate the endpoint
ALT-004598,185251,2026-07-27 00:25:08,100.0,Critical,Critical,P1,Investigating,Incident Response Team,Data Exfiltration,Immediately isolate the endpoint
ALT-002388,84025,2026-07-27 00:25:17,100.0,Critical,Critical,P1,Investigating,Incident Response Team,Ransomware,Immediately isolate the endpoint
ALT-002432,84089,2026-07-27 00:25:18,100.0,Critical,Critical,P1,Open,Incident Response Team,Privilege Escalation,Immediately isolate the endpoint
ALT-005833,230815,2026-07-27 00:25:24,99.89,Critical,Critical,P1,Open,Incident Response Team,Data Exfiltration,Immediately isolate the endpoint
ALT-001277,47201,2026-07-27 00:26:01,62.24,High,Medium,P2,Resolved,Tier-2 SOC Analyst,Brute Force Attack,Notify security team
ALT-005862,231202,2026-07-27 00:26:30,100.0,Critical,Critical,P1,Open,Incident Response Team,Ransomware,Immediately isolate the endpoint
ALT-001908,64510,2026-07-27 00:26:43,99.99,Critical,Critical,P1,Investigating,Incident Response Team,Malware Infection,Immediately isolate the endpoint
ALT-003143,112222,2026-07-27 00:26:50,24.89,Medium,Low,P3,Open,Tier-1 SOC Analyst,Abnormal Traffic,Investigate suspicious activity
ALT-003398,121278,2026-07-27 00:26:55,100.0,Critical,Critical,P1,Open,Incident Response Team,Malware Infection,Immediately isolate the endpoint
ALT-002638,92177,2026-07-27 00:27:12,100.0,Critical,Critical,P1,Open,Incident Response Team,Data Exfiltration,Immediately isolate the endpoint
ALT-005110,204233,2026-07-27 00:27:44,100.0,Critical,Critical,P1,Open,Incident Response Team,Privilege Escalation,Immediately isolate the endpoint
ALT-002379,84016,2026-07-27 00:27:45,100.0,Critical,Critical,P1,Resolved,Incident Response Team,Privilege Escalation,Immediately isolate the endpoint
ALT-001074,43593,2026-07-27 00:27:47,99.55,Critical,Critical,P1,Open,Incident Response Team,Privilege Escalation,Immediately isolate the endpoint
ALT-005127,204250,2026-07-27 00:27:59,100.0,Critical,Critical,P1,Open,Incident Response Team,Ransomware,Immediately isolate the endpoint
ALT-002581,91161,2026-07-27 00:28:08,100.0,Critical,Critical,P1,Open,Incident Response Team,Malware Infection,Immediately isolate the endpoint
ALT-004765,196689,2026-07-27 00:28:13,26.27,Medium,Low,P3,Open,Tier-1 SOC Analyst,Reconnaissance,Investigate suspicious activity
ALT-003054,110861,2026-07-27 00:28:22,100.0,Critical,Critical,P1,Open,Incident Response Team,Privilege Escalation,Immediately isolate the endpoint
ALT-003604,131711,2026-07-27 00:28:34,100.0,Critical,Critical,P1,Investigating,Incident Response Team,Ransomware,Immediately isolate the endpoint
ALT-004563,182827,2026-07-27 00:28:38,52.47,High,Medium,P2,Open,Tier-2 SOC Analyst,Unauthorized Access,Notify security team
ALT-004960,202492,2026-07-27 00:29:02,100.0,Critical,Critical,P1,Open,Incident Response Team,Data Exfiltration,Immediately isolate the endpoint
ALT-000791,30510,2026-07-27 00:29:05,100.0,Critical,Critical,P1,Open,Incident Response Team,Privilege Escalation,Immediately isolate the endpoint
ALT-003367,120549,2026-07-27 00:29:08,100.0,Critical,Critical,P1,Resolved,Incident Response Team,Data Exfiltration,Immediately isolate the endpoint
ALT-000576,21686,2026-07-27 00:29:39,100.0,Critical,Critical,P1,Open,Incident Response Team,Malware Infection,Immediately isolate the endpoint
ALT-001564,55934,2026-07-27 00:30:04,100.0,Critical,Critical,P1,Open,Incident Response Team,Ransomware,Immediately isolate the endpoint
ALT-005196,206023,2026-07-27 00:30:12,100.0,Critical,Critical,P1,Investigating,Incident Response Team,Ransomware,Immediately isolate the endpoint
ALT-004779,196704,2026-07-27 00:30:23,20.04,Medium,Low,P3,Open,Tier-1 SOC Analyst,Port Scan,Investigate suspicious activity
ALT-006159,238113,2026-07-27 00:30:36,100.0,Critical,Critical,P1,Open,Incident Response Team,Malware Infection,Immediately isolate the endpoint
ALT-002267,81697,2026-07-27 00:30:47,99.02,Critical,Critical,P1,Open,Incident Response Team,Privilege Escalation,Immediately isolate the endpoint
ALT-000119,4180,2026-07-27 00:31:13,100.0,Critical,Critical,P1,Investigating,Incident Response Team,Data Exfiltration,Immediately isolate the endpoint
ALT-003468,125733,2026-07-27 00:31:16,20.54,Medium,Low,P3,Open,Tier-1 SOC Analyst,Policy Violation,Investigate suspicious activity
ALT-002198,76214,2026-07-27 00:31:25,100.0,Critical,Critical,P1,Investigating,Incident Response Team,Privilege Escalation,Immediately isolate the endpoint
ALT-003235,115145,2026-07-27 00:31:26,100.0,Critical,Critical,P1,Investigating,Incident Response Team,Privilege Escalation,Immediately isolate the endpoint
ALT-002080,70496,2026-07-27 00:31:31,100.0,Critical,Critical,P1,Open,Incident Response Team,Malware Infection,Immediately isolate the endpoint
ALT-001143,44862,2026-07-27 00:31:53,46.24,Medium,Low,P3,Open,Tier-1 SOC Analyst,Policy Violation,Investigate suspicious activity
ALT-000388,13758,2026-07-27 00:31:57,26.81,Medium,Low,P3,Open,Tier-1 SOC Analyst,Reconnaissance,Investigate suspicious activity
ALT-001762,61141,2026-07-27 00:32:14,100.0,Critical,Critical,P1,Investigating,Incident Response Team,Malware Infection,Immediately isolate the endpoint
ALT-002586,91539,2026-07-27 00:32:28,99.99,Critical,Critical,P1,Open,Incident Response Team,Privilege Escalation,Immediately isolate the endpoint
ALT-003191,114394,2026-07-27 00:32:43,100.0,Critical,Critical,P1,Open,Incident Response Team,Malware Infection,Immediately isolate the endpoint
ALT-005953,232686,2026-07-27 00:32:48,100.0,Critical,Critical,P1,Open,Incident Response Team,Data Exfiltration,Immediately isolate the endpoint
ALT-005336,210726,2026-07-27 00:32:55,42.54,Medium,Low,P3,Resolved,Tier-1 SOC Analyst,Port Scan,Investigate suspicious activity
ALT-004843,200772,2026-07-27 00:33:10,99.61,Critical,Critical,P1,Open,Incident Response Team,Data Exfiltration,Immediately isolate the endpoint
ALT-004405,176656,2026-07-27 00:33:17,100.0,Critical,Critical,P1,Resolved,Incident Response Team,Malware Infection,Immediately isolate the endpoint
ALT-000759,28164,2026-07-27 00:33:38,98.03,Critical,Critical,P1,Open,Incident Response Team,Privilege Escalation,Immediately isolate the endpoint
ALT-002180,75900,2026-07-27 00:33:42,29.77,Medium,Low,P3,Open,Tier-1 SOC Analyst,Port Scan,Investigate suspicious activity
ALT-005554,217561,2026-07-27 00:33:52,99.04,Critical,Critical,P1,Open,Incident Response Team,Privilege Escalation,Immediately isolate the endpoint
ALT-002927,107957,2026-07-27 00:34:06,100.0,Critical,Critical,P1,Open,Incident Response Team,Malware Infection,Immediately isolate the endpoint
ALT-000074,2625,2026-07-27 00:34:33,99.05,Critical,Critical,P1,Open,Incident Response Team,Data Exfiltration,Immediately isolate the endpoint
ALT-002392,84029,2026-07-27 00:34:34,100.0,Critical,Critical,P1,Open,Incident Response Team,Ransomware,Immediately isolate the endpoint
ALT-002949,108512,2026-07-27 00:34:35,24.36,Medium,Low,P3,Resolved,Tier-1 SOC Analyst,Reconnaissance,Investigate suspicious activity
ALT-003052,110859,2026-07-27 00:34:36,100.0,Critical,Critical,P1,Investigating,Incident Response Team,Data Exfiltration,Immediately isolate the endpoint
ALT-000565,20181,2026-07-27 00:34:41,100.0,Critical,Critical,P1,Investigating,Incident Response Team,Privilege Escalation,Immediately isolate the endpoint
ALT-005866,231206,2026-07-27 00:35:54,100.0,Critical,Critical,P1,Open,Incident Response Team,Malware Infection,Immediately isolate the endpoint
ALT-002443,85068,2026-07-27 00:36:20,100.0,Critical,Critical,P1,Open,Incident Response Team,Data Exfiltration,Immediately isolate the endpoint
ALT-002891,105099,2026-07-27 00:36:42,100.0,Critical,Critical,P1,Open,Incident Response Team,Data Exfiltration,Immediately isolate the endpoint
ALT-002108,70771,2026-07-27 00:36:56,99.37,Critical,Critical,P1,Investigating,Incident Response Team,Privilege Escalation,Immediately isolate the endpoint
ALT-005608,223401,2026-07-27 00:37:01,100.0,Critical,Critical,P1,Resolved,Incident Response Team,Ransomware,Immediately isolate the endpoint
ALT-004632,185983,2026-07-27 00:37:08,21.31,Medium,Low,P3,Open,Tier-1 SOC Analyst,Port Scan,Investigate suspicious activity
ALT-003243,115153,2026-07-27 00:37:13,100.0,Critical,Critical,P1,Open,Incident Response Team,Malware Infection,Immediately isolate the endpoint
ALT-002246,77703,2026-07-27 00:37:15,100.0,Critical,Critical,P1,Open,Incident Response Team,Malware Infection,Immediately isolate the endpoint
ALT-002386,84023,2026-07-27 00:37:43,100.0,Critical,Critical,P1,Open,Incident Response Team,Malware Infection,Immediately isolate the endpoint
ALT-000362,13165,2026-07-27 00:37:55,100.0,Critical,Critical,P1,Open,Incident Response Team,Malware Infection,Immediately isolate the endpoint
ALT-000648,26271,2026-07-27 00:38:02,100.0,Critical,Critical,P1,Investigating,Incident Response Team,Ransomware,Immediately isolate the endpoint
ALT-003450,123151,2026-07-27 00:38:14,98.0,Critical,Critical,P1,Investigating,Incident Response Team,Ransomware,Immediately isolate the endpoint
ALT-001021,40477,2026-07-27 00:38:15,100.0,Critical,Critical,P1,Open,Incident Response Team,Privilege Escalation,Immediately isolate the endpoint
ALT-005550,217557,2026-07-27 00:38:21,99.0,Critical,Critical,P1,Open,Incident Response Team,Data Exfiltration,Immediately isolate the endpoint
ALT-000724,27548,2026-07-27 00:38:34,20.84,Medium,Low,P3,Resolved,Tier-1 SOC Analyst,Reconnaissance,Investigate suspicious activity
ALT-002837,103807,2026-07-27 00:38:52,100.0,Critical,Critical,P1,Open,Incident Response Team,Data Exfiltration,Immediately isolate the endpoint
ALT-003099,111877,2026-07-27 00:38:55,31.58,Medium,Low,P3,Open,Tier-1 SOC Analyst,Abnormal Traffic,Investigate suspicious activity
ALT-005482,214411,2026-07-27 00:39:12,100.0,Critical,Critical,P1,Open,Incident Response Team,Malware Infection,Immediately isolate the endpoint
ALT-003446,123147,2026-07-27 00:40:21,97.88,Critical,Critical,P1,Open,Incident Response Team,Privilege Escalation,Immediately isolate the endpoint
ALT-003412,121707,2026-07-27 00:40:30,71.12,High,Medium,P2,Open,Tier-2 SOC Analyst,Brute Force Attack,Notify security team
ALT-001914,64516,2026-07-27 00:40:33,99.99,Critical,Critical,P1,Investigating,Incident Response Team,Privilege Escalation,Immediately isolate the endpoint
ALT-003210,114580,2026-07-27 00:40:38,98.45,Critical,Critical,P1,Open,Incident Response Team,Ransomware,Immediately isolate the endpoint
ALT-002744,98844,2026-07-27 00:40:41,100.0,Critical,Critical,P1,Open,Incident Response Team,Privilege Escalation,Immediately isolate the endpoint
ALT-000299,10641,2026-07-27 00:40:45,99.49,Critical,Critical,P1,Investigating,Incident Response Team,Malware Infection,Immediately isolate the endpoint
ALT-005191,206018,2026-07-27 00:40:57,100.0,Critical,Critical,P1,Open,Incident Response Team,Privilege Escalation,Immediately isolate the endpoint
ALT-003914,146574,2026-07-27 00:40:59,55.88,High,Medium,P2,Investigating,Tier-2 SOC Analyst,Network Intrusion,Notify security team
ALT-001033,40489,2026-07-27 00:41:21,100.0,Critical,Critical,P1,Investigating,Incident Response Team,Malware Infection,Immediately isolate the endpoint
ALT-001991,66996,2026-07-27 00:41:30,99.9,Critical,Critical,P1,Open,Incident Response Team,Malware Infection,Immediately isolate the endpoint
ALT-003019,108773,2026-07-27 00:41:37,100.0,Critical,Critical,P1,Investigating,Incident Response Team,Ransomware,Immediately isolate the endpoint
ALT-001536,54835,2026-07-27 00:42:19,100.0,Critical,Critical,P1,Open,Incident Response Team,Privilege Escalation,Immediately isolate the endpoint
ALT-002500,85836,2026-07-27 00:42:22,100.0,Critical,Critical,P1,Resolved,Incident Response Team,Ransomware,Immediately isolate the endpoint
ALT-000728,27735,2026-07-27 00:42:27,99.85,Critical,Critical,P1,Open,Incident Response Team,Privilege Escalation,Immediately isolate the endpoint
ALT-002969,108723,2026-07-27 00:42:46,100.0,Critical,Critical,P1,Resolved,Incident Response Team,Privilege Escalation,Immediately isolate the endpoint
ALT-003820,140920,2026-07-27 00:42:49,100.0,Critical,Critical,P1,Investigating,Incident Response Team,Privilege Escalation,Immediately isolate the endpoint
ALT-001509,54538,2026-07-27 00:43:05,100.0,Critical,Critical,P1,Open,Incident Response Team,Data Exfiltration,Immediately isolate the endpoint
ALT-002792,100094,2026-07-27 00:43:17,20.32,Medium,Low,P3,Open,Tier-1 SOC Analyst,Abnormal Traffic,Investigate suspicious activity
ALT-001070,43589,2026-07-27 00:43:18,99.54,Critical,Critical,P1,Resolved,Incident Response Team,Data Exfiltration,Immediately isolate the endpoint
ALT-000043,2385,2026-07-27 00:43:34,98.03,Critical,Critical,P1,Investigating,Incident Response Team,Privilege Escalation,Immediately isolate the endpoint
ALT-003898,146558,2026-07-27 00:43:38,57.06,High,Medium,P2,Open,Tier-2 SOC Analyst,Unauthorized Access,Notify security team
ALT-005041,203213,2026-07-27 00:43:41,26.15,Medium,Low,P3,Investigating,Tier-1 SOC Analyst,Abnormal Traffic,Investigate suspicious activity
ALT-004738,191733,2026-07-27 00:43:53,100.0,Critical,Critical,P1,Open,Incident Response Team,Ransomware,Immediately isolate the endpoint
ALT-002158,74510,2026-07-27 00:44:08,100.0,Critical,Critical,P1,Open,Incident Response Team,Data Exfiltration,Immediately isolate the endpoint
ALT-002474,85373,2026-07-27 00:44:41,32.29,Medium,Low,P3,Open,Tier-1 SOC Analyst,Abnormal Traffic,Investigate suspicious activity
ALT-006091,235235,2026-07-27 00:44:43,100.0,Critical,Critical,P1,Open,Incident Response Team,Privilege Escalation,Immediately isolate the endpoint
ALT-002393,84030,2026-07-27 00:45:23,100.0,Critical,Critical,P1,Investigating,Incident Response Team,Malware Infection,Immediately isolate the endpoint
ALT-005634,223717,2026-07-27 00:45:48,99.58,Critical,Critical,P1,Open,Incident Response Team,Ransomware,Immediately isolate the endpoint
ALT-003893,146553,2026-07-27 00:46:02,58.38,High,Medium,P2,Investigating,Tier-2 SOC Analyst,Brute Force Attack,Notify security team
ALT-004800,199621,2026-07-27 00:46:08,100.0,Critical,Critical,P1,Open,Incident Response Team,Ransomware,Immediately isolate the endpoint
ALT-000610,24913,2026-07-27 00:46:15,100.0,Critical,Critical,P1,Open,Incident Response Team,Data Exfiltration,Immediately isolate the endpoint
ALT-004085,158638,2026-07-27 00:46:24,68.85,High,Medium,P2,Open,Tier-2 SOC Analyst,Suspicious Login,Notify security team
ALT-004071,156872,2026-07-27 00:46:35,100.0,Critical,Critical,P1,Open,Incident Response Team,Data Exfiltration,Immediately isolate the endpoint
ALT-004090,158643,2026-07-27 00:47:00,69.29,High,Medium,P2,Open,Tier-2 SOC Analyst,Suspicious Login,Notify security team
ALT-002293,81723,2026-07-27 00:47:46,100.0,Critical,Critical,P1,Open,Incident Response Team,Ransomware,Immediately isolate the endpoint
ALT-001131,44850,2026-07-27 00:47:46,33.69,Medium,Low,P3,Open,Tier-1 SOC Analyst,Policy Violation,Investigate suspicious activity
ALT-005686,225201,2026-07-27 00:48:41,100.0,Critical,Critical,P1,Open,Incident Response Team,Ransomware,Immediately isolate the endpoint
ALT-000329,11459,2026-07-27 00:49:07,99.96,Critical,Critical,P1,Open,Incident Response Team,Ransomware,Immediately isolate the endpoint
ALT-002453,85078,2026-07-27 00:49:21,100.0,Critical,Critical,P1,Open,Incident Response Team,Malware Infection,Immediately isolate the endpoint
ALT-004692,189102,2026-07-27 00:49:23,100.0,Critical,Critical,P1,Investigating,Incident Response Team,Privilege Escalation,Immediately isolate the endpoint
ALT-005184,205798,2026-07-27 00:49:32,100.0,Critical,Critical,P1,Resolved,Incident Response Team,Ransomware,Immediately isolate the endpoint
ALT-002261,78473,2026-07-27 00:49:38,37.22,Medium,Low,P3,Open,Tier-1 SOC Analyst,Abnormal Traffic,Investigate suspicious activity
ALT-004593,185246,2026-07-27 00:49:41,100.0,Critical,Critical,P1,Open,Incident Response Team,Ransomware,Immediately isolate the endpoint
ALT-002061,70477,2026-07-27 00:49:50,100.0,Critical,Critical,P1,Open,Incident Response Team,Privilege Escalation,Immediately isolate the endpoint
ALT-005494,216228,2026-07-27 00:50:31,99.36,Critical,Critical,P1,Resolved,Incident Response Team,Data Exfiltration,Immediately isolate the endpoint
ALT-002217,76233,2026-07-27 00:51:13,100.0,Critical,Critical,P1,Open,Incident Response Team,Malware Infection,Immediately isolate the endpoint
ALT-002478,85377,2026-07-27 00:51:49,26.93,Medium,Low,P3,Open,Tier-1 SOC Analyst,Port Scan,Investigate suspicious activity
ALT-004281,167676,2026-07-27 00:51:59,99.93,Critical,Critical,P1,Open,Incident Response Team,Data Exfiltration,Immediately isolate the endpoint
ALT-005022,203192,2026-07-27 00:52:00,26.4,Medium,Low,P3,Open,Tier-1 SOC Analyst,Policy Violation,Investigate suspicious activity
ALT-002524,86276,2026-07-27 00:52:08,39.94,Medium,Low,P3,Open,Tier-1 SOC Analyst,Abnormal Traffic,Investigate suspicious activity
ALT-001293,47217,2026-07-27 00:52:15,57.9,High,Medium,P2,Investigating,Tier-2 SOC Analyst,Brute Force Attack,Notify security team
ALT-001079,43598,2026-07-27 00:52:36,99.6,Critical,Critical,P1,Open,Incident Response Team,Data Exfiltration,Immediately isolate the endpoint
ALT-003723,137616,2026-07-27 00:53:10,100.0,Critical,Critical,P1,Investigating,Incident Response Team,Ransomware,Immediately isolate the endpoint
ALT-003241,115151,2026-07-27 00:53:26,100.0,Critical,Critical,P1,Open,Incident Response Team,Privilege Escalation,Immediately isolate the endpoint
ALT-004531,182795,2026-07-27 00:53:44,64.51,High,Medium,P2,Open,Tier-2 SOC Analyst,Network Intrusion,Notify security team
ALT-000645,26268,2026-07-27 00:54:09,100.0,Critical,Critical,P1,Resolved,Incident Response Team,Malware Infection,Immediately isolate the endpoint
ALT-005100,204223,2026-07-27 00:54:27,100.0,Critical,Critical,P1,Open,Incident Response Team,Data Exfiltration,Immediately isolate the endpoint
ALT-004980,202780,2026-07-27 00:54:42,63.81,High,Medium,P2,Investigating,Tier-2 SOC Analyst,Suspicious Login,Notify security team
ALT-000735,27742,2026-07-27 00:55:43,100.0,Critical,Critical,P1,Open,Incident Response Team,Ransomware,Immediately isolate the endpoint
ALT-005397,213164,2026-07-27 00:55:56,100.0,Critical,Critical,P1,Open,Incident Response Team,Ransomware,Immediately isolate the endpoint
ALT-003391,121271,2026-07-27 00:56:18,100.0,Critical,Critical,P1,Resolved,Incident Response Team,Data Exfiltration,Immediately isolate the endpoint
ALT-004009,152951,2026-07-27 00:56:26,100.0,Critical,Critical,P1,Open,Incident Response Team,Malware Infection,Immediately isolate the endpoint
ALT-005033,203205,2026-07-27 00:57:15,23.4,Medium,Low,P3,Investigating,Tier-1 SOC Analyst,Reconnaissance,Investigate suspicious activity
ALT-002796,100099,2026-07-27 00:57:43,22.27,Medium,Low,P3,Open,Tier-1 SOC Analyst,Abnormal Traffic,Investigate suspicious activity
ALT-000634,26257,2026-07-27 00:58:06,100.0,Critical,Critical,P1,Investigating,Incident Response Team,Malware Infection,Immediately isolate the endpoint
ALT-004412,176913,2026-07-27 00:58:07,100.0,Critical,Critical,P1,Open,Incident Response Team,Privilege Escalation,Immediately isolate the endpoint
ALT-001150,44899,2026-07-27 00:58:22,66.69,High,Medium,P2,Open,Tier-2 SOC Analyst,Brute Force Attack,Notify security team
ALT-001474,53802,2026-07-27 00:58:24,38.16,Medium,Low,P3,Investigating,Tier-1 SOC Analyst,Policy Violation,Investigate suspicious activity
ALT-002182,75902,2026-07-27 00:58:39,26.83,Medium,Low,P3,Resolved,Tier-1 SOC Analyst,Reconnaissance,Investigate suspicious activity
ALT-003490,126467,2026-07-27 00:58:39,100.0,Critical,Critical,P1,Resolved,Incident Response Team,Data Exfiltration,Immediately isolate the endpoint
ALT-003060,110867,2026-07-27 00:58:49,100.0,Critical,Critical,P1,Investigating,Incident Response Team,Malware Infection,Immediately isolate the endpoint
ALT-003023,109476,2026-07-27 00:58:55,99.51,Critical,Critical,P1,Investigating,Incident Response Team,Ransomware,Immediately isolate the endpoint
ALT-003990,152932,2026-07-27 00:59:57,100.0,Critical,Critical,P1,Open,Incident Response Team,Malware Infection,Immediately isolate the endpoint
ALT-002300,81730,2026-07-27 01:00:25,100.0,Critical,Critical,P1,Open,Incident Response Team,Malware Infection,Immediately isolate the endpoint
ALT-001759,60645,2026-07-27 01:00:28,100.0,Critical,Critical,P1,Open,Incident Response Team,Ransomware,Immediately isolate the endpoint
ALT-005828,230810,2026-07-27 01:00:31,99.92,Critical,Critical,P1,Open,Incident Response Team,Ransomware,Immediately isolate the endpoint
ALT-006028,233896,2026-07-27 01:00:47,100.0,Critical,Critical,P1,Open,Incident Response Team,Data Exfiltration,Immediately isolate the endpoint
ALT-000979,38876,2026-07-27 01:00:48,100.0,Critical,Critical,P1,Open,Incident Response Team,Ransomware,Immediately isolate the endpoint
ALT-005281,208423,2026-07-27 01:00:49,100.0,Critical,Critical,P1,Open,Incident Response Team,Ransomware,Immediately isolate the endpoint
ALT-003783,139038,2026-07-27 01:01:06,22.76,Medium,Low,P3,Investigating,Tier-1 SOC Analyst,Reconnaissance,Investigate suspicious activity
ALT-003567,130469,2026-07-27 01:01:07,100.0,Critical,Critical,P1,Open,Incident Response Team,Ransomware,Immediately isolate the endpoint
ALT-004936,201971,2026-07-27 01:01:50,100.0,Critical,Critical,P1,Open,Incident Response Team,Malware Infection,Immediately isolate the endpoint
ALT-003342,120117,2026-07-27 01:01:58,97.47,Critical,Critical,P1,Open,Incident Response Team,Data Exfiltration,Immediately isolate the endpoint
ALT-004740,191735,2026-07-27 01:02:18,100.0,Critical,Critical,P1,Investigating,Incident Response Team,Ransomware,Immediately isolate the endpoint
ALT-000882,34292,2026-07-27 01:02:20,100.0,Critical,Critical,P1,Investigating,Incident Response Team,Privilege Escalation,Immediately isolate the endpoint
ALT-005431,213244,2026-07-27 01:02:28,100.0,Critical,Critical,P1,Investigating,Incident Response Team,Malware Infection,Immediately isolate the endpoint
ALT-003453,123154,2026-07-27 01:02:36,98.12,Critical,Critical,P1,Open,Incident Response Team,Ransomware,Immediately isolate the endpoint
ALT-000327,11457,2026-07-27 01:02:37,99.97,Critical,Critical,P1,Open,Incident Response Team,Privilege Escalation,Immediately isolate the endpoint
ALT-002795,100098,2026-07-27 01:02:48,27.66,Medium,Low,P3,Open,Tier-1 SOC Analyst,Port Scan,Investigate suspicious activity
ALT-000228,7765,2026-07-27 01:03:03,100.0,Critical,Critical,P1,Open,Incident Response Team,Privilege Escalation,Immediately isolate the endpoint
ALT-002982,108736,2026-07-27 01:03:27,100.0,Critical,Critical,P1,Open,Incident Response Team,Malware Infection,Immediately isolate the endpoint
ALT-000215,7752,2026-07-27 01:03:52,100.0,Critical,Critical,P1,Open,Incident Response Team,Ransomware,Immediately isolate the endpoint
ALT-000101,2652,2026-07-27 01:04:17,99.08,Critical,Critical,P1,Open,Incident Response Team,Malware Infection,Immediately isolate the endpoint
ALT-005290,210575,2026-07-27 01:04:26,99.24,Critical,Critical,P1,Resolved,Incident Response Team,Ransomware,Immediately isolate the endpoint
ALT-006043,234090,2026-07-27 01:05:21,100.0,Critical,Critical,P1,Resolved,Incident Response Team,Malware Infection,Immediately isolate the endpoint
ALT-002387,84024,2026-07-27 01:05:24,100.0,Critical,Critical,P1,Open,Incident Response Team,Data Exfiltration,Immediately isolate the endpoint
ALT-004353,174238,2026-07-27 01:05:43,100.0,Critical,Critical,P1,Open,Incident Response Team,Privilege Escalation,Immediately isolate the endpoint
ALT-004166,160494,2026-07-27 01:05:44,100.0,Critical,Critical,P1,Open,Incident Response Team,Data Exfiltration,Immediately isolate the endpoint
ALT-000141,4878,2026-07-27 01:05:57,94.06,Critical,Critical,P1,Open,Incident Response Team,Malware Infection,Immediately isolate the endpoint
ALT-005769,229977,2026-07-27 01:06:44,100.0,Critical,Critical,P1,Resolved,Incident Response Team,Ransomware,Immediately isolate the endpoint
ALT-006048,234095,2026-07-27 01:06:46,100.0,Critical,Critical,P1,Open,Incident Response Team,Ransomware,Immediately isolate the endpoint
ALT-001541,54840,2026-07-27 01:06:46,100.0,Critical,Critical,P1,Investigating,Incident Response Team,Ransomware,Immediately isolate the endpoint
ALT-000727,27734,2026-07-27 01:06:53,100.0,Critical,Critical,P1,Open,Incident Response Team,Data Exfiltration,Immediately isolate the endpoint
ALT-004051,155190,2026-07-27 01:07:05,99.65,Critical,Critical,P1,Resolved,Incident Response Team,Data Exfiltration,Immediately isolate the endpoint
ALT-002504,85840,2026-07-27 01:07:44,100.0,Critical,Critical,P1,Open,Incident Response Team,Malware Infection,Immediately isolate the endpoint
ALT-001211,45490,2026-07-27 01:08:23,100.0,Critical,Critical,P1,Investigating,Incident Response Team,Data Exfiltration,Immediately isolate the endpoint
ALT-004092,158645,2026-07-27 01:08:26,69.28,High,Medium,P2,Open,Tier-2 SOC Analyst,Brute Force Attack,Notify security team
ALT-002405,84062,2026-07-27 01:08:27,100.0,Critical,Critical,P1,Investigating,Incident Response Team,Privilege Escalation,Immediately isolate the endpoint
ALT-001865,63862,2026-07-27 01:08:36,27.76,Medium,Low,P3,Open,Tier-1 SOC Analyst,Abnormal Traffic,Investigate suspicious activity
ALT-005368,212507,2026-07-27 01:08:46,20.93,Medium,Low,P3,Open,Tier-1 SOC Analyst,Port Scan,Investigate suspicious activity
ALT-002479,85378,2026-07-27 01:08:55,26.75,Medium,Low,P3,Resolved,Tier-1 SOC Analyst,Abnormal Traffic,Investigate suspicious activity
ALT-004648,186297,2026-07-27 01:09:06,99.98,Critical,Critical,P1,Resolved,Incident Response Team,Privilege Escalation,Immediately isolate the endpoint
ALT-003997,152939,2026-07-27 01:10:11,100.0,Critical,Critical,P1,Investigating,Incident Response Team,Privilege Escalation,Immediately isolate the endpoint
ALT-005319,210709,2026-07-27 01:10:14,53.88,High,Medium,P2,Investigating,Tier-2 SOC Analyst,Network Intrusion,Notify security team
ALT-000407,14691,2026-07-27 01:10:14,100.0,Critical,Critical,P1,Investigating,Incident Response Team,Privilege Escalation,Immediately isolate the endpoint
ALT-001652,58834,2026-07-27 01:10:46,100.0,Critical,Critical,P1,Open,Incident Response Team,Data Exfiltration,Immediately isolate the endpoint
ALT-001492,53834,2026-07-27 01:10:51,48.13,Medium,Low,P3,Open,Tier-1 SOC Analyst,Reconnaissance,Investigate suspicious activity
ALT-005192,206019,2026-07-27 01:10:54,100.0,Critical,Critical,P1,Open,Incident Response Team,Data Exfiltration,Immediately isolate the endpoint
ALT-003592,130821,2026-07-27 01:11:03,100.0,Critical,Critical,P1,Investigating,Incident Response Team,Privilege Escalation,Immediately isolate the endpoint
ALT-005844,230826,2026-07-27 01:11:47,99.94,Critical,Critical,P1,Open,Incident Response Team,Ransomware,Immediately isolate the endpoint
ALT-006042,234089,2026-07-27 01:12:28,100.0,Critical,Critical,P1,Open,Incident Response Team,Data Exfiltration,Immediately isolate the endpoint
ALT-005612,223405,2026-07-27 01:12:51,100.0,Critical,Critical,P1,Open,Incident Response Team,Privilege Escalation,Immediately isolate the endpoint
ALT-002903,105797,2026-07-27 01:13:07,100.0,Critical,Critical,P1,Investigating,Incident Response Team,Privilege Escalation,Immediately isolate the endpoint
ALT-001511,54540,2026-07-27 01:13:38,100.0,Critical,Critical,P1,Open,Incident Response Team,Privilege Escalation,Immediately isolate the endpoint
ALT-005355,211004,2026-07-27 01:13:39,49.89,Medium,Low,P3,Open,Tier-1 SOC Analyst,Abnormal Traffic,Investigate suspicious activity
ALT-005520,216388,2026-07-27 01:14:01,21.62,Medium,Low,P3,Open,Tier-1 SOC Analyst,Abnormal Traffic,Investigate suspicious activity
ALT-005305,210590,2026-07-27 01:14:16,98.98,Critical,Critical,P1,Open,Incident Response Team,Data Exfiltration,Immediately isolate the endpoint
ALT-004939,201974,2026-07-27 01:14:26,100.0,Critical,Critical,P1,Open,Incident Response Team,Ransomware,Immediately isolate the endpoint
ALT-004817,199638,2026-07-27 01:14:27,100.0,Critical,Critical,P1,Investigating,Incident Response Team,Ransomware,Immediately isolate the endpoint
ALT-004315,169620,2026-07-27 01:14:33,100.0,Critical,Critical,P1,Investigating,Incident Response Team,Privilege Escalation,Immediately isolate the endpoint
ALT-003201,114571,2026-07-27 01:14:35,100.0,Critical,Critical,P1,Investigating,Incident Response Team,Data Exfiltration,Immediately isolate the endpoint
ALT-005129,204252,2026-07-27 01:15:38,100.0,Critical,Critical,P1,Open,Incident Response Team,Ransomware,Immediately isolate the endpoint
ALT-002968,108722,2026-07-27 01:16:01,99.99,Critical,Critical,P1,Investigating,Incident Response Team,Malware Infection,Immediately isolate the endpoint
ALT-002878,104021,2026-07-27 01:16:07,100.0,Critical,Critical,P1,Open,Incident Response Team,Ransomware,Immediately isolate the endpoint
ALT-002301,81731,2026-07-27 01:16:08,100.0,Critical,Critical,P1,Open,Incident Response Team,Malware Infection,Immediately isolate the endpoint
ALT-001503,54532,2026-07-27 01:16:12,100.0,Critical,Critical,P1,Investigating,Incident Response Team,Malware Infection,Immediately isolate the endpoint
ALT-000525,19830,2026-07-27 01:16:15,99.03,Critical,Critical,P1,Open,Incident Response Team,Privilege Escalation,Immediately isolate the endpoint
ALT-003763,137991,2026-07-27 01:16:18,99.76,Critical,Critical,P1,Open,Incident Response Team,Ransomware,Immediately isolate the endpoint
ALT-001623,57688,2026-07-27 01:16:22,92.57,Critical,Critical,P1,Investigating,Incident Response Team,Malware Infection,Immediately isolate the endpoint
ALT-002587,91540,2026-07-27 01:16:44,99.98,Critical,Critical,P1,Open,Incident Response Team,Privilege Escalation,Immediately isolate the endpoint
ALT-005062,203234,2026-07-27 01:16:45,100.0,Critical,Critical,P1,Investigating,Incident Response Team,Ransomware,Immediately isolate the endpoint
ALT-005121,204244,2026-07-27 01:16:58,100.0,Critical,Critical,P1,Open,Incident Response Team,Data Exfiltration,Immediately isolate the endpoint
ALT-005854,231194,2026-07-27 01:17:01,100.0,Critical,Critical,P1,Investigating,Incident Response Team,Ransomware,Immediately isolate the endpoint
ALT-006142,238096,2026-07-27 01:17:53,99.99,Critical,Critical,P1,Open,Incident Response Team,Ransomware,Immediately isolate the endpoint
ALT-001115,44834,2026-07-27 01:18:07,100.0,Critical,Critical,P1,Open,Incident Response Team,Data Exfiltration,Immediately isolate the endpoint
ALT-003333,120108,2026-07-27 01:18:09,96.95,Critical,Critical,P1,Investigating,Incident Response Team,Privilege Escalation,Immediately isolate the endpoint
ALT-000093,2644,2026-07-27 01:18:16,99.1,Critical,Critical,P1,Open,Incident Response Team,Privilege Escalation,Immediately isolate the endpoint
ALT-005169,205783,2026-07-27 01:18:21,99.95,Critical,Critical,P1,Open,Incident Response Team,Malware Infection,Immediately isolate the endpoint
ALT-003330,119223,2026-07-27 01:18:22,99.95,Critical,Critical,P1,Open,Incident Response Team,Ransomware,Immediately isolate the endpoint
ALT-004942,201977,2026-07-27 01:18:25,100.0,Critical,Critical,P1,Open,Incident Response Team,Ransomware,Immediately isolate the endpoint
ALT-002431,84088,2026-07-27 01:18:45,100.0,Critical,Critical,P1,Open,Incident Response Team,Malware Infection,Immediately isolate the endpoint
ALT-003871,142675,2026-07-27 01:19:12,100.0,Critical,Critical,P1,Open,Incident Response Team,Data Exfiltration,Immediately isolate the endpoint
ALT-002459,85084,2026-07-27 01:19:46,100.0,Critical,Critical,P1,Resolved,Incident Response Team,Malware Infection,Immediately isolate the endpoint
ALT-004409,176910,2026-07-27 01:20:04,100.0,Critical,Critical,P1,Open,Incident Response Team,Privilege Escalation,Immediately isolate the endpoint
ALT-000633,26256,2026-07-27 01:20:08,100.0,Critical,Critical,P1,Open,Incident Response Team,Malware Infection,Immediately isolate the endpoint
ALT-005380,212569,2026-07-27 01:20:40,20.95,Medium,Low,P3,Open,Tier-1 SOC Analyst,Port Scan,Investigate suspicious activity
ALT-000970,38867,2026-07-27 01:20:41,100.0,Critical,Critical,P1,Open,Incident Response Team,Ransomware,Immediately isolate the endpoint
ALT-004346,174231,2026-07-27 01:20:43,100.0,Critical,Critical,P1,Resolved,Incident Response Team,Ransomware,Immediately isolate the endpoint
ALT-000253,9920,2026-07-27 01:21:08,81.83,Critical,Critical,P1,Open,Incident Response Team,Malware Infection,Immediately isolate the endpoint
ALT-001858,63855,2026-07-27 01:21:48,24.59,Medium,Low,P3,Resolved,Tier-1 SOC Analyst,Reconnaissance,Investigate suspicious activity
ALT-004752,194038,2026-07-27 01:21:57,100.0,Critical,Critical,P1,Open,Incident Response Team,Malware Infection,Immediately isolate the endpoint
ALT-000219,7756,2026-07-27 01:21:58,100.0,Critical,Critical,P1,Investigating,Incident Response Team,Privilege Escalation,Immediately isolate the endpoint
ALT-004736,191731,2026-07-27 01:22:40,100.0,Critical,Critical,P1,Open,Incident Response Team,Data Exfiltration,Immediately isolate the endpoint
ALT-000959,38856,2026-07-27 01:22:40,100.0,Critical,Critical,P1,Investigating,Incident Response Team,Malware Infection,Immediately isolate the endpoint
ALT-001477,53819,2026-07-27 01:22:55,52.73,High,Medium,P2,Open,Tier-2 SOC Analyst,Unauthorized Access,Notify security team
ALT-001164,44913,2026-07-27 01:23:08,66.62,High,Medium,P2,Open,Tier-2 SOC Analyst,Suspicious Login,Notify security team
ALT-002503,85839,2026-07-27 01:23:35,100.0,Critical,Critical,P1,Open,Incident Response Team,Ransomware,Immediately isolate the endpoint
ALT-003790,139045,2026-07-27 01:23:36,22.44,Medium,Low,P3,Open,Tier-1 SOC Analyst,Abnormal Traffic,Investigate suspicious activity
ALT-000146,4883,2026-07-27 01:23:36,39.88,Medium,Low,P3,Resolved,Tier-1 SOC Analyst,Port Scan,Investigate suspicious activity
ALT-004086,158639,2026-07-27 01:23:40,67.61,High,Medium,P2,Open,Tier-2 SOC Analyst,Suspicious Login,Notify security team
ALT-003752,137980,2026-07-27 01:23:40,99.71,Critical,Critical,P1,Open,Incident Response Team,Malware Infection,Immediately isolate the endpoint
ALT-005997,233162,2026-07-27 01:23:46,100.0,Critical,Critical,P1,Investigating,Incident Response Team,Malware Infection,Immediately isolate the endpoint
ALT-001188,45467,2026-07-27 01:23:59,100.0,Critical,Critical,P1,Open,Incident Response Team,Privilege Escalation,Immediately isolate the endpoint
ALT-003776,139031,2026-07-27 01:24:02,27.19,Medium,Low,P3,Resolved,Tier-1 SOC Analyst,Port Scan,Investigate suspicious activity
ALT-005963,232696,2026-07-27 01:24:11,98.82,Critical,Critical,P1,Investigating,Incident Response Team,Ransomware,Immediately isolate the endpoint
ALT-001060,43579,2026-07-27 01:24:32,99.47,Critical,Critical,P1,Open,Incident Response Team,Malware Infection,Immediately isolate the endpoint
ALT-002060,70476,2026-07-27 01:24:46,99.92,Critical,Critical,P1,Investigating,Incident Response Team,Malware Infection,Immediately isolate the endpoint
ALT-003620,131727,2026-07-27 01:25:04,100.0,Critical,Critical,P1,Open,Incident Response Team,Data Exfiltration,Immediately isolate the endpoint
ALT-004145,159364,2026-07-27 01:25:10,96.67,Critical,Critical,P1,Open,Incident Response Team,Ransomware,Immediately isolate the endpoint
ALT-002693,98117,2026-07-27 01:25:11,100.0,Critical,Critical,P1,Open,Incident Response Team,Data Exfiltration,Immediately isolate the endpoint
ALT-000484,17641,2026-07-27 01:26:08,99.41,Critical,Critical,P1,Open,Incident Response Team,Ransomware,Immediately isolate the endpoint
ALT-003498,126475,2026-07-27 01:26:27,98.98,Critical,Critical,P1,Investigating,Incident Response Team,Malware Infection,Immediately isolate the endpoint
ALT-004605,185258,2026-07-27 01:27:00,100.0,Critical,Critical,P1,Resolved,Incident Response Team,Ransomware,Immediately isolate the endpoint
ALT-003675,136418,2026-07-27 01:27:04,100.0,Critical,Critical,P1,Open,Incident Response Team,Ransomware,Immediately isolate the endpoint
ALT-004359,174244,2026-07-27 01:27:17,100.0,Critical,Critical,P1,Open,Incident Response Team,Malware Infection,Immediately isolate the endpoint
ALT-004061,156862,2026-07-27 01:27:41,100.0,Critical,Critical,P1,Resolved,Incident Response Team,Malware Infection,Immediately isolate the endpoint
ALT-001655,58837,2026-07-27 01:27:43,100.0,Critical,Critical,P1,Open,Incident Response Team,Malware Infection,Immediately isolate the endpoint
ALT-005007,202885,2026-07-27 01:27:56,23.75,Medium,Low,P3,Open,Tier-1 SOC Analyst,Port Scan,Investigate suspicious activity
ALT-005947,232680,2026-07-27 01:27:59,98.57,Critical,Critical,P1,Open,Incident Response Team,Data Exfiltration,Immediately isolate the endpoint
ALT-002563,90728,2026-07-27 01:28:17,100.0,Critical,Critical,P1,Resolved,Incident Response Team,Data Exfiltration,Immediately isolate the endpoint
ALT-006022,233890,2026-07-27 01:28:20,100.0,Critical,Critical,P1,Open,Incident Response Team,Ransomware,Immediately isolate the endpoint
ALT-005783,229991,2026-07-27 01:28:21,100.0,Critical,Critical,P1,Investigating,Incident Response Team,Data Exfiltration,Immediately isolate the endpoint
ALT-005940,232150,2026-07-27 01:28:26,99.98,Critical,Critical,P1,Investigating,Incident Response Team,Ransomware,Immediately isolate the endpoint
ALT-003375,120557,2026-07-27 01:28:38,100.0,Critical,Critical,P1,Open,Incident Response Team,Malware Infection,Immediately isolate the endpoint
ALT-005081,203441,2026-07-27 01:28:49,100.0,Critical,Critical,P1,Open,Incident Response Team,Malware Infection,Immediately isolate the endpoint
ALT-004478,180552,2026-07-27 01:29:12,100.0,Critical,Critical,P1,Investigating,Incident Response Team,Ransomware,Immediately isolate the endpoint
ALT-001350,51464,2026-07-27 01:29:36,100.0,Critical,Critical,P1,Open,Incident Response Team,Malware Infection,Immediately isolate the endpoint
ALT-003553,130455,2026-07-27 01:29:39,100.0,Critical,Critical,P1,Investigating,Incident Response Team,Malware Infection,Immediately isolate the endpoint
ALT-002858,104001,2026-07-27 01:29:59,99.99,Critical,Critical,P1,Resolved,Incident Response Team,Ransomware,Immediately isolate the endpoint
ALT-003640,135893,2026-07-27 01:30:31,99.6,Critical,Critical,P1,Investigating,Incident Response Team,Privilege Escalation,Immediately isolate the endpoint
ALT-002462,85087,2026-07-27 01:30:51,100.0,Critical,Critical,P1,Investigating,Incident Response Team,Ransomware,Immediately isolate the endpoint
ALT-003586,130599,2026-07-27 01:30:54,100.0,Critical,Critical,P1,Investigating,Incident Response Team,Malware Infection,Immediately isolate the endpoint
ALT-006006,233874,2026-07-27 01:31:00,100.0,Critical,Critical,P1,Investigating,Incident Response Team,Privilege Escalation,Immediately isolate the endpoint
ALT-002265,81695,2026-07-27 01:31:27,99.07,Critical,Critical,P1,Open,Incident Response Team,Ransomware,Immediately isolate the endpoint
ALT-000057,2399,2026-07-27 01:31:39,99.67,Critical,Critical,P1,Open,Incident Response Team,Malware Infection,Immediately isolate the endpoint
ALT-005873,231213,2026-07-27 01:31:42,100.0,Critical,Critical,P1,Open,Incident Response Team,Malware Infection,Immediately isolate the endpoint
ALT-000459,15573,2026-07-27 01:31:59,100.0,Critical,Critical,P1,Investigating,Incident Response Team,Ransomware,Immediately isolate the endpoint
ALT-000902,35079,2026-07-27 01:32:01,100.0,Critical,Critical,P1,Open,Incident Response Team,Data Exfiltration,Immediately isolate the endpoint
ALT-000566,20182,2026-07-27 01:32:15,100.0,Critical,Critical,P1,Investigating,Incident Response Team,Ransomware,Immediately isolate the endpoint
ALT-005648,225040,2026-07-27 01:32:45,100.0,Critical,Critical,P1,Open,Incident Response Team,Ransomware,Immediately isolate the endpoint
ALT-001788,61217,2026-07-27 01:32:59,100.0,Critical,Critical,P1,Investigating,Incident Response Team,Ransomware,Immediately isolate the endpoint
ALT-000168,5414,2026-07-27 01:33:07,100.0,Critical,Critical,P1,Open,Incident Response Team,Ransomware,Immediately isolate the endpoint
ALT-000090,2641,2026-07-27 01:33:52,99.06,Critical,Critical,P1,Investigating,Incident Response Team,Privilege Escalation,Immediately isolate the endpoint
ALT-002805,103407,2026-07-27 01:33:59,100.0,Critical,Critical,P1,Open,Incident Response Team,Ransomware,Immediately isolate the endpoint
ALT-003843,142180,2026-07-27 01:34:07,100.0,Critical,Critical,P1,Open,Incident Response Team,Privilege Escalation,Immediately isolate the endpoint
ALT-002662,96169,2026-07-27 01:34:34,100.0,Critical,Critical,P1,Open,Incident Response Team,Malware Infection,Immediately isolate the endpoint
ALT-000794,30513,2026-07-27 01:35:00,100.0,Critical,Critical,P1,Investigating,Incident Response Team,Privilege Escalation,Immediately isolate the endpoint
ALT-005667,225182,2026-07-27 01:36:09,100.0,Critical,Critical,P1,Open,Incident Response Team,Ransomware,Immediately isolate the endpoint
ALT-004313,169618,2026-07-27 01:36:13,100.0,Critical,Critical,P1,Open,Incident Response Team,Malware Infection,Immediately isolate the endpoint
ALT-002383,84020,2026-07-27 01:36:24,100.0,Critical,Critical,P1,Resolved,Incident Response Team,Data Exfiltration,Immediately isolate the endpoint
ALT-003647,135900,2026-07-27 01:36:25,100.0,Critical,Critical,P1,Investigating,Incident Response Team,Data Exfiltration,Immediately isolate the endpoint
ALT-003797,139054,2026-07-27 01:36:43,21.9,Medium,Low,P3,Resolved,Tier-1 SOC Analyst,Port Scan,Investigate suspicious activity
ALT-004413,176914,2026-07-27 01:36:49,100.0,Critical,Critical,P1,Open,Incident Response Team,Malware Infection,Immediately isolate the endpoint
ALT-004494,181867,2026-07-27 01:37:25,100.0,Critical,Critical,P1,Open,Incident Response Team,Data Exfiltration,Immediately isolate the endpoint
ALT-005383,212573,2026-07-27 01:37:51,20.43,Medium,Low,P3,Investigating,Tier-1 SOC Analyst,Reconnaissance,Investigate suspicious activity
ALT-004601,185254,2026-07-27 01:37:56,99.72,Critical,Critical,P1,Open,Incident Response Team,Ransomware,Immediately isolate the endpoint
ALT-005434,213247,2026-07-27 01:38:53,100.0,Critical,Critical,P1,Investigating,Incident Response Team,Ransomware,Immediately isolate the endpoint
ALT-003239,115149,2026-07-27 01:39:03,100.0,Critical,Critical,P1,Open,Incident Response Team,Privilege Escalation,Immediately isolate the endpoint
ALT-003033,109486,2026-07-27 01:39:08,100.0,Critical,Critical,P1,Open,Incident Response Team,Data Exfiltration,Immediately isolate the endpoint
ALT-005307,210592,2026-07-27 01:39:15,99.03,Critical,Critical,P1,Open,Incident Response Team,Data Exfiltration,Immediately isolate the endpoint
ALT-000834,31060,2026-07-27 01:39:37,100.0,Critical,Critical,P1,Open,Incident Response Team,Data Exfiltration,Immediately isolate the endpoint
ALT-004474,180548,2026-07-27 01:39:40,100.0,Critical,Critical,P1,Open,Incident Response Team,Data Exfiltration,Immediately isolate the endpoint
ALT-004205,166165,2026-07-27 01:39:45,99.17,Critical,Critical,P1,Open,Incident Response Team,Privilege Escalation,Immediately isolate the endpoint
ALT-005117,204240,2026-07-27 01:40:04,100.0,Critical,Critical,P1,Resolved,Incident Response Team,Ransomware,Immediately isolate the endpoint
ALT-001505,54534,2026-07-27 01:40:42,100.0,Critical,Critical,P1,Open,Incident Response Team,Malware Infection,Immediately isolate the endpoint
ALT-000224,7761,2026-07-27 01:41:01,100.0,Critical,Critical,P1,Investigating,Incident Response Team,Data Exfiltration,Immediately isolate the endpoint
ALT-004003,152945,2026-07-27 01:41:09,100.0,Critical,Critical,P1,Investigating,Incident Response Team,Privilege Escalation,Immediately isolate the endpoint
ALT-006167,238121,2026-07-27 01:41:26,100.0,Critical,Critical,P1,Open,Incident Response Team,Data Exfiltration,Immediately isolate the endpoint
ALT-004674,186622,2026-07-27 01:41:31,47.45,Medium,Low,P3,Open,Tier-1 SOC Analyst,Port Scan,Investigate suspicious activity
ALT-003794,139051,2026-07-27 01:41:54,40.52,Medium,Low,P3,Investigating,Tier-1 SOC Analyst,Policy Violation,Investigate suspicious activity
ALT-003733,137626,2026-07-27 01:42:06,100.0,Critical,Critical,P1,Investigating,Incident Response Team,Data Exfiltration,Immediately isolate the endpoint
ALT-002384,84021,2026-07-27 01:42:22,100.0,Critical,Critical,P1,Investigating,Incident Response Team,Privilege Escalation,Immediately isolate the endpoint
ALT-000353,13156,2026-07-27 01:42:45,100.0,Critical,Critical,P1,Investigating,Incident Response Team,Data Exfiltration,Immediately isolate the endpoint
ALT-003957,149288,2026-07-27 01:42:51,99.96,Critical,Critical,P1,Resolved,Incident Response Team,Malware Infection,Immediately isolate the endpoint
ALT-003020,108774,2026-07-27 01:43:16,99.99,Critical,Critical,P1,Open,Incident Response Team,Malware Infection,Immediately isolate the endpoint
ALT-000182,5719,2026-07-27 01:43:40,99.99,Critical,Critical,P1,Open,Incident Response Team,Data Exfiltration,Immediately isolate the endpoint
ALT-001210,45489,2026-07-27 01:43:43,100.0,Critical,Critical,P1,Investigating,Incident Response Team,Privilege Escalation,Immediately isolate the endpoint
ALT-004856,200996,2026-07-27 01:43:57,52.4,High,Medium,P2,Open,Tier-2 SOC Analyst,Suspicious Login,Notify security team
ALT-001716,60052,2026-07-27 01:43:58,100.0,Critical,Critical,P1,Investigating,Incident Response Team,Malware Infection,Immediately isolate the endpoint
ALT-004575,184178,2026-07-27 01:44:05,99.41,Critical,Critical,P1,Open,Incident Response Team,Malware Infection,Immediately isolate the endpoint
ALT-003838,142175,2026-07-27 01:44:06,100.0,Critical,Critical,P1,Open,Incident Response Team,Data Exfiltration,Immediately isolate the endpoint
ALT-000733,27740,2026-07-27 01:44:12,99.85,Critical,Critical,P1,Investigating,Incident Response Team,Ransomware,Immediately isolate the endpoint
ALT-005556,217563,2026-07-27 01:44:17,99.11,Critical,Critical,P1,Open,Incident Response Team,Privilege Escalation,Immediately isolate the endpoint
ALT-002812,103414,2026-07-27 01:44:38,100.0,Critical,Critical,P1,Open,Incident Response Team,Malware Infection,Immediately isolate the endpoint
ALT-003509,126666,2026-07-27 01:44:42,98.76,Critical,Critical,P1,Open,Incident Response Team,Privilege Escalation,Immediately isolate the endpoint
ALT-004216,166176,2026-07-27 01:44:56,99.05,Critical,Critical,P1,Investigating,Incident Response Team,Ransomware,Immediately isolate the endpoint
ALT-004168,160496,2026-07-27 01:45:07,100.0,Critical,Critical,P1,Open,Incident Response Team,Ransomware,Immediately isolate the endpoint
ALT-003747,137975,2026-07-27 01:45:10,100.0,Critical,Critical,P1,Investigating,Incident Response Team,Privilege Escalation,Immediately isolate the endpoint
ALT-001823,62274,2026-07-27 01:45:41,99.38,Critical,Critical,P1,Open,Incident Response Team,Data Exfiltration,Immediately isolate the endpoint
ALT-003921,147829,2026-07-27 01:45:53,100.0,Critical,Critical,P1,Investigating,Incident Response Team,Malware Infection,Immediately isolate the endpoint
ALT-005016,203185,2026-07-27 01:46:16,21.45,Medium,Low,P3,Investigating,Tier-1 SOC Analyst,Reconnaissance,Investigate suspicious activity
ALT-003668,136411,2026-07-27 01:46:18,100.0,Critical,Critical,P1,Open,Incident Response Team,Data Exfiltration,Immediately isolate the endpoint
ALT-003937,148411,2026-07-27 01:46:26,99.96,Critical,Critical,P1,Open,Incident Response Team,Ransomware,Immediately isolate the endpoint
ALT-004751,194037,2026-07-27 01:46:28,100.0,Critical,Critical,P1,Open,Incident Response Team,Data Exfiltration,Immediately isolate the endpoint
ALT-004178,160506,2026-07-27 01:46:29,100.0,Critical,Critical,P1,Investigating,Incident Response Team,Data Exfiltration,Immediately isolate the endpoint
ALT-001339,50374,2026-07-27 01:46:39,99.91,Critical,Critical,P1,Open,Incident Response Team,Ransomware,Immediately isolate the endpoint
ALT-005199,206026,2026-07-27 01:46:56,100.0,Critical,Critical,P1,Investigating,Incident Response Team,Data Exfiltration,Immediately isolate the endpoint
ALT-003904,146564,2026-07-27 01:47:18,46.16,Medium,Low,P3,Open,Tier-1 SOC Analyst,Reconnaissance,Investigate suspicious activity
ALT-001727,60613,2026-07-27 01:47:38,100.0,Critical,Critical,P1,Open,Incident Response Team,Ransomware,Immediately isolate the endpoint
ALT-005381,212570,2026-07-27 01:47:39,20.89,Medium,Low,P3,Open,Tier-1 SOC Analyst,Port Scan,Investigate suspicious activity
ALT-003786,139041,2026-07-27 01:48:02,25.06,Medium,Low,P3,Open,Tier-1 SOC Analyst,Policy Violation,Investigate suspicious activity
ALT-003503,126660,2026-07-27 01:48:09,99.08,Critical,Critical,P1,Open,Incident Response Team,Data Exfiltration,Immediately isolate the endpoint
ALT-002425,84082,2026-07-27 01:48:15,100.0,Critical,Critical,P1,Investigating,Incident Response Team,Data Exfiltration,Immediately isolate the endpoint
ALT-003737,137630,2026-07-27 01:48:21,100.0,Critical,Critical,P1,Investigating,Incident Response Team,Malware Infection,Immediately isolate the endpoint
ALT-005270,208412,2026-07-27 01:48:30,100.0,Critical,Critical,P1,Open,Incident Response Team,Ransomware,Immediately isolate the endpoint
ALT-002759,99586,2026-07-27 01:48:37,49.79,Medium,Low,P3,Resolved,Tier-1 SOC Analyst,Port Scan,Investigate suspicious activity
ALT-001770,61149,2026-07-27 01:48:44,100.0,Critical,Critical,P1,Investigating,Incident Response Team,Data Exfiltration,Immediately isolate the endpoint
ALT-002025,67713,2026-07-27 01:48:48,35.74,Medium,Low,P3,Resolved,Tier-1 SOC Analyst,Port Scan,Investigate suspicious activity
ALT-002149,74501,2026-07-27 01:48:52,99.36,Critical,Critical,P1,Open,Incident Response Team,Ransomware,Immediately isolate the endpoint
ALT-006063,234719,2026-07-27 01:49:25,23.72,Medium,Low,P3,Open,Tier-1 SOC Analyst,Policy Violation,Investigate suspicious activity
ALT-004657,186605,2026-07-27 01:49:41,48.18,Medium,Low,P3,Open,Tier-1 SOC Analyst,Port Scan,Investigate suspicious activity
ALT-001389,51926,2026-07-27 01:49:52,100.0,Critical,Critical,P1,Investigating,Incident Response Team,Malware Infection,Immediately isolate the endpoint
ALT-001012,40468,2026-07-27 01:50:17,100.0,Critical,Critical,P1,Open,Incident Response Team,Data Exfiltration,Immediately isolate the endpoint
ALT-002841,103811,2026-07-27 01:50:19,99.53,Critical,Critical,P1,Open,Incident Response Team,Privilege Escalation,Immediately isolate the endpoint
ALT-002128,74315,2026-07-27 01:50:32,100.0,Critical,Critical,P1,Open,Incident Response Team,Data Exfiltration,Immediately isolate the endpoint
ALT-001376,51490,2026-07-27 01:50:38,100.0,Critical,Critical,P1,Open,Incident Response Team,Data Exfiltration,Immediately isolate the endpoint
ALT-005863,231203,2026-07-27 01:50:43,100.0,Critical,Critical,P1,Investigating,Incident Response Team,Ransomware,Immediately isolate the endpoint
ALT-003242,115152,2026-07-27 01:50:56,100.0,Critical,Critical,P1,Open,Incident Response Team,Malware Infection,Immediately isolate the endpoint
ALT-001602,57488,2026-07-27 01:51:26,100.0,Critical,Critical,P1,Open,Incident Response Team,Malware Infection,Immediately isolate the endpoint
ALT-001433,52857,2026-07-27 01:51:33,46.28,Medium,Low,P3,Investigating,Tier-1 SOC Analyst,Policy Violation,Investigate suspicious activity
ALT-004579,184182,2026-07-27 01:51:36,99.47,Critical,Critical,P1,Resolved,Incident Response Team,Privilege Escalation,Immediately isolate the endpoint
ALT-000325,11455,2026-07-27 01:51:42,99.97,Critical,Critical,P1,Investigating,Incident Response Team,Malware Infection,Immediately isolate the endpoint
ALT-005817,230620,2026-07-27 01:52:09,81.97,Critical,Critical,P1,Resolved,Incident Response Team,Privilege Escalation,Immediately isolate the endpoint
ALT-003043,109496,2026-07-27 01:52:12,100.0,Critical,Critical,P1,Investigating,Incident Response Team,Data Exfiltration,Immediately isolate the endpoint
ALT-001524,54823,2026-07-27 01:52:16,100.0,Critical,Critical,P1,Open,Incident Response Team,Data Exfiltration,Immediately isolate the endpoint
ALT-004226,166186,2026-07-27 01:52:43,99.39,Critical,Critical,P1,Open,Incident Response Team,Data Exfiltration,Immediately isolate the endpoint
ALT-003950,149281,2026-07-27 01:52:44,100.0,Critical,Critical,P1,Investigating,Incident Response Team,Privilege Escalation,Immediately isolate the endpoint
ALT-000801,30520,2026-07-27 01:52:47,100.0,Critical,Critical,P1,Investigating,Incident Response Team,Malware Infection,Immediately isolate the endpoint
ALT-001711,60047,2026-07-27 01:53:02,100.0,Critical,Critical,P1,Investigating,Incident Response Team,Data Exfiltration,Immediately isolate the endpoint
ALT-002770,99597,2026-07-27 01:53:55,48.61,Medium,Low,P3,Open,Tier-1 SOC Analyst,Reconnaissance,Investigate suspicious activity
ALT-002129,74316,2026-07-27 01:54:16,100.0,Critical,Critical,P1,Open,Incident Response Team,Privilege Escalation,Immediately isolate the endpoint
ALT-000658,26281,2026-07-27 01:54:25,100.0,Critical,Critical,P1,Open,Incident Response Team,Privilege Escalation,Immediately isolate the endpoint
ALT-005228,207282,2026-07-27 01:54:46,100.0,Critical,Critical,P1,Open,Incident Response Team,Malware Infection,Immediately isolate the endpoint
ALT-004842,200771,2026-07-27 01:54:50,99.55,Critical,Critical,P1,Open,Incident Response Team,Privilege Escalation,Immediately isolate the endpoint
ALT-003679,136422,2026-07-27 01:54:56,100.0,Critical,Critical,P1,Investigating,Incident Response Team,Ransomware,Immediately isolate the endpoint
ALT-004997,202874,2026-07-27 01:55:06,25.93,Medium,Low,P3,Open,Tier-1 SOC Analyst,Abnormal Traffic,Investigate suspicious activity
ALT-003369,120551,2026-07-27 01:55:09,100.0,Critical,Critical,P1,Open,Incident Response Team,Ransomware,Immediately isolate the endpoint
ALT-000630,24933,2026-07-27 01:55:18,100.0,Critical,Critical,P1,Open,Incident Response Team,Privilege Escalation,Immediately isolate the endpoint
ALT-003761,137989,2026-07-27 01:55:36,99.67,Critical,Critical,P1,Investigating,Incident Response Team,Privilege Escalation,Immediately isolate the endpoint
ALT-000905,35082,2026-07-27 01:55:53,100.0,Critical,Critical,P1,Open,Incident Response Team,Data Exfiltration,Immediately isolate the endpoint
ALT-001542,54841,2026-07-27 01:56:11,100.0,Critical,Critical,P1,Open,Incident Response Team,Ransomware,Immediately isolate the endpoint
ALT-001942,65954,2026-07-27 01:56:27,100.0,Critical,Critical,P1,Open,Incident Response Team,Ransomware,Immediately isolate the endpoint
ALT-002256,78468,2026-07-27 01:56:38,41.48,Medium,Low,P3,Open,Tier-1 SOC Analyst,Policy Violation,Investigate suspicious activity
ALT-002725,98283,2026-07-27 01:56:49,100.0,Critical,Critical,P1,Resolved,Incident Response Team,Malware Infection,Immediately isolate the endpoint
ALT-000829,31055,2026-07-27 01:57:04,100.0,Critical,Critical,P1,Resolved,Incident Response Team,Data Exfiltration,Immediately isolate the endpoint
ALT-005286,208428,2026-07-27 01:57:05,100.0,Critical,Critical,P1,Open,Incident Response Team,Privilege Escalation,Immediately isolate the endpoint
ALT-002963,108717,2026-07-27 01:57:27,99.99,Critical,Critical,P1,Open,Incident Response Team,Ransomware,Immediately isolate the endpoint
ALT-004805,199626,2026-07-27 01:57:35,100.0,Critical,Critical,P1,Investigating,Incident Response Team,Malware Infection,Immediately isolate the endpoint
ALT-003021,108775,2026-07-27 01:57:48,100.0,Critical,Critical,P1,Open,Incident Response Team,Data Exfiltration,Immediately isolate the endpoint
ALT-005109,204232,2026-07-27 01:58:19,100.0,Critical,Critical,P1,Open,Incident Response Team,Malware Infection,Immediately isolate the endpoint
ALT-001741,60627,2026-07-27 01:58:37,100.0,Critical,Critical,P1,Open,Incident Response Team,Malware Infection,Immediately isolate the endpoint
ALT-002174,75894,2026-07-27 01:58:47,33.05,Medium,Low,P3,Resolved,Tier-1 SOC Analyst,Reconnaissance,Investigate suspicious activity
ALT-000286,10074,2026-07-27 01:59:02,100.0,Critical,Critical,P1,Open,Incident Response Team,Privilege Escalation,Immediately isolate the endpoint
ALT-001734,60620,2026-07-27 01:59:13,100.0,Critical,Critical,P1,Open,Incident Response Team,Ransomware,Immediately isolate the endpoint
ALT-001793,61222,2026-07-27 01:59:44,99.5,Critical,Critical,P1,Investigating,Incident Response Team,Privilege Escalation,Immediately isolate the endpoint
ALT-001270,47011,2026-07-27 01:59:56,100.0,Critical,Critical,P1,Open,Incident Response Team,Ransomware,Immediately isolate the endpoint
ALT-001349,51463,2026-07-27 02:00:15,100.0,Critical,Critical,P1,Open,Incident Response Team,Privilege Escalation,Immediately isolate the endpoint
ALT-005034,203206,2026-07-27 02:00:24,24.94,Medium,Low,P3,Resolved,Tier-1 SOC Analyst,Abnormal Traffic,Investigate suspicious activity
ALT-000593,21703,2026-07-27 02:00:26,100.0,Critical,Critical,P1,Open,Incident Response Team,Malware Infection,Immediately isolate the endpoint
ALT-003696,136953,2026-07-27 02:00:49,100.0,Critical,Critical,P1,Investigating,Incident Response Team,Data Exfiltration,Immediately isolate the endpoint
ALT-005602,223395,2026-07-27 02:01:30,100.0,Critical,Critical,P1,Open,Incident Response Team,Privilege Escalation,Immediately isolate the endpoint
ALT-004576,184179,2026-07-27 02:01:42,99.42,Critical,Critical,P1,Open,Incident Response Team,Data Exfiltration,Immediately isolate the endpoint
ALT-003300,118041,2026-07-27 02:01:45,100.0,Critical,Critical,P1,Open,Incident Response Team,Malware Infection,Immediately isolate the endpoint
ALT-002146,74496,2026-07-27 02:01:48,23.63,Medium,Low,P3,Open,Tier-1 SOC Analyst,Policy Violation,Investigate suspicious activity
ALT-005433,213246,2026-07-27 02:01:55,100.0,Critical,Critical,P1,Open,Incident Response Team,Privilege Escalation,Immediately isolate the endpoint
ALT-004200,166160,2026-07-27 02:02:00,100.0,Critical,Critical,P1,Investigating,Incident Response Team,Malware Infection,Immediately isolate the endpoint
ALT-000666,26289,2026-07-27 02:02:16,100.0,Critical,Critical,P1,Open,Incident Response Team,Data Exfiltration,Immediately isolate the endpoint
ALT-004741,191736,2026-07-27 02:02:43,100.0,Critical,Critical,P1,Open,Incident Response Team,Privilege Escalation,Immediately isolate the endpoint
ALT-002676,96183,2026-07-27 02:03:02,100.0,Critical,Critical,P1,Open,Incident Response Team,Data Exfiltration,Immediately isolate the endpoint
ALT-005607,223400,2026-07-27 02:03:30,100.0,Critical,Critical,P1,Investigating,Incident Response Team,Privilege Escalation,Immediately isolate the endpoint
ALT-003945,148419,2026-07-27 02:03:40,99.86,Critical,Critical,P1,Open,Incident Response Team,Data Exfiltration,Immediately isolate the endpoint
ALT-003455,123156,2026-07-27 02:03:58,97.98,Critical,Critical,P1,Open,Incident Response Team,Ransomware,Immediately isolate the endpoint
ALT-002536,86288,2026-07-27 02:04:16,36.98,Medium,Low,P3,Open,Tier-1 SOC Analyst,Reconnaissance,Investigate suspicious activity
ALT-001898,64106,2026-07-27 02:04:26,86.12,Critical,Critical,P1,Open,Incident Response Team,Privilege Escalation,Immediately isolate the endpoint
ALT-005920,232130,2026-07-27 02:04:33,100.0,Critical,Critical,P1,Open,Incident Response Team,Privilege Escalation,Immediately isolate the endpoint
ALT-000674,27001,2026-07-27 02:05:25,100.0,Critical,Critical,P1,Investigating,Incident Response Team,Data Exfiltration,Immediately isolate the endpoint
ALT-000518,19823,2026-07-27 02:05:43,98.92,Critical,Critical,P1,Open,Incident Response Team,Data Exfiltration,Immediately isolate the endpoint
ALT-005882,231370,2026-07-27 02:05:52,99.93,Critical,Critical,P1,Open,Incident Response Team,Ransomware,Immediately isolate the endpoint
ALT-004320,169625,2026-07-27 02:05:52,100.0,Critical,Critical,P1,Open,Incident Response Team,Malware Infection,Immediately isolate the endpoint
ALT-002492,85828,2026-07-27 02:05:56,100.0,Critical,Critical,P1,Investigating,Incident Response Team,Malware Infection,Immediately isolate the endpoint
ALT-004336,172399,2026-07-27 02:06:04,100.0,Critical,Critical,P1,Open,Incident Response Team,Malware Infection,Immediately isolate the endpoint
ALT-005719,225441,2026-07-27 02:06:35,100.0,Critical,Critical,P1,Open,Incident Response Team,Ransomware,Immediately isolate the endpoint
ALT-005659,225051,2026-07-27 02:07:22,100.0,Critical,Critical,P1,Open,Incident Response Team,Malware Infection,Immediately isolate the endpoint
ALT-001367,51481,2026-07-27 02:08:11,100.0,Critical,Critical,P1,Open,Incident Response Team,Malware Infection,Immediately isolate the endpoint
ALT-003046,110853,2026-07-27 02:08:15,100.0,Critical,Critical,P1,Open,Incident Response Team,Privilege Escalation,Immediately isolate the endpoint
ALT-000409,14693,2026-07-27 02:08:26,100.0,Critical,Critical,P1,Open,Incident Response Team,Ransomware,Immediately isolate the endpoint
ALT-003518,126675,2026-07-27 02:08:34,98.92,Critical,Critical,P1,Open,Incident Response Team,Ransomware,Immediately isolate the endpoint
ALT-000487,17644,2026-07-27 02:08:39,99.36,Critical,Critical,P1,Open,Incident Response Team,Ransomware,Immediately isolate the endpoint
ALT-001571,56177,2026-07-27 02:10:12,100.0,Critical,Critical,P1,Open,Incident Response Team,Data Exfiltration,Immediately isolate the endpoint
ALT-003544,127926,2026-07-27 02:10:13,100.0,Critical,Critical,P1,Open,Incident Response Team,Malware Infection,Immediately isolate the endpoint
ALT-004356,174241,2026-07-27 02:10:26,100.0,Critical,Critical,P1,Open,Incident Response Team,Malware Infection,Immediately isolate the endpoint
ALT-005412,213179,2026-07-27 02:10:41,100.0,Critical,Critical,P1,Investigating,Incident Response Team,Data Exfiltration,Immediately isolate the endpoint
ALT-004947,202479,2026-07-27 02:10:53,100.0,Critical,Critical,P1,Resolved,Incident Response Team,Data Exfiltration,Immediately isolate the endpoint
ALT-001110,44829,2026-07-27 02:11:38,100.0,Critical,Critical,P1,Resolved,Incident Response Team,Privilege Escalation,Immediately isolate the endpoint
ALT-004500,181873,2026-07-27 02:11:43,100.0,Critical,Critical,P1,Investigating,Incident Response Team,Ransomware,Immediately isolate the endpoint
ALT-004798,199619,2026-07-27 02:13:05,100.0,Critical,Critical,P1,Investigating,Incident Response Team,Data Exfiltration,Immediately isolate the endpoint
ALT-003411,121706,2026-07-27 02:13:24,73.9,High,Medium,P2,Investigating,Tier-2 SOC Analyst,Network Intrusion,Notify security team
ALT-005777,229985,2026-07-27 02:13:42,100.0,Critical,Critical,P1,Open,Incident Response Team,Malware Infection,Immediately isolate the endpoint
ALT-003927,148270,2026-07-27 02:13:50,100.0,Critical,Critical,P1,Investigating,Incident Response Team,Privilege Escalation,Immediately isolate the endpoint
ALT-003900,146560,2026-07-27 02:13:58,61.28,High,Medium,P2,Open,Tier-2 SOC Analyst,Unauthorized Access,Notify security team
ALT-000015,1776,2026-07-27 02:14:01,100.0,Critical,Critical,P1,Open,Incident Response Team,Ransomware,Immediately isolate the endpoint
ALT-002414,84071,2026-07-27 02:14:32,100.0,Critical,Critical,P1,Investigating,Incident Response Team,Privilege Escalation,Immediately isolate the endpoint
ALT-003394,121274,2026-07-27 02:14:34,100.0,Critical,Critical,P1,Open,Incident Response Team,Data Exfiltration,Immediately isolate the endpoint
ALT-001452,53780,2026-07-27 02:14:42,60.52,High,Medium,P2,Open,Tier-2 SOC Analyst,Brute Force Attack,Notify security team
ALT-001436,52860,2026-07-27 02:14:55,48.58,Medium,Low,P3,Resolved,Tier-1 SOC Analyst,Port Scan,Investigate suspicious activity
ALT-000678,27005,2026-07-27 02:15:00,100.0,Critical,Critical,P1,Open,Incident Response Team,Malware Infection,Immediately isolate the endpoint
ALT-001139,44858,2026-07-27 02:15:04,30.92,Medium,Low,P3,Open,Tier-1 SOC Analyst,Policy Violation,Investigate suspicious activity
ALT-003276,117564,2026-07-27 02:16:08,99.78,Critical,Critical,P1,Resolved,Incident Response Team,Malware Infection,Immediately isolate the endpoint
ALT-002022,67710,2026-07-27 02:16:10,30.5,Medium,Low,P3,Investigating,Tier-1 SOC Analyst,Abnormal Traffic,Investigate suspicious activity
ALT-004038,155177,2026-07-27 02:16:35,99.6,Critical,Critical,P1,Open,Incident Response Team,Data Exfiltration,Immediately isolate the endpoint
ALT-004416,176917,2026-07-27 02:17:00,100.0,Critical,Critical,P1,Open,Incident Response Team,Privilege Escalation,Immediately isolate the endpoint
ALT-004278,167673,2026-07-27 02:17:04,99.8,Critical,Critical,P1,Open,Incident Response Team,Malware Infection,Immediately isolate the endpoint
ALT-000252,9919,2026-07-27 02:17:10,25.94,Medium,Low,P3,Investigating,Tier-1 SOC Analyst,Port Scan,Investigate suspicious activity
ALT-004210,166170,2026-07-27 02:17:25,99.13,Critical,Critical,P1,Open,Incident Response Team,Privilege Escalation,Immediately isolate the endpoint
ALT-005099,204222,2026-07-27 02:17:53,100.0,Critical,Critical,P1,Open,Incident Response Team,Privilege Escalation,Immediately isolate the endpoint
ALT-005995,233160,2026-07-27 02:17:54,100.0,Critical,Critical,P1,Open,Incident Response Team,Data Exfiltration,Immediately isolate the endpoint
ALT-005521,216390,2026-07-27 02:18:02,24.0,Medium,Low,P3,Open,Tier-1 SOC Analyst,Reconnaissance,Investigate suspicious activity
ALT-001091,44810,2026-07-27 02:18:49,100.0,Critical,Critical,P1,Resolved,Incident Response Team,Malware Infection,Immediately isolate the endpoint
ALT-000200,5737,2026-07-27 02:18:57,99.99,Critical,Critical,P1,Open,Incident Response Team,Ransomware,Immediately isolate the endpoint
ALT-002761,99588,2026-07-27 02:19:02,52.37,High,Medium,P2,Investigating,Tier-2 SOC Analyst,Unauthorized Access,Notify security team
ALT-002766,99593,2026-07-27 02:19:39,49.65,Medium,Low,P3,Open,Tier-1 SOC Analyst,Abnormal Traffic,Investigate suspicious activity
ALT-005804,230538,2026-07-27 02:19:46,100.0,Critical,Critical,P1,Investigating,Incident Response Team,Privilege Escalation,Immediately isolate the endpoint
ALT-000339,13142,2026-07-27 02:19:52,100.0,Critical,Critical,P1,Resolved,Incident Response Team,Data Exfiltration,Immediately isolate the endpoint
ALT-004008,152950,2026-07-27 02:19:57,100.0,Critical,Critical,P1,Open,Incident Response Team,Malware Infection,Immediately isolate the endpoint
ALT-004072,156873,2026-07-27 02:20:48,100.0,Critical,Critical,P1,Open,Incident Response Team,Privilege Escalation,Immediately isolate the endpoint
ALT-000713,27224,2026-07-27 02:20:56,100.0,Critical,Critical,P1,Open,Incident Response Team,Data Exfiltration,Immediately isolate the endpoint
ALT-005824,230627,2026-07-27 02:21:00,100.0,Critical,Critical,P1,Investigating,Incident Response Team,Privilege Escalation,Immediately isolate the endpoint
ALT-000741,27748,2026-07-27 02:22:03,100.0,Critical,Critical,P1,Open,Incident Response Team,Ransomware,Immediately isolate the endpoint
ALT-002838,103808,2026-07-27 02:22:22,99.48,Critical,Critical,P1,Investigating,Incident Response Team,Ransomware,Immediately isolate the endpoint
ALT-002505,85841,2026-07-27 02:22:39,100.0,Critical,Critical,P1,Investigating,Incident Response Team,Ransomware,Immediately isolate the endpoint
ALT-005135,205573,2026-07-27 02:23:08,98.72,Critical,Critical,P1,Investigating,Incident Response Team,Data Exfiltration,Immediately isolate the endpoint
ALT-004141,159360,2026-07-27 02:23:25,99.33,Critical,Critical,P1,Investigating,Incident Response Team,Data Exfiltration,Immediately isolate the endpoint
ALT-002275,81705,2026-07-27 02:23:28,98.92,Critical,Critical,P1,Open,Incident Response Team,Privilege Escalation,Immediately isolate the endpoint
ALT-001268,47009,2026-07-27 02:23:35,100.0,Critical,Critical,P1,Open,Incident Response Team,Ransomware,Immediately isolate the endpoint
ALT-000587,21697,2026-07-27 02:23:56,100.0,Critical,Critical,P1,Open,Incident Response Team,Data Exfiltration,Immediately isolate the endpoint
ALT-002356,83767,2026-07-27 02:24:18,49.19,Medium,Low,P3,Resolved,Tier-1 SOC Analyst,Policy Violation,Investigate suspicious activity
ALT-004706,189116,2026-07-27 02:24:29,100.0,Critical,Critical,P1,Investigating,Incident Response Team,Privilege Escalation,Immediately isolate the endpoint
ALT-004724,191719,2026-07-27 02:24:33,100.0,Critical,Critical,P1,Investigating,Incident Response Team,Ransomware,Immediately isolate the endpoint
ALT-004767,196691,2026-07-27 02:24:49,26.39,Medium,Low,P3,Open,Tier-1 SOC Analyst,Port Scan,Investigate suspicious activity
ALT-001202,45481,2026-07-27 02:25:39,100.0,Critical,Critical,P1,Open,Incident Response Team,Privilege Escalation,Immediately isolate the endpoint
ALT-001332,49268,2026-07-27 02:25:40,99.95,Critical,Critical,P1,Investigating,Incident Response Team,Data Exfiltration,Immediately isolate the endpoint
ALT-000166,5412,2026-07-27 02:25:45,100.0,Critical,Critical,P1,Open,Incident Response Team,Data Exfiltration,Immediately isolate the endpoint
ALT-004877,201414,2026-07-27 02:25:51,24.99,Medium,Low,P3,Open,Tier-1 SOC Analyst,Reconnaissance,Investigate suspicious activity
ALT-000305,10647,2026-07-27 02:26:02,100.0,Critical,Critical,P1,Investigating,Incident Response Team,Data Exfiltration,Immediately isolate the endpoint
ALT-004237,166309,2026-07-27 02:26:05,100.0,Critical,Critical,P1,Open,Incident Response Team,Malware Infection,Immediately isolate the endpoint
ALT-001551,54850,2026-07-27 02:26:15,100.0,Critical,Critical,P1,Open,Incident Response Team,Ransomware,Immediately isolate the endpoint
ALT-003711,137604,2026-07-27 02:26:17,100.0,Critical,Critical,P1,Open,Incident Response Team,Ransomware,Immediately isolate the endpoint
ALT-003659,136402,2026-07-27 02:26:17,100.0,Critical,Critical,P1,Open,Incident Response Team,Malware Infection,Immediately isolate the endpoint
ALT-003654,136397,2026-07-27 02:26:52,100.0,Critical,Critical,P1,Resolved,Incident Response Team,Ransomware,Immediately isolate the endpoint
ALT-005657,225049,2026-07-27 02:26:55,100.0,Critical,Critical,P1,Open,Incident Response Team,Privilege Escalation,Immediately isolate the endpoint
ALT-003670,136413,2026-07-27 02:27:05,100.0,Critical,Critical,P1,Open,Incident Response Team,Ransomware,Immediately isolate the endpoint
ALT-006001,233166,2026-07-27 02:28:06,100.0,Critical,Critical,P1,Open,Incident Response Team,Malware Infection,Immediately isolate the endpoint
ALT-005853,231193,2026-07-27 02:28:21,100.0,Critical,Critical,P1,Investigating,Incident Response Team,Privilege Escalation,Immediately isolate the endpoint
ALT-001702,60038,2026-07-27 02:28:24,100.0,Critical,Critical,P1,Open,Incident Response Team,Data Exfiltration,Immediately isolate the endpoint
ALT-000001,1539,2026-07-27 02:28:24,100.0,Critical,Critical,P1,Open,Incident Response Team,Ransomware,Immediately isolate the endpoint
ALT-005864,231204,2026-07-27 02:28:33,100.0,Critical,Critical,P1,Open,Incident Response Team,Malware Infection,Immediately isolate the endpoint
ALT-000994,40008,2026-07-27 02:28:37,100.0,Critical,Critical,P1,Open,Incident Response Team,Data Exfiltration,Immediately isolate the endpoint
ALT-003397,121277,2026-07-27 02:28:44,100.0,Critical,Critical,P1,Open,Incident Response Team,Ransomware,Immediately isolate the endpoint
ALT-000076,2627,2026-07-27 02:28:44,99.18,Critical,Critical,P1,Investigating,Incident Response Team,Ransomware,Immediately isolate the endpoint
ALT-005906,231394,2026-07-27 02:29:12,99.94,Critical,Critical,P1,Investigating,Incident Response Team,Malware Infection,Immediately isolate the endpoint
ALT-003902,146562,2026-07-27 02:29:30,49.51,Medium,Low,P3,Open,Tier-1 SOC Analyst,Reconnaissance,Investigate suspicious activity
ALT-004153,159372,2026-07-27 02:29:50,99.36,Critical,Critical,P1,Open,Incident Response Team,Ransomware,Immediately isolate the endpoint
ALT-002466,85091,2026-07-27 02:30:16,100.0,Critical,Critical,P1,Resolved,Incident Response Team,Privilege Escalation,Immediately isolate the endpoint
ALT-005416,213183,2026-07-27 02:30:39,100.0,Critical,Critical,P1,Open,Incident Response Team,Malware Infection,Immediately isolate the endpoint
ALT-004678,188453,2026-07-27 02:30:50,24.82,Medium,Low,P3,Investigating,Tier-1 SOC Analyst,Reconnaissance,Investigate suspicious activity
ALT-005593,223386,2026-07-27 02:30:56,100.0,Critical,Critical,P1,Open,Incident Response Team,Ransomware,Immediately isolate the endpoint
ALT-003840,142177,2026-07-27 02:31:17,100.0,Critical,Critical,P1,Resolved,Incident Response Team,Privilege Escalation,Immediately isolate the endpoint
ALT-003912,146572,2026-07-27 02:31:28,62.53,High,Medium,P2,Investigating,Tier-2 SOC Analyst,Brute Force Attack,Notify security team
ALT-005893,231381,2026-07-27 02:31:28,99.98,Critical,Critical,P1,Resolved,Incident Response Team,Privilege Escalation,Immediately isolate the endpoint
ALT-004637,186286,2026-07-27 02:31:47,99.97,Critical,Critical,P1,Investigating,Incident Response Team,Malware Infection,Immediately isolate the endpoint
ALT-002086,70749,2026-07-27 02:32:10,99.36,Critical,Critical,P1,Open,Incident Response Team,Ransomware,Immediately isolate the endpoint
ALT-004722,191717,2026-07-27 02:32:14,100.0,Critical,Critical,P1,Resolved,Incident Response Team,Ransomware,Immediately isolate the endpoint
ALT-001806,61235,2026-07-27 02:32:38,99.53,Critical,Critical,P1,Open,Incident Response Team,Data Exfiltration,Immediately isolate the endpoint
ALT-003213,114583,2026-07-27 02:32:40,98.32,Critical,Critical,P1,Open,Incident Response Team,Malware Infection,Immediately isolate the endpoint
ALT-001856,63471,2026-07-27 02:32:42,100.0,Critical,Critical,P1,Investigating,Incident Response Team,Ransomware,Immediately isolate the endpoint
ALT-001348,51462,2026-07-27 02:33:11,100.0,Critical,Critical,P1,Investigating,Incident Response Team,Privilege Escalation,Immediately isolate the endpoint
ALT-002913,105807,2026-07-27 02:33:30,99.99,Critical,Critical,P1,Resolved,Incident Response Team,Malware Infection,Immediately isolate the endpoint
ALT-002921,107951,2026-07-27 02:33:38,100.0,Critical,Critical,P1,Open,Incident Response Team,Malware Infection,Immediately isolate the endpoint
ALT-002147,74499,2026-07-27 02:33:42,69.71,High,Medium,P2,Investigating,Tier-2 SOC Analyst,Suspicious Login,Notify security team
ALT-001648,58830,2026-07-27 02:34:14,100.0,Critical,Critical,P1,Investigating,Incident Response Team,Data Exfiltration,Immediately isolate the endpoint
ALT-004099,158652,2026-07-27 02:34:47,68.55,High,Medium,P2,Open,Tier-2 SOC Analyst,Network Intrusion,Notify security team
ALT-004996,202873,2026-07-27 02:34:55,30.11,Medium,Low,P3,Open,Tier-1 SOC Analyst,Port Scan,Investigate suspicious activity
ALT-006096,235240,2026-07-27 02:35:02,100.0,Critical,Critical,P1,Open,Incident Response Team,Ransomware,Immediately isolate the endpoint
ALT-005177,205791,2026-07-27 02:35:05,99.97,Critical,Critical,P1,Open,Incident Response Team,Malware Infection,Immediately isolate the endpoint
ALT-002540,86292,2026-07-27 02:35:37,32.55,Medium,Low,P3,Resolved,Tier-1 SOC Analyst,Reconnaissance,Investigate suspicious activity
ALT-002097,70760,2026-07-27 02:35:49,100.0,Critical,Critical,P1,Investigating,Incident Response Team,Data Exfiltration,Immediately isolate the endpoint
ALT-001682,58933,2026-07-27 02:36:32,100.0,Critical,Critical,P1,Investigating,Incident Response Team,Data Exfiltration,Immediately isolate the endpoint
ALT-002665,96172,2026-07-27 02:36:57,100.0,Critical,Critical,P1,Resolved,Incident Response Team,Data Exfiltration,Immediately isolate the endpoint
ALT-002732,98290,2026-07-27 02:37:18,100.0,Critical,Critical,P1,Open,Incident Response Team,Ransomware,Immediately isolate the endpoint
ALT-003809,140909,2026-07-27 02:37:41,100.0,Critical,Critical,P1,Investigating,Incident Response Team,Data Exfiltration,Immediately isolate the endpoint
ALT-000100,2651,2026-07-27 02:37:44,99.15,Critical,Critical,P1,Open,Incident Response Team,Data Exfiltration,Immediately isolate the endpoint
ALT-001730,60616,2026-07-27 02:37:58,100.0,Critical,Critical,P1,Investigating,Incident Response Team,Data Exfiltration,Immediately isolate the endpoint
ALT-002548,86300,2026-07-27 02:38:25,37.74,Medium,Low,P3,Open,Tier-1 SOC Analyst,Reconnaissance,Investigate suspicious activity
ALT-002251,78463,2026-07-27 02:38:53,45.35,Medium,Low,P3,Resolved,Tier-1 SOC Analyst,Reconnaissance,Investigate suspicious activity
ALT-002862,104005,2026-07-27 02:39:12,99.99,Critical,Critical,P1,Open,Incident Response Team,Malware Infection,Immediately isolate the endpoint
ALT-001824,62275,2026-07-27 02:39:14,99.33,Critical,Critical,P1,Open,Incident Response Team,Privilege Escalation,Immediately isolate the endpoint
ALT-000312,10654,2026-07-27 02:40:41,100.0,Critical,Critical,P1,Investigating,Incident Response Team,Ransomware,Immediately isolate the endpoint
ALT-002131,74318,2026-07-27 02:40:50,100.0,Critical,Critical,P1,Open,Incident Response Team,Privilege Escalation,Immediately isolate the endpoint
ALT-002915,105809,2026-07-27 02:40:56,100.0,Critical,Critical,P1,Investigating,Incident Response Team,Data Exfiltration,Immediately isolate the endpoint
ALT-004509,181882,2026-07-27 02:41:01,100.0,Critical,Critical,P1,Open,Incident Response Team,Data Exfiltration,Immediately isolate the endpoint
ALT-004013,152955,2026-07-27 02:41:18,100.0,Critical,Critical,P1,Investigating,Incident Response Team,Ransomware,Immediately isolate the endpoint
ALT-003823,140923,2026-07-27 02:41:35,100.0,Critical,Critical,P1,Open,Incident Response Team,Ransomware,Immediately isolate the endpoint
ALT-001818,62269,2026-07-27 02:41:59,100.0,Critical,Critical,P1,Open,Incident Response Team,Data Exfiltration,Immediately isolate the endpoint
ALT-005886,231374,2026-07-27 02:42:06,99.94,Critical,Critical,P1,Open,Incident Response Team,Malware Infection,Immediately isolate the endpoint
ALT-000439,15553,2026-07-27 02:42:37,100.0,Critical,Critical,P1,Open,Incident Response Team,Malware Infection,Immediately isolate the endpoint
ALT-001660,58884,2026-07-27 02:42:40,99.0,Critical,Critical,P1,Open,Incident Response Team,Privilege Escalation,Immediately isolate the endpoint
ALT-000377,13380,2026-07-27 02:42:41,100.0,Critical,Critical,P1,Open,Incident Response Team,Data Exfiltration,Immediately isolate the endpoint
ALT-003359,120134,2026-07-27 02:42:42,97.95,Critical,Critical,P1,Open,Incident Response Team,Ransomware,Immediately isolate the endpoint
ALT-005522,216398,2026-07-27 02:42:49,34.76,Medium,Low,P3,Open,Tier-1 SOC Analyst,Reconnaissance,Investigate suspicious activity
ALT-000629,24932,2026-07-27 02:43:02,100.0,Critical,Critical,P1,Open,Incident Response Team,Privilege Escalation,Immediately isolate the endpoint
ALT-002439,85064,2026-07-27 02:43:16,100.0,Critical,Critical,P1,Investigating,Incident Response Team,Privilege Escalation,Immediately isolate the endpoint
ALT-005990,233155,2026-07-27 02:43:25,100.0,Critical,Critical,P1,Open,Incident Response Team,Ransomware,Immediately isolate the endpoint
ALT-002142,74329,2026-07-27 02:43:51,99.99,Critical,Critical,P1,Open,Incident Response Team,Data Exfiltration,Immediately isolate the endpoint
ALT-004618,185960,2026-07-27 02:44:18,24.44,Medium,Low,P3,Investigating,Tier-1 SOC Analyst,Abnormal Traffic,Investigate suspicious activity
ALT-004256,167131,2026-07-27 02:44:29,100.0,Critical,Critical,P1,Open,Incident Response Team,Ransomware,Immediately isolate the endpoint
ALT-003847,142184,2026-07-27 02:44:59,100.0,Critical,Critical,P1,Investigating,Incident Response Team,Data Exfiltration,Immediately isolate the endpoint
ALT-004591,185244,2026-07-27 02:45:08,100.0,Critical,Critical,P1,Open,Incident Response Team,Privilege Escalation,Immediately isolate the endpoint
ALT-004572,184175,2026-07-27 02:45:44,99.32,Critical,Critical,P1,Open,Incident Response Team,Ransomware,Immediately isolate the endpoint
ALT-002181,75901,2026-07-27 02:45:53,28.95,Medium,Low,P3,Open,Tier-1 SOC Analyst,Port Scan,Investigate suspicious activity
ALT-000687,27014,2026-07-27 02:45:59,100.0,Critical,Critical,P1,Investigating,Incident Response Team,Data Exfiltration,Immediately isolate the endpoint
ALT-003149,112229,2026-07-27 02:46:06,37.21,Medium,Low,P3,Investigating,Tier-1 SOC Analyst,Reconnaissance,Investigate suspicious activity
ALT-003034,109487,2026-07-27 02:46:13,100.0,Critical,Critical,P1,Open,Incident Response Team,Ransomware,Immediately isolate the endpoint
ALT-005780,229988,2026-07-27 02:46:29,100.0,Critical,Critical,P1,Open,Incident Response Team,Data Exfiltration,Immediately isolate the endpoint
ALT-003542,127924,2026-07-27 02:46:31,100.0,Critical,Critical,P1,Resolved,Incident Response Team,Privilege Escalation,Immediately isolate the endpoint
ALT-003641,135894,2026-07-27 02:46:47,100.0,Critical,Critical,P1,Open,Incident Response Team,Ransomware,Immediately isolate the endpoint
ALT-005790,229998,2026-07-27 02:48:23,100.0,Critical,Critical,P1,Open,Incident Response Team,Privilege Escalation,Immediately isolate the endpoint
ALT-003004,108758,2026-07-27 02:48:34,100.0,Critical,Critical,P1,Resolved,Incident Response Team,Data Exfiltration,Immediately isolate the endpoint
ALT-005706,225428,2026-07-27 02:48:43,100.0,Critical,Critical,P1,Investigating,Incident Response Team,Data Exfiltration,Immediately isolate the endpoint
ALT-002668,96175,2026-07-27 02:48:55,100.0,Critical,Critical,P1,Open,Incident Response Team,Malware Infection,Immediately isolate the endpoint
ALT-001928,65917,2026-07-27 02:48:59,100.0,Critical,Critical,P1,Investigating,Incident Response Team,Malware Infection,Immediately isolate the endpoint
ALT-001119,44838,2026-07-27 02:49:09,44.48,Medium,Low,P3,Investigating,Tier-1 SOC Analyst,Policy Violation,Investigate suspicious activity
ALT-000340,13143,2026-07-27 02:49:38,100.0,Critical,Critical,P1,Open,Incident Response Team,Data Exfiltration,Immediately isolate the endpoint
ALT-004816,199637,2026-07-27 02:49:40,100.0,Critical,Critical,P1,Open,Incident Response Team,Data Exfiltration,Immediately isolate the endpoint
ALT-005460,214389,2026-07-27 02:49:41,99.99,Critical,Critical,P1,Open,Incident Response Team,Privilege Escalation,Immediately isolate the endpoint
ALT-005115,204238,2026-07-27 02:49:41,100.0,Critical,Critical,P1,Resolved,Incident Response Team,Privilege Escalation,Immediately isolate the endpoint
ALT-001351,51465,2026-07-27 02:49:59,100.0,Critical,Critical,P1,Investigating,Incident Response Team,Data Exfiltration,Immediately isolate the endpoint
ALT-002113,70776,2026-07-27 02:50:28,99.37,Critical,Critical,P1,Open,Incident Response Team,Privilege Escalation,Immediately isolate the endpoint
ALT-003290,118031,2026-07-27 02:50:55,100.0,Critical,Critical,P1,Investigating,Incident Response Team,Malware Infection,Immediately isolate the endpoint
ALT-001300,47430,2026-07-27 02:50:58,22.59,Medium,Low,P3,Open,Tier-1 SOC Analyst,Abnormal Traffic,Investigate suspicious activity
ALT-003653,136396,2026-07-27 02:51:19,100.0,Critical,Critical,P1,Open,Incident Response Team,Malware Infection,Immediately isolate the endpoint
ALT-005678,225193,2026-07-27 02:52:11,100.0,Critical,Critical,P1,Open,Incident Response Team,Data Exfiltration,Immediately isolate the endpoint
ALT-001402,52556,2026-07-27 02:52:20,51.21,High,Medium,P2,Open,Tier-2 SOC Analyst,Network Intrusion,Notify security team
ALT-004477,180551,2026-07-27 02:52:24,100.0,Critical,Critical,P1,Investigating,Incident Response Team,Data Exfiltration,Immediately isolate the endpoint
ALT-004719,191133,2026-07-27 02:54:43,20.58,Medium,Low,P3,Open,Tier-1 SOC Analyst,Policy Violation,Investigate suspicious activity
ALT-000208,7745,2026-07-27 02:54:49,100.0,Critical,Critical,P1,Investigating,Incident Response Team,Malware Infection,Immediately isolate the endpoint
ALT-005889,231377,2026-07-27 02:55:02,99.93,Critical,Critical,P1,Open,Incident Response Team,Privilege Escalation,Immediately isolate the endpoint
ALT-001683,58934,2026-07-27 02:55:28,100.0,Critical,Critical,P1,Open,Incident Response Team,Privilege Escalation,Immediately isolate the endpoint
ALT-003836,142173,2026-07-27 02:55:40,100.0,Critical,Critical,P1,Resolved,Incident Response Team,Ransomware,Immediately isolate the endpoint
ALT-003709,136966,2026-07-27 02:56:14,100.0,Critical,Critical,P1,Open,Incident Response Team,Ransomware,Immediately isolate the endpoint
ALT-001925,65733,2026-07-27 02:56:24,100.0,Critical,Critical,P1,Open,Incident Response Team,Data Exfiltration,Immediately isolate the endpoint
ALT-003987,152665,2026-07-27 02:56:27,100.0,Critical,Critical,P1,Open,Incident Response Team,Ransomware,Immediately isolate the endpoint
ALT-004831,200760,2026-07-27 02:56:29,99.53,Critical,Critical,P1,Investigating,Incident Response Team,Data Exfiltration,Immediately isolate the endpoint
ALT-001430,52854,2026-07-27 02:56:42,48.3,Medium,Low,P3,Open,Tier-1 SOC Analyst,Port Scan,Investigate suspicious activity
ALT-003395,121275,2026-07-27 02:56:49,100.0,Critical,Critical,P1,Open,Incident Response Team,Privilege Escalation,Immediately isolate the endpoint
ALT-004535,182799,2026-07-27 02:57:29,57.44,High,Medium,P2,Open,Tier-2 SOC Analyst,Suspicious Login,Notify security team
ALT-003016,108770,2026-07-27 02:57:33,99.99,Critical,Critical,P1,Open,Incident Response Team,Data Exfiltration,Immediately isolate the endpoint
ALT-003827,140927,2026-07-27 02:57:36,100.0,Critical,Critical,P1,Investigating,Incident Response Team,Ransomware,Immediately isolate the endpoint
ALT-001619,57505,2026-07-27 02:57:43,100.0,Critical,Critical,P1,Open,Incident Response Team,Data Exfiltration,Immediately isolate the endpoint
ALT-003923,147831,2026-07-27 02:58:16,100.0,Critical,Critical,P1,Open,Incident Response Team,Data Exfiltration,Immediately isolate the endpoint
ALT-004839,200768,2026-07-27 02:59:18,99.57,Critical,Critical,P1,Open,Incident Response Team,Data Exfiltration,Immediately isolate the endpoint
ALT-001341,50376,2026-07-27 02:59:37,99.9,Critical,Critical,P1,Open,Incident Response Team,Data Exfiltration,Immediately isolate the endpoint
ALT-003107,112186,2026-07-27 02:59:43,37.01,Medium,Low,P3,Resolved,Tier-1 SOC Analyst,Port Scan,Investigate suspicious activity
ALT-002828,103430,2026-07-27 02:59:59,100.0,Critical,Critical,P1,Open,Incident Response Team,Ransomware,Immediately isolate the endpoint
ALT-000351,13154,2026-07-27 03:00:03,100.0,Critical,Critical,P1,Resolved,Incident Response Team,Data Exfiltration,Immediately isolate the endpoint
ALT-002045,69544,2026-07-27 03:00:03,99.58,Critical,Critical,P1,Open,Incident Response Team,Ransomware,Immediately isolate the endpoint
ALT-005044,203216,2026-07-27 03:00:04,100.0,Critical,Critical,P1,Open,Incident Response Team,Malware Infection,Immediately isolate the endpoint
ALT-003589,130602,2026-07-27 03:00:10,100.0,Critical,Critical,P1,Investigating,Incident Response Team,Ransomware,Immediately isolate the endpoint
ALT-002331,82774,2026-07-27 03:00:45,100.0,Critical,Critical,P1,Open,Incident Response Team,Malware Infection,Immediately isolate the endpoint
ALT-002605,92116,2026-07-27 03:00:47,100.0,Critical,Critical,P1,Investigating,Incident Response Team,Malware Infection,Immediately isolate the endpoint
ALT-003971,149302,2026-07-27 03:01:15,99.94,Critical,Critical,P1,Resolved,Incident Response Team,Malware Infection,Immediately isolate the endpoint
ALT-004815,199636,2026-07-27 03:01:31,100.0,Critical,Critical,P1,Open,Incident Response Team,Data Exfiltration,Immediately isolate the endpoint
ALT-005805,230608,2026-07-27 03:01:49,95.53,Critical,Critical,P1,Open,Incident Response Team,Data Exfiltration,Immediately isolate the endpoint
ALT-003728,137621,2026-07-27 03:02:02,73.14,High,Medium,P2,Investigating,Tier-2 SOC Analyst,Network Intrusion,Notify security team
ALT-005249,208175,2026-07-27 03:02:07,100.0,Critical,Critical,P1,Open,Incident Response Team,Privilege Escalation,Immediately isolate the endpoint
ALT-001206,45485,2026-07-27 03:02:09,100.0,Critical,Critical,P1,Open,Incident Response Team,Privilege Escalation,Immediately isolate the endpoint
ALT-005052,203224,2026-07-27 03:02:15,100.0,Critical,Critical,P1,Open,Incident Response Team,Data Exfiltration,Immediately isolate the endpoint
ALT-002450,85075,2026-07-27 03:02:45,100.0,Critical,Critical,P1,Open,Incident Response Team,Data Exfiltration,Immediately isolate the endpoint
ALT-004308,169613,2026-07-27 03:02:53,100.0,Critical,Critical,P1,Investigating,Incident Response Team,Data Exfiltration,Immediately isolate the endpoint
ALT-006154,238108,2026-07-27 03:03:03,100.0,Critical,Critical,P1,Open,Incident Response Team,Ransomware,Immediately isolate the endpoint
ALT-005091,203451,2026-07-27 03:03:10,100.0,Critical,Critical,P1,Open,Incident Response Team,Data Exfiltration,Immediately isolate the endpoint
ALT-002909,105803,2026-07-27 03:03:19,100.0,Critical,Critical,P1,Investigating,Incident Response Team,Privilege Escalation,Immediately isolate the endpoint
ALT-005703,225425,2026-07-27 03:03:33,100.0,Critical,Critical,P1,Open,Incident Response Team,Ransomware,Immediately isolate the endpoint
ALT-004043,155182,2026-07-27 03:03:34,99.59,Critical,Critical,P1,Open,Incident Response Team,Privilege Escalation,Immediately isolate the endpoint
ALT-000307,10649,2026-07-27 03:03:43,100.0,Critical,Critical,P1,Investigating,Incident Response Team,Ransomware,Immediately isolate the endpoint
ALT-003739,137632,2026-07-27 03:04:07,100.0,Critical,Critical,P1,Open,Incident Response Team,Malware Infection,Immediately isolate the endpoint
ALT-005773,229981,2026-07-27 03:04:14,100.0,Critical,Critical,P1,Investigating,Incident Response Team,Privilege Escalation,Immediately isolate the endpoint
ALT-002632,92171,2026-07-27 03:04:17,100.0,Critical,Critical,P1,Investigating,Incident Response Team,Data Exfiltration,Immediately isolate the endpoint
ALT-005220,207274,2026-07-27 03:04:20,100.0,Critical,Critical,P1,Open,Incident Response Team,Malware Infection,Immediately isolate the endpoint
ALT-004377,174734,2026-07-27 03:04:23,20.52,Medium,Low,P3,Open,Tier-1 SOC Analyst,Abnormal Traffic,Investigate suspicious activity
ALT-003035,109488,2026-07-27 03:04:50,100.0,Critical,Critical,P1,Open,Incident Response Team,Ransomware,Immediately isolate the endpoint
ALT-000670,26997,2026-07-27 03:05:01,100.0,Critical,Critical,P1,Open,Incident Response Team,Ransomware,Immediately isolate the endpoint
ALT-001561,55931,2026-07-27 03:05:20,100.0,Critical,Critical,P1,Investigating,Incident Response Team,Ransomware,Immediately isolate the endpoint
ALT-000199,5736,2026-07-27 03:05:52,99.98,Critical,Critical,P1,Investigating,Incident Response Team,Ransomware,Immediately isolate the endpoint
ALT-000160,5406,2026-07-27 03:06:21,100.0,Critical,Critical,P1,Open,Incident Response Team,Ransomware,Immediately isolate the endpoint
ALT-004464,180538,2026-07-27 03:06:22,99.87,Critical,Critical,P1,Investigating,Incident Response Team,Ransomware,Immediately isolate the endpoint
ALT-003269,117557,2026-07-27 03:06:35,100.0,Critical,Critical,P1,Resolved,Incident Response Team,Ransomware,Immediately isolate the endpoint
ALT-006123,236134,2026-07-27 03:06:37,22.13,Medium,Low,P3,Resolved,Tier-1 SOC Analyst,Abnormal Traffic,Investigate suspicious activity
ALT-003096,111873,2026-07-27 03:06:41,23.93,Medium,Low,P3,Open,Tier-1 SOC Analyst,Reconnaissance,Investigate suspicious activity
ALT-001593,56199,2026-07-27 03:06:46,100.0,Critical,Critical,P1,Open,Incident Response Team,Ransomware,Immediately isolate the endpoint
ALT-005126,204249,2026-07-27 03:06:51,100.0,Critical,Critical,P1,Open,Incident Response Team,Ransomware,Immediately isolate the endpoint
ALT-005683,225198,2026-07-27 03:06:54,100.0,Critical,Critical,P1,Resolved,Incident Response Team,Data Exfiltration,Immediately isolate the endpoint
ALT-005932,232142,2026-07-27 03:06:56,100.0,Critical,Critical,P1,Open,Incident Response Team,Privilege Escalation,Immediately isolate the endpoint
ALT-005067,203239,2026-07-27 03:07:48,100.0,Critical,Critical,P1,Open,Incident Response Team,Ransomware,Immediately isolate the endpoint
ALT-003593,131700,2026-07-27 03:08:12,100.0,Critical,Critical,P1,Open,Incident Response Team,Privilege Escalation,Immediately isolate the endpoint
ALT-004046,155185,2026-07-27 03:08:13,99.69,Critical,Critical,P1,Open,Incident Response Team,Malware Infection,Immediately isolate the endpoint
ALT-005266,208408,2026-07-27 03:08:59,100.0,Critical,Critical,P1,Open,Incident Response Team,Ransomware,Immediately isolate the endpoint
ALT-002484,85383,2026-07-27 03:09:01,30.71,Medium,Low,P3,Resolved,Tier-1 SOC Analyst,Port Scan,Investigate suspicious activity
ALT-002175,75895,2026-07-27 03:09:04,26.23,Medium,Low,P3,Open,Tier-1 SOC Analyst,Reconnaissance,Investigate suspicious activity
ALT-001022,40478,2026-07-27 03:09:04,100.0,Critical,Critical,P1,Open,Incident Response Team,Malware Infection,Immediately isolate the endpoint
ALT-004469,180543,2026-07-27 03:09:11,100.0,Critical,Critical,P1,Open,Incident Response Team,Malware Infection,Immediately isolate the endpoint
ALT-000251,9917,2026-07-27 03:09:56,29.61,Medium,Low,P3,Open,Tier-1 SOC Analyst,Policy Violation,Investigate suspicious activity
ALT-000198,5735,2026-07-27 03:10:00,99.99,Critical,Critical,P1,Open,Incident Response Team,Ransomware,Immediately isolate the endpoint
ALT-001066,43585,2026-07-27 03:10:03,99.59,Critical,Critical,P1,Open,Incident Response Team,Malware Infection,Immediately isolate the endpoint
ALT-005896,231384,2026-07-27 03:10:13,99.95,Critical,Critical,P1,Open,Incident Response Team,Malware Infection,Immediately isolate the endpoint
ALT-002875,104018,2026-07-27 03:10:13,100.0,Critical,Critical,P1,Open,Incident Response Team,Malware Infection,Immediately isolate the endpoint
ALT-002304,81734,2026-07-27 03:10:18,100.0,Critical,Critical,P1,Open,Incident Response Team,Data Exfiltration,Immediately isolate the endpoint
ALT-002599,92110,2026-07-27 03:10:26,100.0,Critical,Critical,P1,Open,Incident Response Team,Ransomware,Immediately isolate the endpoint
ALT-001949,65961,2026-07-27 03:10:35,100.0,Critical,Critical,P1,Resolved,Incident Response Team,Data Exfiltration,Immediately isolate the endpoint
ALT-004342,174227,2026-07-27 03:10:47,100.0,Critical,Critical,P1,Resolved,Incident Response Team,Privilege Escalation,Immediately isolate the endpoint
ALT-002569,90973,2026-07-27 03:10:51,100.0,Critical,Critical,P1,Open,Incident Response Team,Malware Infection,Immediately isolate the endpoint
ALT-006127,236139,2026-07-27 03:10:54,29.39,Medium,Low,P3,Open,Tier-1 SOC Analyst,Policy Violation,Investigate suspicious activity
ALT-001843,63363,2026-07-27 03:11:04,100.0,Critical,Critical,P1,Resolved,Incident Response Team,Ransomware,Immediately isolate the endpoint
ALT-000803,30522,2026-07-27 03:11:24,100.0,Critical,Critical,P1,Open,Incident Response Team,Data Exfiltration,Immediately isolate the endpoint
ALT-002621,92160,2026-07-27 03:11:37,100.0,Critical,Critical,P1,Investigating,Incident Response Team,Data Exfiltration,Immediately isolate the endpoint
ALT-000527,19832,2026-07-27 03:11:47,98.83,Critical,Critical,P1,Resolved,Incident Response Team,Malware Infection,Immediately isolate the endpoint
ALT-003563,130465,2026-07-27 03:11:49,100.0,Critical,Critical,P1,Open,Incident Response Team,Ransomware,Immediately isolate the endpoint
ALT-005054,203226,2026-07-27 03:12:07,100.0,Critical,Critical,P1,Open,Incident Response Team,Malware Infection,Immediately isolate the endpoint
ALT-002049,69548,2026-07-27 03:12:17,99.57,Critical,Critical,P1,Resolved,Incident Response Team,Privilege Escalation,Immediately isolate the endpoint
ALT-000346,13149,2026-07-27 03:12:19,100.0,Critical,Critical,P1,Open,Incident Response Team,Privilege Escalation,Immediately isolate the endpoint
ALT-005216,207270,2026-07-27 03:12:24,100.0,Critical,Critical,P1,Open,Incident Response Team,Ransomware,Immediately isolate the endpoint
ALT-003077,111854,2026-07-27 03:12:35,27.23,Medium,Low,P3,Open,Tier-1 SOC Analyst,Policy Violation,Investigate suspicious activity
ALT-004296,167691,2026-07-27 03:12:46,99.99,Critical,Critical,P1,Open,Incident Response Team,Privilege Escalation,Immediately isolate the endpoint
ALT-004885,201431,2026-07-27 03:13:06,21.68,Medium,Low,P3,Investigating,Tier-1 SOC Analyst,Port Scan,Investigate suspicious activity
ALT-003674,136417,2026-07-27 03:13:46,100.0,Critical,Critical,P1,Investigating,Incident Response Team,Ransomware,Immediately isolate the endpoint
ALT-000162,5408,2026-07-27 03:14:10,100.0,Critical,Critical,P1,Resolved,Incident Response Team,Ransomware,Immediately isolate the endpoint
ALT-002417,84074,2026-07-27 03:14:13,100.0,Critical,Critical,P1,Open,Incident Response Team,Ransomware,Immediately isolate the endpoint
ALT-000731,27738,2026-07-27 03:14:33,99.83,Critical,Critical,P1,Open,Incident Response Team,Malware Infection,Immediately isolate the endpoint
ALT-005017,203186,2026-07-27 03:14:44,22.66,Medium,Low,P3,Open,Tier-1 SOC Analyst,Reconnaissance,Investigate suspicious activity
ALT-005480,214409,2026-07-27 03:14:45,100.0,Critical,Critical,P1,Open,Incident Response Team,Privilege Escalation,Immediately isolate the endpoint
ALT-005429,213242,2026-07-27 03:15:00,100.0,Critical,Critical,P1,Open,Incident Response Team,Malware Infection,Immediately isolate the endpoint
ALT-001508,54537,2026-07-27 03:15:14,100.0,Critical,Critical,P1,Resolved,Incident Response Team,Malware Infection,Immediately isolate the endpoint
ALT-002329,82772,2026-07-27 03:15:58,100.0,Critical,Critical,P1,Investigating,Incident Response Team,Ransomware,Immediately isolate the endpoint
ALT-002092,70755,2026-07-27 03:16:02,99.3,Critical,Critical,P1,Open,Incident Response Team,Malware Infection,Immediately isolate the endpoint
ALT-000316,11446,2026-07-27 03:16:13,99.94,Critical,Critical,P1,Investigating,Incident Response Team,Malware Infection,Immediately isolate the endpoint
ALT-002881,105089,2026-07-27 03:16:18,100.0,Critical,Critical,P1,Open,Incident Response Team,Data Exfiltration,Immediately isolate the endpoint
ALT-005387,213154,2026-07-27 03:17:11,100.0,Critical,Critical,P1,Open,Incident Response Team,Privilege Escalation,Immediately isolate the endpoint
ALT-002457,85082,2026-07-27 03:17:12,100.0,Critical,Critical,P1,Investigating,Incident Response Team,Privilege Escalation,Immediately isolate the endpoint
ALT-005348,210997,2026-07-27 03:17:19,51.6,High,Medium,P2,Open,Tier-2 SOC Analyst,Network Intrusion,Notify security team
ALT-000358,13161,2026-07-27 03:17:30,100.0,Critical,Critical,P1,Resolved,Incident Response Team,Data Exfiltration,Immediately isolate the endpoint
ALT-002339,82782,2026-07-27 03:17:34,100.0,Critical,Critical,P1,Investigating,Incident Response Team,Privilege Escalation,Immediately isolate the endpoint
ALT-005314,210704,2026-07-27 03:17:41,53.43,High,Medium,P2,Open,Tier-2 SOC Analyst,Brute Force Attack,Notify security team
ALT-004193,160521,2026-07-27 03:18:29,100.0,Critical,Critical,P1,Investigating,Incident Response Team,Malware Infection,Immediately isolate the endpoint
ALT-005423,213236,2026-07-27 03:18:46,100.0,Critical,Critical,P1,Open,Incident Response Team,Data Exfiltration,Immediately isolate the endpoint
ALT-003010,108764,2026-07-27 03:19:07,99.96,Critical,Critical,P1,Open,Incident Response Team,Malware Infection,Immediately isolate the endpoint
ALT-002578,90982,2026-07-27 03:19:07,100.0,Critical,Critical,P1,Open,Incident Response Team,Malware Infection,Immediately isolate the endpoint
ALT-000899,35014,2026-07-27 03:19:13,100.0,Critical,Critical,P1,Open,Incident Response Team,Ransomware,Immediately isolate the endpoint
ALT-000517,19822,2026-07-27 03:19:28,98.93,Critical,Critical,P1,Investigating,Incident Response Team,Malware Infection,Immediately isolate the endpoint
ALT-005840,230822,2026-07-27 03:19:57,99.95,Critical,Critical,P1,Open,Incident Response Team,Malware Infection,Immediately isolate the endpoint
ALT-005332,210722,2026-07-27 03:20:04,52.37,High,Medium,P2,Investigating,Tier-2 SOC Analyst,Brute Force Attack,Notify security team
ALT-002444,85069,2026-07-27 03:20:06,100.0,Critical,Critical,P1,Open,Incident Response Team,Privilege Escalation,Immediately isolate the endpoint
ALT-005786,229994,2026-07-27 03:20:18,100.0,Critical,Critical,P1,Open,Incident Response Team,Ransomware,Immediately isolate the endpoint
ALT-004636,186285,2026-07-27 03:21:01,99.97,Critical,Critical,P1,Investigating,Incident Response Team,Ransomware,Immediately isolate the endpoint
ALT-006057,234104,2026-07-27 03:21:02,100.0,Critical,Critical,P1,Open,Incident Response Team,Privilege Escalation,Immediately isolate the endpoint
ALT-002580,91160,2026-07-27 03:21:03,100.0,Critical,Critical,P1,Open,Incident Response Team,Ransomware,Immediately isolate the endpoint
ALT-000554,20170,2026-07-27 03:21:11,100.0,Critical,Critical,P1,Open,Incident Response Team,Privilege Escalation,Immediately isolate the endpoint
ALT-001262,47003,2026-07-27 03:21:13,100.0,Critical,Critical,P1,Open,Incident Response Team,Data Exfiltration,Immediately isolate the endpoint
ALT-002321,82764,2026-07-27 03:21:31,100.0,Critical,Critical,P1,Open,Incident Response Team,Data Exfiltration,Immediately isolate the endpoint
ALT-002626,92165,2026-07-27 03:21:43,100.0,Critical,Critical,P1,Investigating,Incident Response Team,Privilege Escalation,Immediately isolate the endpoint
ALT-000885,34295,2026-07-27 03:22:14,100.0,Critical,Critical,P1,Open,Incident Response Team,Privilege Escalation,Immediately isolate the endpoint
ALT-002743,98843,2026-07-27 03:22:29,100.0,Critical,Critical,P1,Open,Incident Response Team,Malware Infection,Immediately isolate the endpoint
ALT-000680,27007,2026-07-27 03:22:35,100.0,Critical,Critical,P1,Resolved,Incident Response Team,Ransomware,Immediately isolate the endpoint
ALT-001447,53775,2026-07-27 03:23:01,60.43,High,Medium,P2,Open,Tier-2 SOC Analyst,Brute Force Attack,Notify security team
ALT-004694,189104,2026-07-27 03:23:13,100.0,Critical,Critical,P1,Investigating,Incident Response Team,Data Exfiltration,Immediately isolate the endpoint
ALT-001207,45486,2026-07-27 03:23:14,100.0,Critical,Critical,P1,Open,Incident Response Team,Ransomware,Immediately isolate the endpoint
ALT-003055,110862,2026-07-27 03:23:17,100.0,Critical,Critical,P1,Open,Incident Response Team,Ransomware,Immediately isolate the endpoint
ALT-000778,29907,2026-07-27 03:23:24,99.98,Critical,Critical,P1,Investigating,Incident Response Team,Malware Infection,Immediately isolate the endpoint
ALT-000272,10060,2026-07-27 03:23:25,100.0,Critical,Critical,P1,Open,Incident Response Team,Ransomware,Immediately isolate the endpoint
ALT-003606,131713,2026-07-27 03:23:45,100.0,Critical,Critical,P1,Investigating,Incident Response Team,Ransomware,Immediately isolate the endpoint
ALT-005176,205790,2026-07-27 03:23:49,99.85,Critical,Critical,P1,Open,Incident Response Team,Privilege Escalation,Immediately isolate the endpoint
ALT-000516,19821,2026-07-27 03:23:51,98.65,Critical,Critical,P1,Open,Incident Response Team,Malware Infection,Immediately isolate the endpoint
ALT-004512,182716,2026-07-27 03:23:52,39.5,Medium,Low,P3,Open,Tier-1 SOC Analyst,Port Scan,Investigate suspicious activity
ALT-001758,60644,2026-07-27 03:23:58,100.0,Critical,Critical,P1,Open,Incident Response Team,Ransomware,Immediately isolate the endpoint
ALT-002208,76224,2026-07-27 03:24:18,100.0,Critical,Critical,P1,Investigating,Incident Response Team,Malware Infection,Immediately isolate the endpoint
ALT-000736,27743,2026-07-27 03:24:23,100.0,Critical,Critical,P1,Open,Incident Response Team,Malware Infection,Immediately isolate the endpoint
ALT-003999,152941,2026-07-27 03:24:27,100.0,Critical,Critical,P1,Resolved,Incident Response Team,Data Exfiltration,Immediately isolate the endpoint
ALT-004663,186611,2026-07-27 03:24:37,49.29,Medium,Low,P3,Resolved,Tier-1 SOC Analyst,Policy Violation,Investigate suspicious activity
ALT-003707,136964,2026-07-27 03:25:00,100.0,Critical,Critical,P1,Open,Incident Response Team,Privilege Escalation,Immediately isolate the endpoint
ALT-004904,201544,2026-07-27 03:25:05,99.99,Critical,Critical,P1,Open,Incident Response Team,Data Exfiltration,Immediately isolate the endpoint
ALT-001394,52548,2026-07-27 03:25:36,47.13,Medium,Low,P3,Investigating,Tier-1 SOC Analyst,Reconnaissance,Investigate suspicious activity
ALT-004446,177910,2026-07-27 03:25:40,91.5,Critical,Critical,P1,Resolved,Incident Response Team,Privilege Escalation,Immediately isolate the endpoint
ALT-001546,54845,2026-07-27 03:26:30,100.0,Critical,Critical,P1,Open,Incident Response Team,Data Exfiltration,Immediately isolate the endpoint
ALT-006128,236143,2026-07-27 03:26:31,22.23,Medium,Low,P3,Open,Tier-1 SOC Analyst,Port Scan,Investigate suspicious activity
ALT-002745,98845,2026-07-27 03:26:45,99.93,Critical,Critical,P1,Open,Incident Response Team,Privilege Escalation,Immediately isolate the endpoint
ALT-001707,60043,2026-07-27 03:26:57,100.0,Critical,Critical,P1,Investigating,Incident Response Team,Malware Infection,Immediately isolate the endpoint
ALT-000238,9495,2026-07-27 03:27:07,99.6,Critical,Critical,P1,Open,Incident Response Team,Data Exfiltration,Immediately isolate the endpoint
ALT-005842,230824,2026-07-27 03:27:23,99.96,Critical,Critical,P1,Investigating,Incident Response Team,Data Exfiltration,Immediately isolate the endpoint
ALT-004974,202774,2026-07-27 03:27:24,63.56,High,Medium,P2,Open,Tier-2 SOC Analyst,Network Intrusion,Notify security team
ALT-005183,205797,2026-07-27 03:27:49,99.99,Critical,Critical,P1,Open,Incident Response Team,Data Exfiltration,Immediately isolate the endpoint
ALT-000711,27222,2026-07-27 03:28:01,100.0,Critical,Critical,P1,Open,Incident Response Team,Privilege Escalation,Immediately isolate the endpoint
ALT-000975,38872,2026-07-27 03:28:11,100.0,Critical,Critical,P1,Open,Incident Response Team,Malware Infection,Immediately isolate the endpoint
ALT-003294,118035,2026-07-27 03:28:30,100.0,Critical,Critical,P1,Open,Incident Response Team,Data Exfiltration,Immediately isolate the endpoint
ALT-002084,70747,2026-07-27 03:28:46,99.24,Critical,Critical,P1,Open,Incident Response Team,Malware Infection,Immediately isolate the endpoint
ALT-005881,231369,2026-07-27 03:28:50,99.92,Critical,Critical,P1,Open,Incident Response Team,Privilege Escalation,Immediately isolate the endpoint
ALT-001516,54545,2026-07-27 03:28:59,100.0,Critical,Critical,P1,Open,Incident Response Team,Malware Infection,Immediately isolate the endpoint
ALT-001713,60049,2026-07-27 03:29:36,100.0,Critical,Critical,P1,Open,Incident Response Team,Data Exfiltration,Immediately isolate the endpoint
ALT-004259,167134,2026-07-27 03:30:02,100.0,Critical,Critical,P1,Resolved,Incident Response Team,Ransomware,Immediately isolate the endpoint
ALT-004445,177909,2026-07-27 03:30:10,93.03,Critical,Critical,P1,Open,Incident Response Team,Data Exfiltration,Immediately isolate the endpoint
ALT-002307,81737,2026-07-27 03:30:15,100.0,Critical,Critical,P1,Open,Incident Response Team,Privilege Escalation,Immediately isolate the endpoint
ALT-002456,85081,2026-07-27 03:30:31,100.0,Critical,Critical,P1,Open,Incident Response Team,Data Exfiltration,Immediately isolate the endpoint
ALT-002758,99585,2026-07-27 03:30:37,52.21,High,Medium,P2,Resolved,Tier-2 SOC Analyst,Unauthorized Access,Notify security team
ALT-004863,201003,2026-07-27 03:31:24,54.15,High,Medium,P2,Open,Tier-2 SOC Analyst,Suspicious Login,Notify security team
ALT-002287,81717,2026-07-27 03:31:26,100.0,Critical,Critical,P1,Investigating,Incident Response Team,Data Exfiltration,Immediately isolate the endpoint
ALT-004080,157316,2026-07-27 03:31:32,24.34,Medium,Low,P3,Investigating,Tier-1 SOC Analyst,Port Scan,Investigate suspicious activity
ALT-001461,53789,2026-07-27 03:31:33,61.58,High,Medium,P2,Investigating,Tier-2 SOC Analyst,Unauthorized Access,Notify security team
ALT-003831,140931,2026-07-27 03:32:07,100.0,Critical,Critical,P1,Open,Incident Response Team,Malware Infection,Immediately isolate the endpoint
ALT-005907,231395,2026-07-27 03:32:16,100.0,Critical,Critical,P1,Investigating,Incident Response Team,Ransomware,Immediately isolate the endpoint
ALT-001087,44806,2026-07-27 03:33:06,100.0,Critical,Critical,P1,Open,Incident Response Team,Privilege Escalation,Immediately isolate the endpoint
ALT-003801,140901,2026-07-27 03:33:16,100.0,Critical,Critical,P1,Open,Incident Response Team,Ransomware,Immediately isolate the endpoint
ALT-000753,28158,2026-07-27 03:33:53,94.13,Critical,Critical,P1,Investigating,Incident Response Team,Privilege Escalation,Immediately isolate the endpoint
ALT-004143,159362,2026-07-27 03:34:16,99.3,Critical,Critical,P1,Open,Incident Response Team,Malware Infection,Immediately isolate the endpoint
ALT-004228,166188,2026-07-27 03:34:29,99.26,Critical,Critical,P1,Investigating,Incident Response Team,Privilege Escalation,Immediately isolate the endpoint
ALT-003246,115156,2026-07-27 03:35:03,100.0,Critical,Critical,P1,Open,Incident Response Team,Data Exfiltration,Immediately isolate the endpoint
ALT-006025,233893,2026-07-27 03:35:25,100.0,Critical,Critical,P1,Investigating,Incident Response Team,Malware Infection,Immediately isolate the endpoint
ALT-003015,108769,2026-07-27 03:35:40,100.0,Critical,Critical,P1,Open,Incident Response Team,Malware Infection,Immediately isolate the endpoint
ALT-003512,126669,2026-07-27 03:35:55,98.79,Critical,Critical,P1,Open,Incident Response Team,Malware Infection,Immediately isolate the endpoint
ALT-003808,140908,2026-07-27 03:35:56,100.0,Critical,Critical,P1,Open,Incident Response Team,Ransomware,Immediately isolate the endpoint
ALT-003031,109484,2026-07-27 03:36:35,100.0,Critical,Critical,P1,Resolved,Incident Response Team,Data Exfiltration,Immediately isolate the endpoint
ALT-002596,91549,2026-07-27 03:36:35,99.99,Critical,Critical,P1,Open,Incident Response Team,Privilege Escalation,Immediately isolate the endpoint
ALT-000511,19816,2026-07-27 03:36:37,100.0,Critical,Critical,P1,Open,Incident Response Team,Data Exfiltration,Immediately isolate the endpoint
ALT-004611,185264,2026-07-27 03:36:50,100.0,Critical,Critical,P1,Open,Incident Response Team,Malware Infection,Immediately isolate the endpoint
ALT-004263,167138,2026-07-27 03:37:03,100.0,Critical,Critical,P1,Investigating,Incident Response Team,Malware Infection,Immediately isolate the endpoint
ALT-000642,26265,2026-07-27 03:37:19,100.0,Critical,Critical,P1,Open,Incident Response Team,Data Exfiltration,Immediately isolate the endpoint
ALT-005603,223396,2026-07-27 03:37:22,100.0,Critical,Critical,P1,Open,Incident Response Team,Malware Infection,Immediately isolate the endpoint
ALT-003302,118043,2026-07-27 03:37:22,100.0,Critical,Critical,P1,Open,Incident Response Team,Data Exfiltration,Immediately isolate the endpoint
ALT-004792,199613,2026-07-27 03:37:48,100.0,Critical,Critical,P1,Open,Incident Response Team,Ransomware,Immediately isolate the endpoint
ALT-004901,201541,2026-07-27 03:38:14,99.99,Critical,Critical,P1,Open,Incident Response Team,Ransomware,Immediately isolate the endpoint
ALT-000877,34287,2026-07-27 03:38:55,100.0,Critical,Critical,P1,Open,Incident Response Team,Privilege Escalation,Immediately isolate the endpoint
ALT-003303,118044,2026-07-27 03:39:03,100.0,Critical,Critical,P1,Investigating,Incident Response Team,Privilege Escalation,Immediately isolate the endpoint
ALT-001989,66994,2026-07-27 03:39:11,99.89,Critical,Critical,P1,Open,Incident Response Team,Malware Infection,Immediately isolate the endpoint
ALT-005778,229986,2026-07-27 03:39:18,100.0,Critical,Critical,P1,Open,Incident Response Team,Privilege Escalation,Immediately isolate the endpoint
ALT-000830,31056,2026-07-27 03:39:20,99.96,Critical,Critical,P1,Open,Incident Response Team,Malware Infection,Immediately isolate the endpoint
ALT-001272,47013,2026-07-27 03:39:49,100.0,Critical,Critical,P1,Resolved,Incident Response Team,Malware Infection,Immediately isolate the endpoint
ALT-001230,45992,2026-07-27 03:40:05,100.0,Critical,Critical,P1,Resolved,Incident Response Team,Ransomware,Immediately isolate the endpoint
ALT-002707,98131,2026-07-27 03:40:15,100.0,Critical,Critical,P1,Investigating,Incident Response Team,Data Exfiltration,Immediately isolate the endpoint
ALT-003772,139027,2026-07-27 03:40:19,32.39,Medium,Low,P3,Open,Tier-1 SOC Analyst,Port Scan,Investigate suspicious activity
ALT-002419,84076,2026-07-27 03:40:21,100.0,Critical,Critical,P1,Open,Incident Response Team,Malware Infection,Immediately isolate the endpoint
ALT-005699,225421,2026-07-27 03:41:06,100.0,Critical,Critical,P1,Open,Incident Response Team,Data Exfiltration,Immediately isolate the endpoint
ALT-000234,9491,2026-07-27 03:41:12,99.64,Critical,Critical,P1,Open,Incident Response Team,Data Exfiltration,Immediately isolate the endpoint
ALT-001255,46353,2026-07-27 03:41:23,29.01,Medium,Low,P3,Open,Tier-1 SOC Analyst,Abnormal Traffic,Investigate suspicious activity
ALT-005118,204241,2026-07-27 03:41:24,100.0,Critical,Critical,P1,Investigating,Incident Response Team,Malware Infection,Immediately isolate the endpoint
ALT-000578,21688,2026-07-27 03:41:49,100.0,Critical,Critical,P1,Investigating,Incident Response Team,Data Exfiltration,Immediately isolate the endpoint
ALT-002876,104019,2026-07-27 03:41:59,100.0,Critical,Critical,P1,Investigating,Incident Response Team,Privilege Escalation,Immediately isolate the endpoint
ALT-000111,4172,2026-07-27 03:42:15,100.0,Critical,Critical,P1,Open,Incident Response Team,Ransomware,Immediately isolate the endpoint
ALT-005386,213153,2026-07-27 03:42:53,100.0,Critical,Critical,P1,Investigating,Incident Response Team,Malware Infection,Immediately isolate the endpoint
ALT-000324,11454,2026-07-27 03:43:07,99.98,Critical,Critical,P1,Open,Incident Response Team,Ransomware,Immediately isolate the endpoint
ALT-004854,200994,2026-07-27 03:43:13,52.28,High,Medium,P2,Open,Tier-2 SOC Analyst,Unauthorized Access,Notify security team
ALT-002058,70474,2026-07-27 03:43:36,99.91,Critical,Critical,P1,Investigating,Incident Response Team,Ransomware,Immediately isolate the endpoint
ALT-005000,202877,2026-07-27 03:43:36,25.42,Medium,Low,P3,Open,Tier-1 SOC Analyst,Abnormal Traffic,Investigate suspicious activity
ALT-004508,181881,2026-07-27 03:43:40,100.0,Critical,Critical,P1,Open,Incident Response Team,Data Exfiltration,Immediately isolate the endpoint
ALT-002248,78460,2026-07-27 03:43:55,49.06,Medium,Low,P3,Open,Tier-1 SOC Analyst,Reconnaissance,Investigate suspicious activity
ALT-004937,201972,2026-07-27 03:44:14,100.0,Critical,Critical,P1,Investigating,Incident Response Team,Data Exfiltration,Immediately isolate the endpoint
ALT-003274,117562,2026-07-27 03:44:17,99.79,Critical,Critical,P1,Investigating,Incident Response Team,Data Exfiltration,Immediately isolate the endpoint
ALT-004016,154633,2026-07-27 03:44:32,100.0,Critical,Critical,P1,Open,Incident Response Team,Malware Infection,Immediately isolate the endpoint
ALT-001766,61145,2026-07-27 03:44:39,100.0,Critical,Critical,P1,Investigating,Incident Response Team,Data Exfiltration,Immediately isolate the endpoint
ALT-001174,44923,2026-07-27 03:44:59,62.99,High,Medium,P2,Open,Tier-2 SOC Analyst,Unauthorized Access,Notify security team
ALT-001073,43592,2026-07-27 03:45:22,99.59,Critical,Critical,P1,Open,Incident Response Team,Malware Infection,Immediately isolate the endpoint
ALT-004977,202777,2026-07-27 03:45:45,60.79,High,Medium,P2,Investigating,Tier-2 SOC Analyst,Network Intrusion,Notify security team
ALT-000535,19840,2026-07-27 03:45:55,99.14,Critical,Critical,P1,Investigating,Incident Response Team,Privilege Escalation,Immediately isolate the endpoint
ALT-002485,85384,2026-07-27 03:46:04,32.24,Medium,Low,P3,Resolved,Tier-1 SOC Analyst,Reconnaissance,Investigate suspicious activity
ALT-000469,15583,2026-07-27 03:46:59,99.99,Critical,Critical,P1,Open,Incident Response Team,Data Exfiltration,Immediately isolate the endpoint
ALT-002800,100103,2026-07-27 03:47:12,24.43,Medium,Low,P3,Investigating,Tier-1 SOC Analyst,Port Scan,Investigate suspicious activity
ALT-005967,232700,2026-07-27 03:47:17,98.72,Critical,Critical,P1,Investigating,Incident Response Team,Ransomware,Immediately isolate the endpoint
ALT-001478,53820,2026-07-27 03:47:21,52.41,High,Medium,P2,Resolved,Tier-2 SOC Analyst,Network Intrusion,Notify security team
ALT-005912,232122,2026-07-27 03:47:23,100.0,Critical,Critical,P1,Open,Incident Response Team,Privilege Escalation,Immediately isolate the endpoint
ALT-005175,205789,2026-07-27 03:48:25,99.98,Critical,Critical,P1,Investigating,Incident Response Team,Privilege Escalation,Immediately isolate the endpoint
ALT-002098,70761,2026-07-27 03:48:38,99.33,Critical,Critical,P1,Open,Incident Response Team,Ransomware,Immediately isolate the endpoint
ALT-000729,27736,2026-07-27 03:48:57,100.0,Critical,Critical,P1,Open,Incident Response Team,Ransomware,Immediately isolate the endpoint
ALT-003222,114592,2026-07-27 03:49:54,98.21,Critical,Critical,P1,Open,Incident Response Team,Data Exfiltration,Immediately isolate the endpoint
ALT-004161,159380,2026-07-27 03:50:07,99.38,Critical,Critical,P1,Open,Incident Response Team,Data Exfiltration,Immediately isolate the endpoint
ALT-005365,212500,2026-07-27 03:50:27,20.36,Medium,Low,P3,Open,Tier-1 SOC Analyst,Port Scan,Investigate suspicious activity
ALT-000908,35085,2026-07-27 03:50:30,100.0,Critical,Critical,P1,Investigating,Incident Response Team,Data Exfiltration,Immediately isolate the endpoint
ALT-003401,121281,2026-07-27 03:50:47,100.0,Critical,Critical,P1,Open,Incident Response Team,Privilege Escalation,Immediately isolate the endpoint
ALT-002682,97964,2026-07-27 03:50:56,100.0,Critical,Critical,P1,Investigating,Incident Response Team,Data Exfiltration,Immediately isolate the endpoint
ALT-004246,166318,2026-07-27 03:50:59,100.0,Critical,Critical,P1,Open,Incident Response Team,Data Exfiltration,Immediately isolate the endpoint
ALT-000310,10652,2026-07-27 03:51:15,100.0,Critical,Critical,P1,Open,Incident Response Team,Privilege Escalation,Immediately isolate the endpoint
ALT-003919,147827,2026-07-27 03:51:28,100.0,Critical,Critical,P1,Open,Incident Response Team,Malware Infection,Immediately isolate the endpoint
ALT-001105,44824,2026-07-27 03:51:53,100.0,Critical,Critical,P1,Open,Incident Response Team,Data Exfiltration,Immediately isolate the endpoint
ALT-004238,166310,2026-07-27 03:52:02,100.0,Critical,Critical,P1,Open,Incident Response Team,Ransomware,Immediately isolate the endpoint
ALT-003362,120137,2026-07-27 03:52:03,97.79,Critical,Critical,P1,Open,Incident Response Team,Privilege Escalation,Immediately isolate the endpoint
ALT-002900,105794,2026-07-27 03:52:03,100.0,Critical,Critical,P1,Open,Incident Response Team,Ransomware,Immediately isolate the endpoint
ALT-002902,105796,2026-07-27 03:52:23,100.0,Critical,Critical,P1,Open,Incident Response Team,Ransomware,Immediately isolate the endpoint
ALT-001626,57691,2026-07-27 03:53:13,69.97,High,Medium,P2,Open,Tier-2 SOC Analyst,Network Intrusion,Notify security team
ALT-000716,27227,2026-07-27 03:53:38,100.0,Critical,Critical,P1,Open,Incident Response Team,Privilege Escalation,Immediately isolate the endpoint
ALT-003505,126662,2026-07-27 03:53:38,99.08,Critical,Critical,P1,Open,Incident Response Team,Malware Infection,Immediately isolate the endpoint
ALT-002957,108525,2026-07-27 03:53:40,23.67,Medium,Low,P3,Resolved,Tier-1 SOC Analyst,Policy Violation,Investigate suspicious activity
ALT-004140,159359,2026-07-27 03:53:50,99.33,Critical,Critical,P1,Investigating,Incident Response Team,Ransomware,Immediately isolate the endpoint
ALT-002853,103996,2026-07-27 03:54:23,99.95,Critical,Critical,P1,Investigating,Incident Response Team,Privilege Escalation,Immediately isolate the endpoint
ALT-000672,26999,2026-07-27 03:54:30,100.0,Critical,Critical,P1,Open,Incident Response Team,Privilege Escalation,Immediately isolate the endpoint
ALT-005809,230612,2026-07-27 03:54:34,81.24,Critical,Critical,P1,Investigating,Incident Response Team,Ransomware,Immediately isolate the endpoint
ALT-005258,208184,2026-07-27 03:54:49,100.0,Critical,Critical,P1,Investigating,Incident Response Team,Ransomware,Immediately isolate the endpoint
ALT-001718,60054,2026-07-27 03:55:14,100.0,Critical,Critical,P1,Investigating,Incident Response Team,Data Exfiltration,Immediately isolate the endpoint
ALT-003656,136399,2026-07-27 03:55:18,100.0,Critical,Critical,P1,Open,Incident Response Team,Data Exfiltration,Immediately isolate the endpoint
ALT-005533,216605,2026-07-27 03:55:18,39.27,Medium,Low,P3,Investigating,Tier-1 SOC Analyst,Port Scan,Investigate suspicious activity
ALT-005525,216597,2026-07-27 03:55:31,51.68,High,Medium,P2,Investigating,Tier-2 SOC Analyst,Network Intrusion,Notify security team
ALT-004133,159352,2026-07-27 03:55:41,99.24,Critical,Critical,P1,Open,Incident Response Team,Ransomware,Immediately isolate the endpoint
ALT-002072,70488,2026-07-27 03:55:47,99.92,Critical,Critical,P1,Investigating,Incident Response Team,Malware Infection,Immediately isolate the endpoint
ALT-004788,199609,2026-07-27 03:56:03,100.0,Critical,Critical,P1,Open,Incident Response Team,Privilege Escalation,Immediately isolate the endpoint
ALT-005242,207296,2026-07-27 03:56:04,100.0,Critical,Critical,P1,Open,Incident Response Team,Ransomware,Immediately isolate the endpoint
ALT-001084,43603,2026-07-27 03:56:12,99.55,Critical,Critical,P1,Open,Incident Response Team,Data Exfiltration,Immediately isolate the endpoint
ALT-003263,117551,2026-07-27 03:56:22,99.78,Critical,Critical,P1,Investigating,Incident Response Team,Ransomware,Immediately isolate the endpoint
ALT-002498,85834,2026-07-27 03:56:30,100.0,Critical,Critical,P1,Open,Incident Response Team,Data Exfiltration,Immediately isolate the endpoint
ALT-004456,180530,2026-07-27 03:56:42,100.0,Critical,Critical,P1,Open,Incident Response Team,Privilege Escalation,Immediately isolate the endpoint
ALT-001267,47008,2026-07-27 03:56:57,99.98,Critical,Critical,P1,Open,Incident Response Team,Malware Infection,Immediately isolate the endpoint
ALT-001590,56196,2026-07-27 03:57:06,100.0,Critical,Critical,P1,Open,Incident Response Team,Privilege Escalation,Immediately isolate the endpoint
ALT-003493,126470,2026-07-27 03:57:11,97.98,Critical,Critical,P1,Open,Incident Response Team,Privilege Escalation,Immediately isolate the endpoint
ALT-000636,26259,2026-07-27 03:57:44,100.0,Critical,Critical,P1,Investigating,Incident Response Team,Malware Infection,Immediately isolate the endpoint
ALT-001045,41911,2026-07-27 03:57:55,100.0,Critical,Critical,P1,Investigating,Incident Response Team,Malware Infection,Immediately isolate the endpoint
ALT-002831,103801,2026-07-27 03:58:05,99.54,Critical,Critical,P1,Open,Incident Response Team,Ransomware,Immediately isolate the endpoint
ALT-003146,112225,2026-07-27 03:58:14,20.09,Medium,Low,P3,Open,Tier-1 SOC Analyst,Policy Violation,Investigate suspicious activity
ALT-005749,229608,2026-07-27 03:58:21,100.0,Critical,Critical,P1,Open,Incident Response Team,Ransomware,Immediately isolate the endpoint
ALT-002017,67705,2026-07-27 03:58:32,28.93,Medium,Low,P3,Investigating,Tier-1 SOC Analyst,Reconnaissance,Investigate suspicious activity
ALT-002441,85066,2026-07-27 03:58:48,100.0,Critical,Critical,P1,Open,Incident Response Team,Privilege Escalation,Immediately isolate the endpoint
ALT-000531,19836,2026-07-27 03:58:57,100.0,Critical,Critical,P1,Open,Incident Response Team,Malware Infection,Immediately isolate the endpoint
ALT-003936,148410,2026-07-27 03:59:08,99.92,Critical,Critical,P1,Open,Incident Response Team,Malware Infection,Immediately isolate the endpoint
ALT-000573,21683,2026-07-27 03:59:51,100.0,Critical,Critical,P1,Investigating,Incident Response Team,Data Exfiltration,Immediately isolate the endpoint
ALT-001971,66038,2026-07-27 04:00:27,52.03,High,Medium,P2,Investigating,Tier-2 SOC Analyst,Network Intrusion,Notify security team
ALT-005120,204243,2026-07-27 04:00:36,100.0,Critical,Critical,P1,Investigating,Incident Response Team,Ransomware,Immediately isolate the endpoint
ALT-005588,218214,2026-07-27 04:00:37,99.96,Critical,Critical,P1,Investigating,Incident Response Team,Malware Infection,Immediately isolate the endpoint
ALT-006158,238112,2026-07-27 04:00:38,100.0,Critical,Critical,P1,Open,Incident Response Team,Ransomware,Immediately isolate the endpoint
ALT-002948,108511,2026-07-27 04:01:04,23.42,Medium,Low,P3,Open,Tier-1 SOC Analyst,Port Scan,Investigate suspicious activity
ALT-001772,61151,2026-07-27 04:01:05,100.0,Critical,Critical,P1,Open,Incident Response Team,Malware Infection,Immediately isolate the endpoint
ALT-004773,196697,2026-07-27 04:01:06,28.99,Medium,Low,P3,Open,Tier-1 SOC Analyst,Port Scan,Investigate suspicious activity
ALT-002280,81710,2026-07-27 04:01:53,99.13,Critical,Critical,P1,Open,Incident Response Team,Malware Infection,Immediately isolate the endpoint
ALT-000421,15535,2026-07-27 04:01:53,100.0,Critical,Critical,P1,Open,Incident Response Team,Data Exfiltration,Immediately isolate the endpoint
ALT-001273,47014,2026-07-27 04:02:31,100.0,Critical,Critical,P1,Open,Incident Response Team,Data Exfiltration,Immediately isolate the endpoint
ALT-005152,205590,2026-07-27 04:02:39,98.99,Critical,Critical,P1,Resolved,Incident Response Team,Privilege Escalation,Immediately isolate the endpoint
ALT-004020,154637,2026-07-27 04:03:02,100.0,Critical,Critical,P1,Investigating,Incident Response Team,Privilege Escalation,Immediately isolate the endpoint
ALT-000858,32750,2026-07-27 04:03:08,99.39,Critical,Critical,P1,Investigating,Incident Response Team,Malware Infection,Immediately isolate the endpoint
ALT-000159,5405,2026-07-27 04:03:13,100.0,Critical,Critical,P1,Investigating,Incident Response Team,Ransomware,Immediately isolate the endpoint
ALT-002001,67689,2026-07-27 04:03:28,24.27,Medium,Low,P3,Open,Tier-1 SOC Analyst,Reconnaissance,Investigate suspicious activity
ALT-003811,140911,2026-07-27 04:03:40,100.0,Critical,Critical,P1,Investigating,Incident Response Team,Privilege Escalation,Immediately isolate the endpoint
ALT-003507,126664,2026-07-27 04:03:46,98.66,Critical,Critical,P1,Open,Incident Response Team,Data Exfiltration,Immediately isolate the endpoint
ALT-003897,146557,2026-07-27 04:05:04,50.84,High,Medium,P2,Investigating,Tier-2 SOC Analyst,Brute Force Attack,Notify security team
ALT-005346,210995,2026-07-27 04:05:15,51.02,High,Medium,P2,Open,Tier-2 SOC Analyst,Brute Force Attack,Notify security team
ALT-002798,100101,2026-07-27 04:05:17,29.64,Medium,Low,P3,Resolved,Tier-1 SOC Analyst,Reconnaissance,Investigate suspicious activity
ALT-003982,149758,2026-07-27 04:05:18,25.14,Medium,Low,P3,Open,Tier-1 SOC Analyst,Reconnaissance,Investigate suspicious activity
ALT-004376,174733,2026-07-27 04:05:20,20.72,Medium,Low,P3,Open,Tier-1 SOC Analyst,Port Scan,Investigate suspicious activity
ALT-005565,218191,2026-07-27 04:05:29,99.97,Critical,Critical,P1,Resolved,Incident Response Team,Data Exfiltration,Immediately isolate the endpoint
ALT-001289,47213,2026-07-27 04:06:27,57.33,High,Medium,P2,Open,Tier-2 SOC Analyst,Suspicious Login,Notify security team
ALT-005379,212568,2026-07-27 04:06:29,20.75,Medium,Low,P3,Investigating,Tier-1 SOC Analyst,Abnormal Traffic,Investigate suspicious activity
ALT-000999,40013,2026-07-27 04:06:57,100.0,Critical,Critical,P1,Investigating,Incident Response Team,Malware Infection,Immediately isolate the endpoint
ALT-002767,99594,2026-07-27 04:07:06,52.67,High,Medium,P2,Investigating,Tier-2 SOC Analyst,Unauthorized Access,Notify security team
ALT-002145,74492,2026-07-27 04:07:24,32.41,Medium,Low,P3,Resolved,Tier-1 SOC Analyst,Policy Violation,Investigate suspicious activity
ALT-000524,19829,2026-07-27 04:07:41,98.99,Critical,Critical,P1,Resolved,Incident Response Team,Ransomware,Immediately isolate the endpoint
ALT-004539,182803,2026-07-27 04:07:45,55.7,High,Medium,P2,Open,Tier-2 SOC Analyst,Network Intrusion,Notify security team
ALT-002842,103812,2026-07-27 04:07:49,99.52,Critical,Critical,P1,Investigating,Incident Response Team,Malware Infection,Immediately isolate the endpoint
ALT-005070,203242,2026-07-27 04:08:54,100.0,Critical,Critical,P1,Investigating,Incident Response Team,Ransomware,Immediately isolate the endpoint
ALT-001618,57504,2026-07-27 04:09:08,100.0,Critical,Critical,P1,Investigating,Incident Response Team,Malware Infection,Immediately isolate the endpoint
ALT-004619,185963,2026-07-27 04:09:10,21.88,Medium,Low,P3,Open,Tier-1 SOC Analyst,Reconnaissance,Investigate suspicious activity
ALT-004390,176641,2026-07-27 04:09:11,100.0,Critical,Critical,P1,Investigating,Incident Response Team,Privilege Escalation,Immediately isolate the endpoint
ALT-002163,74515,2026-07-27 04:09:39,100.0,Critical,Critical,P1,Resolved,Incident Response Team,Ransomware,Immediately isolate the endpoint
ALT-000693,27204,2026-07-27 04:09:46,100.0,Critical,Critical,P1,Resolved,Incident Response Team,Malware Infection,Immediately isolate the endpoint
ALT-005861,231201,2026-07-27 04:10:16,100.0,Critical,Critical,P1,Open,Incident Response Team,Ransomware,Immediately isolate the endpoint
ALT-002216,76232,2026-07-27 04:10:33,100.0,Critical,Critical,P1,Open,Incident Response Team,Malware Infection,Immediately isolate the endpoint
ALT-001484,53826,2026-07-27 04:10:38,51.08,High,Medium,P2,Open,Tier-2 SOC Analyst,Brute Force Attack,Notify security team
ALT-000607,24910,2026-07-27 04:10:41,100.0,Critical,Critical,P1,Investigating,Incident Response Team,Privilege Escalation,Immediately isolate the endpoint
ALT-001055,41921,2026-07-27 04:10:46,100.0,Critical,Critical,P1,Investigating,Incident Response Team,Privilege Escalation,Immediately isolate the endpoint
ALT-000296,10084,2026-07-27 04:10:49,100.0,Critical,Critical,P1,Open,Incident Response Team,Privilege Escalation,Immediately isolate the endpoint
ALT-006147,238101,2026-07-27 04:11:06,99.99,Critical,Critical,P1,Open,Incident Response Team,Privilege Escalation,Immediately isolate the endpoint
ALT-004184,160512,2026-07-27 04:11:13,100.0,Critical,Critical,P1,Open,Incident Response Team,Ransomware,Immediately isolate the endpoint
ALT-003692,136949,2026-07-27 04:11:19,100.0,Critical,Critical,P1,Open,Incident Response Team,Ransomware,Immediately isolate the endpoint
ALT-001600,57486,2026-07-27 04:11:30,100.0,Critical,Critical,P1,Resolved,Incident Response Team,Ransomware,Immediately isolate the endpoint
ALT-000876,34286,2026-07-27 04:11:32,100.0,Critical,Critical,P1,Investigating,Incident Response Team,Data Exfiltration,Immediately isolate the endpoint
ALT-001700,60036,2026-07-27 04:11:36,100.0,Critical,Critical,P1,Open,Incident Response Team,Privilege Escalation,Immediately isolate the endpoint
ALT-001006,40462,2026-07-27 04:11:48,100.0,Critical,Critical,P1,Open,Incident Response Team,Ransomware,Immediately isolate the endpoint
ALT-003065,110872,2026-07-27 04:11:50,100.0,Critical,Critical,P1,Open,Incident Response Team,Ransomware,Immediately isolate the endpoint
ALT-000062,2404,2026-07-27 04:12:21,99.64,Critical,Critical,P1,Resolved,Incident Response Team,Data Exfiltration,Immediately isolate the endpoint
ALT-003710,137603,2026-07-27 04:12:28,100.0,Critical,Critical,P1,Open,Incident Response Team,Ransomware,Immediately isolate the endpoint
ALT-006095,235239,2026-07-27 04:12:28,100.0,Critical,Critical,P1,Open,Incident Response Team,Data Exfiltration,Immediately isolate the endpoint
ALT-002023,67711,2026-07-27 04:13:06,32.52,Medium,Low,P3,Open,Tier-1 SOC Analyst,Abnormal Traffic,Investigate suspicious activity
ALT-002839,103809,2026-07-27 04:13:40,99.5,Critical,Critical,P1,Investigating,Incident Response Team,Privilege Escalation,Immediately isolate the endpoint
ALT-003312,119205,2026-07-27 04:13:58,99.7,Critical,Critical,P1,Investigating,Incident Response Team,Privilege Escalation,Immediately isolate the endpoint
ALT-002618,92157,2026-07-27 04:14:16,100.0,Critical,Critical,P1,Investigating,Incident Response Team,Ransomware,Immediately isolate the endpoint
ALT-001037,41903,2026-07-27 04:14:18,100.0,Critical,Critical,P1,Open,Incident Response Team,Ransomware,Immediately isolate the endpoint
ALT-001247,46345,2026-07-27 04:14:29,36.15,Medium,Low,P3,Open,Tier-1 SOC Analyst,Policy Violation,Investigate suspicious activity
ALT-002135,74322,2026-07-27 04:14:49,100.0,Critical,Critical,P1,Open,Incident Response Team,Data Exfiltration,Immediately isolate the endpoint
ALT-003825,140925,2026-07-27 04:15:06,100.0,Critical,Critical,P1,Investigating,Incident Response Team,Privilege Escalation,Immediately isolate the endpoint
ALT-001101,44820,2026-07-27 04:15:06,100.0,Critical,Critical,P1,Open,Incident Response Team,Ransomware,Immediately isolate the endpoint
ALT-003561,130463,2026-07-27 04:15:09,100.0,Critical,Critical,P1,Open,Incident Response Team,Malware Infection,Immediately isolate the endpoint
ALT-005710,225432,2026-07-27 04:15:25,100.0,Critical,Critical,P1,Investigating,Incident Response Team,Data Exfiltration,Immediately isolate the endpoint
ALT-003103,112182,2026-07-27 04:15:32,34.41,Medium,Low,P3,Investigating,Tier-1 SOC Analyst,Port Scan,Investigate suspicious activity
ALT-000021,2363,2026-07-27 04:15:37,100.0,Critical,Critical,P1,Open,Incident Response Team,Data Exfiltration,Immediately isolate the endpoint
ALT-002268,81698,2026-07-27 04:15:44,99.04,Critical,Critical,P1,Open,Incident Response Team,Data Exfiltration,Immediately isolate the endpoint
ALT-001175,44924,2026-07-27 04:15:47,72.83,High,Medium,P2,Open,Tier-2 SOC Analyst,Unauthorized Access,Notify security team
ALT-005721,225443,2026-07-27 04:16:12,100.0,Critical,Critical,P1,Investigating,Incident Response Team,Malware Infection,Immediately isolate the endpoint
ALT-004312,169617,2026-07-27 04:16:14,100.0,Critical,Critical,P1,Investigating,Incident Response Team,Malware Infection,Immediately isolate the endpoint
ALT-004330,172393,2026-07-27 04:16:18,100.0,Critical,Critical,P1,Open,Incident Response Team,Ransomware,Immediately isolate the endpoint
ALT-005851,231191,2026-07-27 04:16:18,100.0,Critical,Critical,P1,Open,Incident Response Team,Privilege Escalation,Immediately isolate the endpoint
ALT-000597,21707,2026-07-27 04:16:37,100.0,Critical,Critical,P1,Investigating,Incident Response Team,Data Exfiltration,Immediately isolate the endpoint
ALT-003599,131706,2026-07-27 04:18:06,100.0,Critical,Critical,P1,Investigating,Incident Response Team,Privilege Escalation,Immediately isolate the endpoint
ALT-004490,181863,2026-07-27 04:18:08,100.0,Critical,Critical,P1,Open,Incident Response Team,Ransomware,Immediately isolate the endpoint
ALT-001845,63365,2026-07-27 04:18:10,100.0,Critical,Critical,P1,Open,Incident Response Team,Privilege Escalation,Immediately isolate the endpoint
ALT-000026,2368,2026-07-27 04:18:32,98.45,Critical,Critical,P1,Open,Incident Response Team,Privilege Escalation,Immediately isolate the endpoint
ALT-004355,174240,2026-07-27 04:18:32,100.0,Critical,Critical,P1,Open,Incident Response Team,Privilege Escalation,Immediately isolate the endpoint
ALT-005221,207275,2026-07-27 04:18:35,100.0,Critical,Critical,P1,Resolved,Incident Response Team,Data Exfiltration,Immediately isolate the endpoint
ALT-003350,120125,2026-07-27 04:18:47,97.67,Critical,Critical,P1,Investigating,Incident Response Team,Data Exfiltration,Immediately isolate the endpoint
ALT-002292,81722,2026-07-27 04:18:48,100.0,Critical,Critical,P1,Investigating,Incident Response Team,Malware Infection,Immediately isolate the endpoint
ALT-001280,47204,2026-07-27 04:18:53,60.6,High,Medium,P2,Open,Tier-2 SOC Analyst,Unauthorized Access,Notify security team
ALT-001441,52865,2026-07-27 04:18:58,49.32,Medium,Low,P3,Investigating,Tier-1 SOC Analyst,Port Scan,Investigate suspicious activity
ALT-004789,199610,2026-07-27 04:19:17,100.0,Critical,Critical,P1,Open,Incident Response Team,Ransomware,Immediately isolate the endpoint
ALT-004847,200987,2026-07-27 04:19:30,55.25,High,Medium,P2,Open,Tier-2 SOC Analyst,Brute Force Attack,Notify security team
ALT-006141,238095,2026-07-27 04:19:33,99.99,Critical,Critical,P1,Open,Incident Response Team,Malware Infection,Immediately isolate the endpoint
ALT-000400,13776,2026-07-27 04:19:43,24.58,Medium,Low,P3,Open,Tier-1 SOC Analyst,Port Scan,Investigate suspicious activity
ALT-003952,149283,2026-07-27 04:19:58,99.95,Critical,Critical,P1,Investigating,Incident Response Team,Privilege Escalation,Immediately isolate the endpoint
ALT-001411,52565,2026-07-27 04:20:25,47.75,Medium,Low,P3,Open,Tier-1 SOC Analyst,Reconnaissance,Investigate suspicious activity
ALT-004975,202775,2026-07-27 04:20:28,64.0,High,Medium,P2,Open,Tier-2 SOC Analyst,Unauthorized Access,Notify security team
ALT-004713,191116,2026-07-27 04:20:44,21.8,Medium,Low,P3,Open,Tier-1 SOC Analyst,Abnormal Traffic,Investigate suspicious activity
ALT-005503,216237,2026-07-27 04:20:59,99.47,Critical,Critical,P1,Open,Incident Response Team,Data Exfiltration,Immediately isolate the endpoint
ALT-001563,55933,2026-07-27 04:21:06,100.0,Critical,Critical,P1,Open,Incident Response Team,Privilege Escalation,Immediately isolate the endpoint
ALT-000889,34299,2026-07-27 04:21:09,100.0,Critical,Critical,P1,Open,Incident Response Team,Data Exfiltration,Immediately isolate the endpoint
ALT-004264,167139,2026-07-27 04:21:10,100.0,Critical,Critical,P1,Investigating,Incident Response Team,Privilege Escalation,Immediately isolate the endpoint
ALT-004858,200998,2026-07-27 04:21:17,51.67,High,Medium,P2,Open,Tier-2 SOC Analyst,Network Intrusion,Notify security team
ALT-005625,223708,2026-07-27 04:21:19,99.64,Critical,Critical,P1,Open,Incident Response Team,Data Exfiltration,Immediately isolate the endpoint
ALT-001434,52858,2026-07-27 04:21:27,48.48,Medium,Low,P3,Open,Tier-1 SOC Analyst,Reconnaissance,Investigate suspicious activity
ALT-001023,40479,2026-07-27 04:21:36,100.0,Critical,Critical,P1,Investigating,Incident Response Team,Malware Infection,Immediately isolate the endpoint
ALT-003076,111853,2026-07-27 04:21:38,29.23,Medium,Low,P3,Open,Tier-1 SOC Analyst,Port Scan,Investigate suspicious activity
ALT-004884,201426,2026-07-27 04:21:51,23.97,Medium,Low,P3,Open,Tier-1 SOC Analyst,Port Scan,Investigate suspicious activity
ALT-003025,109478,2026-07-27 04:21:54,100.0,Critical,Critical,P1,Open,Incident Response Team,Ransomware,Immediately isolate the endpoint
ALT-005328,210718,2026-07-27 04:21:55,53.81,High,Medium,P2,Open,Tier-2 SOC Analyst,Unauthorized Access,Notify security team
ALT-002221,76238,2026-07-27 04:22:03,100.0,Critical,Critical,P1,Open,Incident Response Team,Privilege Escalation,Immediately isolate the endpoint
ALT-001861,63858,2026-07-27 04:22:12,27.02,Medium,Low,P3,Investigating,Tier-1 SOC Analyst,Port Scan,Investigate suspicious activity
ALT-002298,81728,2026-07-27 04:22:25,100.0,Critical,Critical,P1,Investigating,Incident Response Team,Ransomware,Immediately isolate the endpoint
ALT-006037,234084,2026-07-27 04:22:42,100.0,Critical,Critical,P1,Open,Incident Response Team,Malware Infection,Immediately isolate the endpoint
ALT-002691,98115,2026-07-27 04:22:43,100.0,Critical,Critical,P1,Investigating,Incident Response Team,Ransomware,Immediately isolate the endpoint
ALT-000230,7767,2026-07-27 04:22:53,100.0,Critical,Critical,P1,Investigating,Incident Response Team,Malware Infection,Immediately isolate the endpoint
ALT-002308,82751,2026-07-27 04:23:20,100.0,Critical,Critical,P1,Open,Incident Response Team,Malware Infection,Immediately isolate the endpoint
ALT-000969,38866,2026-07-27 04:23:29,100.0,Critical,Critical,P1,Open,Incident Response Team,Data Exfiltration,Immediately isolate the endpoint
ALT-004015,154632,2026-07-27 04:23:51,100.0,Critical,Critical,P1,Open,Incident Response Team,Ransomware,Immediately isolate the endpoint
ALT-003734,137627,2026-07-27 04:24:02,100.0,Critical,Critical,P1,Open,Incident Response Team,Privilege Escalation,Immediately isolate the endpoint
ALT-004993,202793,2026-07-27 04:24:05,42.73,Medium,Low,P3,Investigating,Tier-1 SOC Analyst,Abnormal Traffic,Investigate suspicious activity
ALT-005845,230827,2026-07-27 04:24:10,98.05,Critical,Critical,P1,Investigating,Incident Response Team,Data Exfiltration,Immediately isolate the endpoint
ALT-002816,103418,2026-07-27 04:24:19,100.0,Critical,Critical,P1,Resolved,Incident Response Team,Privilege Escalation,Immediately isolate the endpoint
ALT-003660,136403,2026-07-27 04:24:24,100.0,Critical,Critical,P1,Investigating,Incident Response Team,Privilege Escalation,Immediately isolate the endpoint
ALT-003086,111863,2026-07-27 04:24:46,26.65,Medium,Low,P3,Open,Tier-1 SOC Analyst,Policy Violation,Investigate suspicious activity
ALT-005879,231367,2026-07-27 04:24:47,99.94,Critical,Critical,P1,Open,Incident Response Team,Malware Infection,Immediately isolate the endpoint
ALT-003642,135895,2026-07-27 04:24:58,100.0,Critical,Critical,P1,Investigating,Incident Response Team,Privilege Escalation,Immediately isolate the endpoint
ALT-001943,65955,2026-07-27 04:25:06,100.0,Critical,Critical,P1,Open,Incident Response Team,Ransomware,Immediately isolate the endpoint
ALT-000599,21709,2026-07-27 04:25:32,100.0,Critical,Critical,P1,Investigating,Incident Response Team,Malware Infection,Immediately isolate the endpoint
ALT-001696,60032,2026-07-27 04:25:52,100.0,Critical,Critical,P1,Investigating,Incident Response Team,Data Exfiltration,Immediately isolate the endpoint
ALT-005993,233158,2026-07-27 04:26:09,100.0,Critical,Critical,P1,Investigating,Incident Response Team,Malware Infection,Immediately isolate the endpoint
ALT-005032,203204,2026-07-27 04:26:23,26.5,Medium,Low,P3,Investigating,Tier-1 SOC Analyst,Policy Violation,Investigate suspicious activity
ALT-005278,208420,2026-07-27 04:26:35,100.0,Critical,Critical,P1,Open,Incident Response Team,Data Exfiltration,Immediately isolate the endpoint
ALT-001827,62278,2026-07-27 04:26:38,99.07,Critical,Critical,P1,Investigating,Incident Response Team,Data Exfiltration,Immediately isolate the endpoint
ALT-002620,92159,2026-07-27 04:26:53,100.0,Critical,Critical,P1,Investigating,Incident Response Team,Malware Infection,Immediately isolate the endpoint
ALT-005623,223706,2026-07-27 04:27:17,99.5,Critical,Critical,P1,Open,Incident Response Team,Ransomware,Immediately isolate the endpoint
ALT-000720,27231,2026-07-27 04:27:23,100.0,Critical,Critical,P1,Investigating,Incident Response Team,Malware Infection,Immediately isolate the endpoint
ALT-000631,24934,2026-07-27 04:27:43,100.0,Critical,Critical,P1,Open,Incident Response Team,Ransomware,Immediately isolate the endpoint
ALT-001490,53832,2026-07-27 04:27:55,50.06,High,Medium,P2,Resolved,Tier-2 SOC Analyst,Unauthorized Access,Notify security team
ALT-004369,174254,2026-07-27 04:28:42,100.0,Critical,Critical,P1,Open,Incident Response Team,Data Exfiltration,Immediately isolate the endpoint
ALT-001493,53835,2026-07-27 04:28:44,49.26,Medium,Low,P3,Open,Tier-1 SOC Analyst,Reconnaissance,Investigate suspicious activity
ALT-001979,66984,2026-07-27 04:28:56,99.83,Critical,Critical,P1,Open,Incident Response Team,Data Exfiltration,Immediately isolate the endpoint
ALT-000046,2388,2026-07-27 04:29:03,97.92,Critical,Critical,P1,Investigating,Incident Response Team,Ransomware,Immediately isolate the endpoint
ALT-001067,43586,2026-07-27 04:29:14,99.56,Critical,Critical,P1,Open,Incident Response Team,Data Exfiltration,Immediately isolate the endpoint
ALT-005969,232702,2026-07-27 04:29:25,98.8,Critical,Critical,P1,Open,Incident Response Team,Data Exfiltration,Immediately isolate the endpoint
ALT-004691,189101,2026-07-27 04:30:15,100.0,Critical,Critical,P1,Open,Incident Response Team,Malware Infection,Immediately isolate the endpoint
ALT-003829,140929,2026-07-27 04:30:37,100.0,Critical,Critical,P1,Resolved,Incident Response Team,Data Exfiltration,Immediately isolate the endpoint
ALT-005347,210996,2026-07-27 04:30:42,51.77,High,Medium,P2,Open,Tier-2 SOC Analyst,Suspicious Login,Notify security team
ALT-002218,76234,2026-07-27 04:30:48,100.0,Critical,Critical,P1,Open,Incident Response Team,Privilege Escalation,Immediately isolate the endpoint
ALT-001442,52866,2026-07-27 04:30:56,47.18,Medium,Low,P3,Investigating,Tier-1 SOC Analyst,Port Scan,Investigate suspicious activity
ALT-004905,201545,2026-07-27 04:31:42,100.0,Critical,Critical,P1,Open,Incident Response Team,Privilege Escalation,Immediately isolate the endpoint
ALT-002598,92109,2026-07-27 04:32:08,99.47,Critical,Critical,P1,Resolved,Incident Response Team,Ransomware,Immediately isolate the endpoint
ALT-003212,114582,2026-07-27 04:32:10,98.23,Critical,Critical,P1,Open,Incident Response Team,Privilege Escalation,Immediately isolate the endpoint
ALT-001797,61226,2026-07-27 04:32:13,99.51,Critical,Critical,P1,Investigating,Incident Response Team,Data Exfiltration,Immediately isolate the endpoint
ALT-004621,185965,2026-07-27 04:32:42,21.29,Medium,Low,P3,Open,Tier-1 SOC Analyst,Policy Violation,Investigate suspicious activity
ALT-005252,208178,2026-07-27 04:33:37,100.0,Critical,Critical,P1,Open,Incident Response Team,Ransomware,Immediately isolate the endpoint
ALT-003528,127219,2026-07-27 04:34:07,33.92,Medium,Low,P3,Investigating,Tier-1 SOC Analyst,Policy Violation,Investigate suspicious activity
ALT-005389,213156,2026-07-27 04:34:18,100.0,Critical,Critical,P1,Open,Incident Response Team,Privilege Escalation,Immediately isolate the endpoint
ALT-001130,44849,2026-07-27 04:34:20,32.58,Medium,Low,P3,Investigating,Tier-1 SOC Analyst,Port Scan,Investigate suspicious activity
ALT-001757,60643,2026-07-27 04:34:26,100.0,Critical,Critical,P1,Open,Incident Response Team,Privilege Escalation,Immediately isolate the endpoint
ALT-005972,232705,2026-07-27 04:34:31,98.96,Critical,Critical,P1,Open,Incident Response Team,Data Exfiltration,Immediately isolate the endpoint
ALT-001735,60621,2026-07-27 04:34:38,100.0,Critical,Critical,P1,Open,Incident Response Team,Data Exfiltration,Immediately isolate the endpoint
ALT-005304,210589,2026-07-27 04:34:42,99.0,Critical,Critical,P1,Resolved,Incident Response Team,Malware Infection,Immediately isolate the endpoint
ALT-000133,4194,2026-07-27 04:35:04,100.0,Critical,Critical,P1,Open,Incident Response Team,Data Exfiltration,Immediately isolate the endpoint
ALT-001035,41901,2026-07-27 04:35:13,100.0,Critical,Critical,P1,Open,Incident Response Team,Data Exfiltration,Immediately isolate the endpoint
ALT-000124,4185,2026-07-27 04:35:50,100.0,Critical,Critical,P1,Open,Incident Response Team,Malware Infection,Immediately isolate the endpoint
ALT-000410,14694,2026-07-27 04:35:52,99.95,Critical,Critical,P1,Open,Incident Response Team,Malware Infection,Immediately isolate the endpoint
ALT-001214,45976,2026-07-27 04:36:08,99.85,Critical,Critical,P1,Open,Incident Response Team,Data Exfiltration,Immediately isolate the endpoint
ALT-001658,58840,2026-07-27 04:36:42,100.0,Critical,Critical,P1,Resolved,Incident Response Team,Data Exfiltration,Immediately isolate the endpoint
ALT-005059,203231,2026-07-27 04:36:43,100.0,Critical,Critical,P1,Open,Incident Response Team,Ransomware,Immediately isolate the endpoint
ALT-002460,85085,2026-07-27 04:36:43,100.0,Critical,Critical,P1,Investigating,Incident Response Team,Malware Infection,Immediately isolate the endpoint
ALT-000220,7757,2026-07-27 04:36:45,100.0,Critical,Critical,P1,Open,Incident Response Team,Ransomware,Immediately isolate the endpoint
ALT-004276,167671,2026-07-27 04:36:48,99.9,Critical,Critical,P1,Investigating,Incident Response Team,Malware Infection,Immediately isolate the endpoint
ALT-004762,196686,2026-07-27 04:37:47,21.41,Medium,Low,P3,Resolved,Tier-1 SOC Analyst,Policy Violation,Investigate suspicious activity
ALT-004824,200753,2026-07-27 04:37:50,99.68,Critical,Critical,P1,Open,Incident Response Team,Ransomware,Immediately isolate the endpoint
ALT-002320,82763,2026-07-27 04:37:56,100.0,Critical,Critical,P1,Resolved,Incident Response Team,Data Exfiltration,Immediately isolate the endpoint
ALT-004187,160515,2026-07-27 04:37:57,100.0,Critical,Critical,P1,Open,Incident Response Team,Privilege Escalation,Immediately isolate the endpoint
ALT-000943,37403,2026-07-27 04:37:59,100.0,Critical,Critical,P1,Resolved,Incident Response Team,Malware Infection,Immediately isolate the endpoint
ALT-000948,37408,2026-07-27 04:38:37,100.0,Critical,Critical,P1,Investigating,Incident Response Team,Ransomware,Immediately isolate the endpoint
ALT-002985,108739,2026-07-27 04:38:47,100.0,Critical,Critical,P1,Open,Incident Response Team,Data Exfiltration,Immediately isolate the endpoint
ALT-002804,103406,2026-07-27 04:38:48,100.0,Critical,Critical,P1,Open,Incident Response Team,Privilege Escalation,Immediately isolate the endpoint
ALT-003706,136963,2026-07-27 04:38:55,100.0,Critical,Critical,P1,Open,Incident Response Team,Malware Infection,Immediately isolate the endpoint
ALT-005583,218209,2026-07-27 04:39:07,99.97,Critical,Critical,P1,Open,Incident Response Team,Data Exfiltration,Immediately isolate the endpoint
ALT-004240,166312,2026-07-27 04:39:52,100.0,Critical,Critical,P1,Open,Incident Response Team,Privilege Escalation,Immediately isolate the endpoint
ALT-003027,109480,2026-07-27 04:39:55,100.0,Critical,Critical,P1,Open,Incident Response Team,Malware Infection,Immediately isolate the endpoint
ALT-002995,108749,2026-07-27 04:40:04,99.99,Critical,Critical,P1,Open,Incident Response Team,Ransomware,Immediately isolate the endpoint
ALT-006013,233881,2026-07-27 04:40:06,100.0,Critical,Critical,P1,Investigating,Incident Response Team,Privilege Escalation,Immediately isolate the endpoint
ALT-004629,185979,2026-07-27 04:40:18,21.69,Medium,Low,P3,Open,Tier-1 SOC Analyst,Policy Violation,Investigate suspicious activity
ALT-000547,20163,2026-07-27 04:40:35,100.0,Critical,Critical,P1,Open,Incident Response Team,Malware Infection,Immediately isolate the endpoint
ALT-001779,61158,2026-07-27 04:40:57,100.0,Critical,Critical,P1,Investigating,Incident Response Team,Privilege Escalation,Immediately isolate the endpoint
ALT-002162,74514,2026-07-27 04:40:59,100.0,Critical,Critical,P1,Open,Incident Response Team,Ransomware,Immediately isolate the endpoint
ALT-002138,74325,2026-07-27 04:41:54,100.0,Critical,Critical,P1,Open,Incident Response Team,Data Exfiltration,Immediately isolate the endpoint
ALT-002491,85827,2026-07-27 04:42:07,100.0,Critical,Critical,P1,Open,Incident Response Team,Ransomware,Immediately isolate the endpoint
ALT-005369,212508,2026-07-27 04:42:12,20.14,Medium,Low,P3,Resolved,Tier-1 SOC Analyst,Policy Violation,Investigate suspicious activity
ALT-001689,60025,2026-07-27 04:42:50,100.0,Critical,Critical,P1,Investigating,Incident Response Team,Privilege Escalation,Immediately isolate the endpoint
ALT-003466,123167,2026-07-27 04:43:07,98.14,Critical,Critical,P1,Open,Incident Response Team,Ransomware,Immediately isolate the endpoint
ALT-001808,62259,2026-07-27 04:43:12,100.0,Critical,Critical,P1,Investigating,Incident Response Team,Data Exfiltration,Immediately isolate the endpoint
ALT-002942,107972,2026-07-27 04:43:14,100.0,Critical,Critical,P1,Open,Incident Response Team,Data Exfiltration,Immediately isolate the endpoint
ALT-000314,10656,2026-07-27 04:44:00,100.0,Critical,Critical,P1,Investigating,Incident Response Team,Malware Infection,Immediately isolate the endpoint
ALT-004627,185975,2026-07-27 04:44:08,20.05,Medium,Low,P3,Investigating,Tier-1 SOC Analyst,Abnormal Traffic,Investigate suspicious activity
ALT-004927,201962,2026-07-27 04:45:03,100.0,Critical,Critical,P1,Investigating,Incident Response Team,Ransomware,Immediately isolate the endpoint
ALT-000297,10085,2026-07-27 04:45:32,100.0,Critical,Critical,P1,Open,Incident Response Team,Malware Infection,Immediately isolate the endpoint
ALT-001426,52850,2026-07-27 04:45:38,49.11,Medium,Low,P3,Open,Tier-1 SOC Analyst,Reconnaissance,Investigate suspicious activity
ALT-005243,207297,2026-07-27 04:45:45,100.0,Critical,Critical,P1,Open,Incident Response Team,Malware Infection,Immediately isolate the endpoint
ALT-002906,105800,2026-07-27 04:45:54,100.0,Critical,Critical,P1,Investigating,Incident Response Team,Privilege Escalation,Immediately isolate the endpoint
ALT-000065,2407,2026-07-27 04:46:07,99.66,Critical,Critical,P1,Open,Incident Response Team,Data Exfiltration,Immediately isolate the endpoint
ALT-001862,63859,2026-07-27 04:46:33,28.16,Medium,Low,P3,Investigating,Tier-1 SOC Analyst,Reconnaissance,Investigate suspicious activity
ALT-001643,58825,2026-07-27 04:46:33,100.0,Critical,Critical,P1,Resolved,Incident Response Team,Malware Infection,Immediately isolate the endpoint
ALT-000095,2646,2026-07-27 04:46:38,99.07,Critical,Critical,P1,Open,Incident Response Team,Malware Infection,Immediately isolate the endpoint
ALT-003678,136421,2026-07-27 04:46:47,100.0,Critical,Critical,P1,Investigating,Incident Response Team,Ransomware,Immediately isolate the endpoint
ALT-002395,84032,2026-07-27 04:47:03,100.0,Critical,Critical,P1,Investigating,Incident Response Team,Ransomware,Immediately isolate the endpoint
ALT-000143,4880,2026-07-27 04:47:08,90.26,Critical,Critical,P1,Resolved,Incident Response Team,Data Exfiltration,Immediately isolate the endpoint
ALT-001722,60608,2026-07-27 04:47:09,100.0,Critical,Critical,P1,Resolved,Incident Response Team,Privilege Escalation,Immediately isolate the endpoint
ALT-002507,85843,2026-07-27 04:47:11,100.0,Critical,Critical,P1,Investigating,Incident Response Team,Data Exfiltration,Immediately isolate the endpoint
ALT-002773,99600,2026-07-27 04:47:15,47.32,Medium,Low,P3,Open,Tier-1 SOC Analyst,Port Scan,Investigate suspicious activity
ALT-001409,52563,2026-07-27 04:47:20,50.9,High,Medium,P2,Investigating,Tier-2 SOC Analyst,Network Intrusion,Notify security team
ALT-000210,7747,2026-07-27 04:47:35,100.0,Critical,Critical,P1,Open,Incident Response Team,Privilege Escalation,Immediately isolate the endpoint
ALT-005454,214383,2026-07-27 04:47:41,100.0,Critical,Critical,P1,Investigating,Incident Response Team,Privilege Escalation,Immediately isolate the endpoint
ALT-001127,44846,2026-07-27 04:48:11,35.65,Medium,Low,P3,Resolved,Tier-1 SOC Analyst,Policy Violation,Investigate suspicious activity
ALT-003846,142183,2026-07-27 04:48:21,100.0,Critical,Critical,P1,Open,Incident Response Team,Ransomware,Immediately isolate the endpoint
ALT-003575,130588,2026-07-27 04:48:37,100.0,Critical,Critical,P1,Investigating,Incident Response Team,Ransomware,Immediately isolate the endpoint
ALT-001591,56197,2026-07-27 04:48:37,100.0,Critical,Critical,P1,Open,Incident Response Team,Ransomware,Immediately isolate the endpoint
ALT-004284,167679,2026-07-27 04:48:38,99.94,Critical,Critical,P1,Open,Incident Response Team,Privilege Escalation,Immediately isolate the endpoint
ALT-002134,74321,2026-07-27 04:48:53,100.0,Critical,Critical,P1,Open,Incident Response Team,Data Exfiltration,Immediately isolate the endpoint
ALT-001072,43591,2026-07-27 04:49:25,99.6,Critical,Critical,P1,Investigating,Incident Response Team,Ransomware,Immediately isolate the endpoint
ALT-003005,108759,2026-07-27 04:49:53,100.0,Critical,Critical,P1,Resolved,Incident Response Team,Ransomware,Immediately isolate the endpoint
ALT-000493,18965,2026-07-27 04:49:59,99.99,Critical,Critical,P1,Resolved,Incident Response Team,Data Exfiltration,Immediately isolate the endpoint
ALT-005085,203445,2026-07-27 04:50:05,100.0,Critical,Critical,P1,Open,Incident Response Team,Malware Infection,Immediately isolate the endpoint
ALT-002964,108718,2026-07-27 04:50:14,99.99,Critical,Critical,P1,Investigating,Incident Response Team,Ransomware,Immediately isolate the endpoint
ALT-000240,9497,2026-07-27 04:50:21,99.66,Critical,Critical,P1,Investigating,Incident Response Team,Ransomware,Immediately isolate the endpoint
ALT-005933,232143,2026-07-27 04:50:23,99.98,Critical,Critical,P1,Open,Incident Response Team,Ransomware,Immediately isolate the endpoint
ALT-001158,44907,2026-07-27 04:50:51,66.6,High,Medium,P2,Open,Tier-2 SOC Analyst,Suspicious Login,Notify security team
ALT-002127,74314,2026-07-27 04:50:57,100.0,Critical,Critical,P1,Open,Incident Response Team,Ransomware,Immediately isolate the endpoint
ALT-001104,44823,2026-07-27 04:51:09,100.0,Critical,Critical,P1,Resolved,Incident Response Team,Malware Infection,Immediately isolate the endpoint
ALT-002324,82767,2026-07-27 04:51:21,100.0,Critical,Critical,P1,Investigating,Incident Response Team,Ransomware,Immediately isolate the endpoint
ALT-002973,108727,2026-07-27 04:51:42,99.99,Critical,Critical,P1,Investigating,Incident Response Team,Malware Infection,Immediately isolate the endpoint
ALT-003345,120120,2026-07-27 04:51:45,97.82,Critical,Critical,P1,Open,Incident Response Team,Ransomware,Immediately isolate the endpoint
ALT-000367,13370,2026-07-27 04:52:01,100.0,Critical,Critical,P1,Investigating,Incident Response Team,Malware Infection,Immediately isolate the endpoint
ALT-000080,2631,2026-07-27 04:52:19,99.1,Critical,Critical,P1,Open,Incident Response Team,Ransomware,Immediately isolate the endpoint
ALT-005414,213181,2026-07-27 04:52:28,100.0,Critical,Critical,P1,Open,Incident Response Team,Privilege Escalation,Immediately isolate the endpoint
ALT-000007,1768,2026-07-27 04:52:57,100.0,Critical,Critical,P1,Investigating,Incident Response Team,Privilege Escalation,Immediately isolate the endpoint
ALT-002223,77680,2026-07-27 04:53:08,100.0,Critical,Critical,P1,Open,Incident Response Team,Data Exfiltration,Immediately isolate the endpoint
ALT-000044,2386,2026-07-27 04:53:13,98.09,Critical,Critical,P1,Investigating,Incident Response Team,Data Exfiltration,Immediately isolate the endpoint
ALT-000583,21693,2026-07-27 04:53:25,100.0,Critical,Critical,P1,Open,Incident Response Team,Privilege Escalation,Immediately isolate the endpoint
ALT-002879,104022,2026-07-27 04:53:37,100.0,Critical,Critical,P1,Investigating,Incident Response Team,Privilege Escalation,Immediately isolate the endpoint
ALT-000403,14687,2026-07-27 04:53:59,100.0,Critical,Critical,P1,Open,Incident Response Team,Data Exfiltration,Immediately isolate the endpoint
ALT-000624,24927,2026-07-27 04:54:21,100.0,Critical,Critical,P1,Open,Incident Response Team,Ransomware,Immediately isolate the endpoint
ALT-005788,229996,2026-07-27 04:54:33,100.0,Critical,Critical,P1,Open,Incident Response Team,Malware Infection,Immediately isolate the endpoint
ALT-005028,203199,2026-07-27 04:54:37,27.13,Medium,Low,P3,Open,Tier-1 SOC Analyst,Reconnaissance,Investigate suspicious activity
ALT-004365,174250,2026-07-27 04:54:47,100.0,Critical,Critical,P1,Resolved,Incident Response Team,Malware Infection,Immediately isolate the endpoint
ALT-002219,76235,2026-07-27 04:54:47,100.0,Critical,Critical,P1,Open,Incident Response Team,Malware Infection,Immediately isolate the endpoint
ALT-003195,114398,2026-07-27 04:55:46,100.0,Critical,Critical,P1,Investigating,Incident Response Team,Ransomware,Immediately isolate the endpoint
ALT-004436,177900,2026-07-27 04:56:07,96.35,Critical,Critical,P1,Resolved,Incident Response Team,Privilege Escalation,Immediately isolate the endpoint
ALT-003356,120131,2026-07-27 04:56:18,97.84,Critical,Critical,P1,Open,Incident Response Team,Privilege Escalation,Immediately isolate the endpoint
ALT-001200,45479,2026-07-27 04:56:39,100.0,Critical,Critical,P1,Open,Incident Response Team,Privilege Escalation,Immediately isolate the endpoint
ALT-005999,233164,2026-07-27 04:56:54,100.0,Critical,Critical,P1,Investigating,Incident Response Team,Malware Infection,Immediately isolate the endpoint
ALT-001937,65926,2026-07-27 04:57:10,100.0,Critical,Critical,P1,Resolved,Incident Response Team,Privilege Escalation,Immediately isolate the endpoint
ALT-001829,62280,2026-07-27 04:57:13,99.27,Critical,Critical,P1,Resolved,Incident Response Team,Data Exfiltration,Immediately isolate the endpoint
ALT-000083,2634,2026-07-27 04:57:23,100.0,Critical,Critical,P1,Open,Incident Response Team,Ransomware,Immediately isolate the endpoint
ALT-005165,205603,2026-07-27 04:57:30,99.16,Critical,Critical,P1,Investigating,Incident Response Team,Privilege Escalation,Immediately isolate the endpoint
ALT-002066,70482,2026-07-27 04:57:46,99.92,Critical,Critical,P1,Open,Incident Response Team,Data Exfiltration,Immediately isolate the endpoint
ALT-002490,85826,2026-07-27 04:59:20,100.0,Critical,Critical,P1,Resolved,Incident Response Team,Privilege Escalation,Immediately isolate the endpoint
ALT-004318,169623,2026-07-27 04:59:36,100.0,Critical,Critical,P1,Resolved,Incident Response Team,Privilege Escalation,Immediately isolate the endpoint
ALT-000590,21700,2026-07-27 05:00:21,100.0,Critical,Critical,P1,Open,Incident Response Team,Data Exfiltration,Immediately isolate the endpoint
ALT-005410,213177,2026-07-27 05:00:28,100.0,Critical,Critical,P1,Open,Incident Response Team,Data Exfiltration,Immediately isolate the endpoint
ALT-001966,66033,2026-07-27 05:00:54,81.84,Critical,Critical,P1,Open,Incident Response Team,Malware Infection,Immediately isolate the endpoint
ALT-000415,14699,2026-07-27 05:01:12,100.0,Critical,Critical,P1,Open,Incident Response Team,Ransomware,Immediately isolate the endpoint
ALT-000222,7759,2026-07-27 05:01:44,100.0,Critical,Critical,P1,Investigating,Incident Response Team,Ransomware,Immediately isolate the endpoint
ALT-005530,216602,2026-07-27 05:01:57,37.34,Medium,Low,P3,Open,Tier-1 SOC Analyst,Policy Violation,Investigate suspicious activity
ALT-001828,62279,2026-07-27 05:02:15,98.91,Critical,Critical,P1,Open,Incident Response Team,Privilege Escalation,Immediately isolate the endpoint
ALT-006104,235248,2026-07-27 05:02:18,100.0,Critical,Critical,P1,Open,Incident Response Team,Privilege Escalation,Immediately isolate the endpoint
ALT-003735,137628,2026-07-27 05:02:22,100.0,Critical,Critical,P1,Resolved,Incident Response Team,Ransomware,Immediately isolate the endpoint
ALT-000676,27003,2026-07-27 05:02:23,100.0,Critical,Critical,P1,Investigating,Incident Response Team,Data Exfiltration,Immediately isolate the endpoint
ALT-000387,13757,2026-07-27 05:02:24,24.6,Medium,Low,P3,Open,Tier-1 SOC Analyst,Port Scan,Investigate suspicious activity
ALT-005255,208181,2026-07-27 05:02:53,100.0,Critical,Critical,P1,Open,Incident Response Team,Malware Infection,Immediately isolate the endpoint
ALT-001889,64097,2026-07-27 05:03:09,97.64,Critical,Critical,P1,Resolved,Incident Response Team,Ransomware,Immediately isolate the endpoint
ALT-000293,10081,2026-07-27 05:03:38,100.0,Critical,Critical,P1,Investigating,Incident Response Team,Privilege Escalation,Immediately isolate the endpoint
ALT-004586,185239,2026-07-27 05:03:40,100.0,Critical,Critical,P1,Open,Incident Response Team,Malware Infection,Immediately isolate the endpoint
ALT-000787,29916,2026-07-27 05:03:51,100.0,Critical,Critical,P1,Open,Incident Response Team,Ransomware,Immediately isolate the endpoint
ALT-005401,213168,2026-07-27 05:03:52,100.0,Critical,Critical,P1,Open,Incident Response Team,Data Exfiltration,Immediately isolate the endpoint
ALT-004123,158861,2026-07-27 05:04:03,100.0,Critical,Critical,P1,Open,Incident Response Team,Data Exfiltration,Immediately isolate the endpoint
ALT-004114,158852,2026-07-27 05:04:44,100.0,Critical,Critical,P1,Open,Incident Response Team,Data Exfiltration,Immediately isolate the endpoint
ALT-000764,28169,2026-07-27 05:04:50,97.78,Critical,Critical,P1,Resolved,Incident Response Team,Privilege Escalation,Immediately isolate the endpoint
ALT-002465,85090,2026-07-27 05:04:58,100.0,Critical,Critical,P1,Open,Incident Response Team,Data Exfiltration,Immediately isolate the endpoint
ALT-005543,217550,2026-07-27 05:05:17,100.0,Critical,Critical,P1,Investigating,Incident Response Team,Ransomware,Immediately isolate the endpoint
ALT-004650,186299,2026-07-27 05:05:25,100.0,Critical,Critical,P1,Open,Incident Response Team,Data Exfiltration,Immediately isolate the endpoint
ALT-002030,69529,2026-07-27 05:05:31,100.0,Critical,Critical,P1,Investigating,Incident Response Team,Malware Infection,Immediately isolate the endpoint
ALT-003485,126462,2026-07-27 05:05:42,98.7,Critical,Critical,P1,Investigating,Incident Response Team,Malware Infection,Immediately isolate the endpoint
ALT-002557,90722,2026-07-27 05:05:43,99.8,Critical,Critical,P1,Open,Incident Response Team,Data Exfiltration,Immediately isolate the endpoint
ALT-000175,5421,2026-07-27 05:06:09,100.0,Critical,Critical,P1,Open,Incident Response Team,Data Exfiltration,Immediately isolate the endpoint
ALT-005338,210987,2026-07-27 05:06:34,52.9,High,Medium,P2,Investigating,Tier-2 SOC Analyst,Unauthorized Access,Notify security team
ALT-003403,121283,2026-07-27 05:06:42,100.0,Critical,Critical,P1,Open,Incident Response Team,Privilege Escalation,Immediately isolate the endpoint
ALT-005808,230611,2026-07-27 05:06:44,96.43,Critical,Critical,P1,Open,Incident Response Team,Ransomware,Immediately isolate the endpoint
ALT-000725,27554,2026-07-27 05:06:45,20.35,Medium,Low,P3,Open,Tier-1 SOC Analyst,Policy Violation,Investigate suspicious activity
ALT-005939,232149,2026-07-27 05:06:52,99.97,Critical,Critical,P1,Resolved,Incident Response Team,Ransomware,Immediately isolate the endpoint
ALT-004763,196687,2026-07-27 05:06:59,22.97,Medium,Low,P3,Open,Tier-1 SOC Analyst,Policy Violation,Investigate suspicious activity
ALT-005515,216380,2026-07-27 05:07:14,21.01,Medium,Low,P3,Investigating,Tier-1 SOC Analyst,Port Scan,Investigate suspicious activity
ALT-000788,29917,2026-07-27 05:07:22,100.0,Critical,Critical,P1,Open,Incident Response Team,Data Exfiltration,Immediately isolate the endpoint
ALT-001404,52558,2026-07-27 05:07:43,45.59,Medium,Low,P3,Investigating,Tier-1 SOC Analyst,Reconnaissance,Investigate suspicious activity
ALT-005406,213173,2026-07-27 05:07:57,100.0,Critical,Critical,P1,Open,Incident Response Team,Ransomware,Immediately isolate the endpoint
ALT-005771,229979,2026-07-27 05:08:18,100.0,Critical,Critical,P1,Investigating,Incident Response Team,Ransomware,Immediately isolate the endpoint
ALT-002956,108524,2026-07-27 05:08:19,25.03,Medium,Low,P3,Open,Tier-1 SOC Analyst,Reconnaissance,Investigate suspicious activity
ALT-000760,28165,2026-07-27 05:08:24,97.09,Critical,Critical,P1,Investigating,Incident Response Team,Ransomware,Immediately isolate the endpoint
ALT-004459,180533,2026-07-27 05:08:32,100.0,Critical,Critical,P1,Investigating,Incident Response Team,Privilege Escalation,Immediately isolate the endpoint
ALT-004341,172525,2026-07-27 05:08:49,100.0,Critical,Critical,P1,Open,Incident Response Team,Ransomware,Immediately isolate the endpoint
ALT-002477,85376,2026-07-27 05:08:55,24.4,Medium,Low,P3,Open,Tier-1 SOC Analyst,Reconnaissance,Investigate suspicious activity
ALT-000085,2636,2026-07-27 05:09:04,99.04,Critical,Critical,P1,Open,Incident Response Team,Privilege Escalation,Immediately isolate the endpoint
ALT-001915,64517,2026-07-27 05:09:24,100.0,Critical,Critical,P1,Open,Incident Response Team,Data Exfiltration,Immediately isolate the endpoint
ALT-004283,167678,2026-07-27 05:09:25,99.92,Critical,Critical,P1,Investigating,Incident Response Team,Malware Infection,Immediately isolate the endpoint
ALT-002642,92181,2026-07-27 05:09:32,100.0,Critical,Critical,P1,Open,Incident Response Team,Data Exfiltration,Immediately isolate the endpoint
ALT-005124,204247,2026-07-27 05:09:47,100.0,Critical,Critical,P1,Open,Incident Response Team,Privilege Escalation,Immediately isolate the endpoint
ALT-000779,29908,2026-07-27 05:10:04,100.0,Critical,Critical,P1,Investigating,Incident Response Team,Privilege Escalation,Immediately isolate the endpoint
ALT-005654,225046,2026-07-27 05:10:08,100.0,Critical,Critical,P1,Open,Incident Response Team,Malware Infection,Immediately isolate the endpoint
ALT-004966,202766,2026-07-27 05:10:11,72.99,High,Medium,P2,Open,Tier-2 SOC Analyst,Suspicious Login,Notify security team
ALT-004380,174754,2026-07-27 05:10:14,38.66,Medium,Low,P3,Open,Tier-1 SOC Analyst,Port Scan,Investigate suspicious activity
ALT-001651,58833,2026-07-27 05:10:32,100.0,Critical,Critical,P1,Resolved,Incident Response Team,Data Exfiltration,Immediately isolate the endpoint
ALT-000491,17648,2026-07-27 05:10:34,99.4,Critical,Critical,P1,Investigating,Incident Response Team,Data Exfiltration,Immediately isolate the endpoint
ALT-000120,4181,2026-07-27 05:11:01,100.0,Critical,Critical,P1,Investigating,Incident Response Team,Privilege Escalation,Immediately isolate the endpoint
ALT-000280,10068,2026-07-27 05:11:02,100.0,Critical,Critical,P1,Open,Incident Response Team,Ransomware,Immediately isolate the endpoint
ALT-005108,204231,2026-07-27 05:11:12,100.0,Critical,Critical,P1,Investigating,Incident Response Team,Malware Infection,Immediately isolate the endpoint
ALT-003984,149819,2026-07-27 05:11:16,21.69,Medium,Low,P3,Open,Tier-1 SOC Analyst,Abnormal Traffic,Investigate suspicious activity
ALT-004976,202776,2026-07-27 05:11:17,64.07,High,Medium,P2,Open,Tier-2 SOC Analyst,Unauthorized Access,Notify security team
ALT-002742,98842,2026-07-27 05:11:26,99.94,Critical,Critical,P1,Open,Incident Response Team,Ransomware,Immediately isolate the endpoint
ALT-001080,43599,2026-07-27 05:11:33,99.63,Critical,Critical,P1,Open,Incident Response Team,Data Exfiltration,Immediately isolate the endpoint
ALT-002476,85375,2026-07-27 05:11:39,28.88,Medium,Low,P3,Open,Tier-1 SOC Analyst,Abnormal Traffic,Investigate suspicious activity
ALT-000461,15575,2026-07-27 05:12:13,100.0,Critical,Critical,P1,Open,Incident Response Team,Ransomware,Immediately isolate the endpoint
ALT-001291,47215,2026-07-27 05:12:19,57.52,High,Medium,P2,Open,Tier-2 SOC Analyst,Brute Force Attack,Notify security team
ALT-002874,104017,2026-07-27 05:12:26,100.0,Critical,Critical,P1,Open,Incident Response Team,Privilege Escalation,Immediately isolate the endpoint
ALT-005974,232707,2026-07-27 05:12:46,98.74,Critical,Critical,P1,Investigating,Incident Response Team,Malware Infection,Immediately isolate the endpoint
ALT-005570,218196,2026-07-27 05:12:51,99.97,Critical,Critical,P1,Open,Incident Response Team,Ransomware,Immediately isolate the endpoint
ALT-004940,201975,2026-07-27 05:12:58,100.0,Critical,Critical,P1,Investigating,Incident Response Team,Ransomware,Immediately isolate the endpoint
ALT-002739,98839,2026-07-27 05:13:26,100.0,Critical,Critical,P1,Open,Incident Response Team,Privilege Escalation,Immediately isolate the endpoint
ALT-005217,207271,2026-07-27 05:13:33,100.0,Critical,Critical,P1,Investigating,Incident Response Team,Malware Infection,Immediately isolate the endpoint
ALT-002736,98836,2026-07-27 05:13:35,100.0,Critical,Critical,P1,Open,Incident Response Team,Malware Infection,Immediately isolate the endpoint
ALT-002555,90720,2026-07-27 05:14:10,100.0,Critical,Critical,P1,Open,Incident Response Team,Ransomware,Immediately isolate the endpoint
ALT-005267,208409,2026-07-27 05:14:44,100.0,Critical,Critical,P1,Open,Incident Response Team,Data Exfiltration,Immediately isolate the endpoint
ALT-003614,131721,2026-07-27 05:14:46,100.0,Critical,Critical,P1,Investigating,Incident Response Team,Privilege Escalation,Immediately isolate the endpoint
ALT-003758,137986,2026-07-27 05:14:55,99.71,Critical,Critical,P1,Investigating,Incident Response Team,Data Exfiltration,Immediately isolate the endpoint
ALT-003351,120126,2026-07-27 05:15:37,97.74,Critical,Critical,P1,Open,Incident Response Team,Malware Infection,Immediately isolate the endpoint
ALT-003595,131702,2026-07-27 05:15:56,100.0,Critical,Critical,P1,Open,Incident Response Team,Ransomware,Immediately isolate the endpoint
ALT-000250,9915,2026-07-27 05:15:58,58.57,High,Medium,P2,Investigating,Tier-2 SOC Analyst,Suspicious Login,Notify security team
ALT-001638,58820,2026-07-27 05:15:59,100.0,Critical,Critical,P1,Investigating,Incident Response Team,Privilege Escalation,Immediately isolate the endpoint
ALT-001464,53792,2026-07-27 05:16:11,58.31,High,Medium,P2,Open,Tier-2 SOC Analyst,Network Intrusion,Notify security team
ALT-003008,108762,2026-07-27 05:16:11,100.0,Critical,Critical,P1,Open,Incident Response Team,Data Exfiltration,Immediately isolate the endpoint
ALT-005736,229294,2026-07-27 05:16:12,40.19,Medium,Low,P3,Open,Tier-1 SOC Analyst,Policy Violation,Investigate suspicious activity
ALT-000570,21680,2026-07-27 05:16:40,100.0,Critical,Critical,P1,Investigating,Incident Response Team,Privilege Escalation,Immediately isolate the endpoint
ALT-002411,84068,2026-07-27 05:16:43,100.0,Critical,Critical,P1,Open,Incident Response Team,Data Exfiltration,Immediately isolate the endpoint
ALT-003649,136392,2026-07-27 05:16:48,100.0,Critical,Critical,P1,Resolved,Incident Response Team,Data Exfiltration,Immediately isolate the endpoint
ALT-003416,121711,2026-07-27 05:16:51,70.1,High,Medium,P2,Open,Tier-2 SOC Analyst,Network Intrusion,Notify security team
ALT-003474,126451,2026-07-27 05:16:59,100.0,Critical,Critical,P1,Open,Incident Response Team,Ransomware,Immediately isolate the endpoint
ALT-002366,83777,2026-07-27 05:17:23,46.92,Medium,Low,P3,Open,Tier-1 SOC Analyst,Reconnaissance,Investigate suspicious activity
ALT-005731,229289,2026-07-27 05:17:29,20.8,Medium,Low,P3,Resolved,Tier-1 SOC Analyst,Port Scan,Investigate suspicious activity
ALT-006009,233877,2026-07-27 05:18:03,100.0,Critical,Critical,P1,Investigating,Incident Response Team,Privilege Escalation,Immediately isolate the endpoint
ALT-005802,230536,2026-07-27 05:18:30,100.0,Critical,Critical,P1,Open,Incident Response Team,Data Exfiltration,Immediately isolate the endpoint
ALT-003960,149291,2026-07-27 05:18:34,99.96,Critical,Critical,P1,Investigating,Incident Response Team,Ransomware,Immediately isolate the endpoint
ALT-002238,77695,2026-07-27 05:18:36,100.0,Critical,Critical,P1,Open,Incident Response Team,Data Exfiltration,Immediately isolate the endpoint
ALT-002176,75896,2026-07-27 05:18:39,33.74,Medium,Low,P3,Open,Tier-1 SOC Analyst,Abnormal Traffic,Investigate suspicious activity
ALT-002171,75891,2026-07-27 05:19:03,30.84,Medium,Low,P3,Open,Tier-1 SOC Analyst,Policy Violation,Investigate suspicious activity
ALT-000846,32738,2026-07-27 05:19:14,100.0,Critical,Critical,P1,Open,Incident Response Team,Data Exfiltration,Immediately isolate the endpoint
ALT-000103,2654,2026-07-27 05:19:30,99.18,Critical,Critical,P1,Open,Incident Response Team,Malware Infection,Immediately isolate the endpoint
ALT-000270,10058,2026-07-27 05:19:43,100.0,Critical,Critical,P1,Resolved,Incident Response Team,Privilege Escalation,Immediately isolate the endpoint
ALT-001929,65918,2026-07-27 05:19:48,100.0,Critical,Critical,P1,Open,Incident Response Team,Privilege Escalation,Immediately isolate the endpoint
ALT-004194,161299,2026-07-27 05:20:04,51.04,High,Medium,P2,Resolved,Tier-2 SOC Analyst,Brute Force Attack,Notify security team
ALT-001831,62282,2026-07-27 05:20:06,99.44,Critical,Critical,P1,Open,Incident Response Team,Privilege Escalation,Immediately isolate the endpoint
ALT-004804,199625,2026-07-27 05:20:18,100.0,Critical,Critical,P1,Investigating,Incident Response Team,Data Exfiltration,Immediately isolate the endpoint
ALT-004743,193649,2026-07-27 05:20:26,100.0,Critical,Critical,P1,Open,Incident Response Team,Data Exfiltration,Immediately isolate the endpoint
ALT-005846,230828,2026-07-27 05:20:40,99.91,Critical,Critical,P1,Open,Incident Response Team,Ransomware,Immediately isolate the endpoint
ALT-003602,131709,2026-07-27 05:21:12,100.0,Critical,Critical,P1,Open,Incident Response Team,Data Exfiltration,Immediately isolate the endpoint
ALT-006157,238111,2026-07-27 05:21:34,100.0,Critical,Critical,P1,Open,Incident Response Team,Malware Infection,Immediately isolate the endpoint
ALT-002567,90971,2026-07-27 05:21:57,100.0,Critical,Critical,P1,Investigating,Incident Response Team,Privilege Escalation,Immediately isolate the endpoint
ALT-000118,4179,2026-07-27 05:21:58,100.0,Critical,Critical,P1,Open,Incident Response Team,Ransomware,Immediately isolate the endpoint
ALT-001310,49246,2026-07-27 05:22:07,99.98,Critical,Critical,P1,Investigating,Incident Response Team,Malware Infection,Immediately isolate the endpoint
ALT-004893,201533,2026-07-27 05:22:15,99.99,Critical,Critical,P1,Open,Incident Response Team,Data Exfiltration,Immediately isolate the endpoint
ALT-001008,40464,2026-07-27 05:22:58,100.0,Critical,Critical,P1,Open,Incident Response Team,Privilege Escalation,Immediately isolate the endpoint
ALT-005977,232710,2026-07-27 05:23:01,98.96,Critical,Critical,P1,Open,Incident Response Team,Ransomware,Immediately isolate the endpoint
ALT-000184,5721,2026-07-27 05:23:15,99.94,Critical,Critical,P1,Resolved,Incident Response Team,Privilege Escalation,Immediately isolate the endpoint
ALT-001870,63867,2026-07-27 05:23:58,28.56,Medium,Low,P3,Investigating,Tier-1 SOC Analyst,Policy Violation,Investigate suspicious activity
ALT-005925,232135,2026-07-27 05:24:23,100.0,Critical,Critical,P1,Open,Incident Response Team,Privilege Escalation,Immediately isolate the endpoint
ALT-004594,185247,2026-07-27 05:24:35,100.0,Critical,Critical,P1,Open,Incident Response Team,Ransomware,Immediately isolate the endpoint
ALT-000457,15571,2026-07-27 05:24:51,100.0,Critical,Critical,P1,Open,Incident Response Team,Privilege Escalation,Immediately isolate the endpoint
ALT-004558,182822,2026-07-27 05:24:53,50.66,High,Medium,P2,Resolved,Tier-2 SOC Analyst,Suspicious Login,Notify security team
ALT-005394,213161,2026-07-27 05:24:54,100.0,Critical,Critical,P1,Investigating,Incident Response Team,Ransomware,Immediately isolate the endpoint
ALT-002899,105793,2026-07-27 05:24:54,99.93,Critical,Critical,P1,Open,Incident Response Team,Privilege Escalation,Immediately isolate the endpoint
ALT-000041,2383,2026-07-27 05:25:12,97.99,Critical,Critical,P1,Open,Incident Response Team,Privilege Escalation,Immediately isolate the endpoint
ALT-005973,232706,2026-07-27 05:25:24,98.75,Critical,Critical,P1,Open,Incident Response Team,Data Exfiltration,Immediately isolate the endpoint
ALT-000233,9490,2026-07-27 05:25:44,99.61,Critical,Critical,P1,Resolved,Incident Response Team,Privilege Escalation,Immediately isolate the endpoint
ALT-001208,45487,2026-07-27 05:26:03,100.0,Critical,Critical,P1,Open,Incident Response Team,Data Exfiltration,Immediately isolate the endpoint
ALT-001565,55935,2026-07-27 05:26:07,100.0,Critical,Critical,P1,Investigating,Incident Response Team,Ransomware,Immediately isolate the endpoint
ALT-001264,47005,2026-07-27 05:26:32,99.99,Critical,Critical,P1,Open,Incident Response Team,Malware Infection,Immediately isolate the endpoint
ALT-004616,185269,2026-07-27 05:26:33,100.0,Critical,Critical,P1,Investigating,Incident Response Team,Ransomware,Immediately isolate the endpoint
ALT-002542,86294,2026-07-27 05:26:41,48.95,Medium,Low,P3,Investigating,Tier-1 SOC Analyst,Policy Violation,Investigate suspicious activity
ALT-003419,121714,2026-07-27 05:26:54,71.74,High,Medium,P2,Investigating,Tier-2 SOC Analyst,Brute Force Attack,Notify security team
ALT-004701,189111,2026-07-27 05:26:56,100.0,Critical,Critical,P1,Investigating,Incident Response Team,Ransomware,Immediately isolate the endpoint
ALT-002686,98110,2026-07-27 05:27:22,100.0,Critical,Critical,P1,Investigating,Incident Response Team,Data Exfiltration,Immediately isolate the endpoint
ALT-004163,159382,2026-07-27 05:27:37,100.0,Critical,Critical,P1,Open,Incident Response Team,Data Exfiltration,Immediately isolate the endpoint
ALT-002438,85063,2026-07-27 05:28:02,100.0,Critical,Critical,P1,Open,Incident Response Team,Data Exfiltration,Immediately isolate the endpoint
ALT-001213,45975,2026-07-27 05:28:26,100.0,Critical,Critical,P1,Open,Incident Response Team,Malware Infection,Immediately isolate the endpoint
ALT-001995,67000,2026-07-27 05:28:51,99.87,Critical,Critical,P1,Resolved,Incident Response Team,Malware Infection,Immediately isolate the endpoint
ALT-001986,66991,2026-07-27 05:29:02,99.86,Critical,Critical,P1,Open,Incident Response Team,Data Exfiltration,Immediately isolate the endpoint
ALT-004244,166316,2026-07-27 05:29:23,100.0,Critical,Critical,P1,Investigating,Incident Response Team,Ransomware,Immediately isolate the endpoint
ALT-004945,202477,2026-07-27 05:29:27,100.0,Critical,Critical,P1,Investigating,Incident Response Team,Privilege Escalation,Immediately isolate the endpoint
ALT-003132,112211,2026-07-27 05:29:34,31.78,Medium,Low,P3,Open,Tier-1 SOC Analyst,Abnormal Traffic,Investigate suspicious activity
ALT-001259,47000,2026-07-27 05:29:34,100.0,Critical,Critical,P1,Open,Incident Response Team,Ransomware,Immediately isolate the endpoint
ALT-005392,213159,2026-07-27 05:29:49,100.0,Critical,Critical,P1,Open,Incident Response Team,Malware Infection,Immediately isolate the endpoint
ALT-003179,114382,2026-07-27 05:30:33,100.0,Critical,Critical,P1,Open,Incident Response Team,Privilege Escalation,Immediately isolate the endpoint
ALT-002461,85086,2026-07-27 05:30:34,100.0,Critical,Critical,P1,Open,Incident Response Team,Ransomware,Immediately isolate the endpoint
ALT-005673,225188,2026-07-27 05:30:39,100.0,Critical,Critical,P1,Open,Incident Response Team,Malware Infection,Immediately isolate the endpoint
ALT-005004,202882,2026-07-27 05:30:48,27.94,Medium,Low,P3,Investigating,Tier-1 SOC Analyst,Policy Violation,Investigate suspicious activity
ALT-003068,110875,2026-07-27 05:30:51,100.0,Critical,Critical,P1,Resolved,Incident Response Team,Data Exfiltration,Immediately isolate the endpoint
ALT-003399,121279,2026-07-27 05:31:12,100.0,Critical,Critical,P1,Open,Incident Response Team,Ransomware,Immediately isolate the endpoint
ALT-003804,140904,2026-07-27 05:31:16,100.0,Critical,Critical,P1,Open,Incident Response Team,Data Exfiltration,Immediately isolate the endpoint
ALT-004266,167141,2026-07-27 05:31:16,100.0,Critical,Critical,P1,Open,Incident Response Team,Ransomware,Immediately isolate the endpoint
ALT-005916,232126,2026-07-27 05:31:29,99.97,Critical,Critical,P1,Investigating,Incident Response Team,Data Exfiltration,Immediately isolate the endpoint
ALT-001634,58816,2026-07-27 05:31:34,100.0,Critical,Critical,P1,Investigating,Incident Response Team,Malware Infection,Immediately isolate the endpoint
ALT-000773,29902,2026-07-27 05:31:41,100.0,Critical,Critical,P1,Open,Incident Response Team,Privilege Escalation,Immediately isolate the endpoint
ALT-004921,201956,2026-07-27 05:32:06,100.0,Critical,Critical,P1,Open,Incident Response Team,Privilege Escalation,Immediately isolate the endpoint
ALT-003942,148416,2026-07-27 05:33:14,99.93,Critical,Critical,P1,Investigating,Incident Response Team,Ransomware,Immediately isolate the endpoint
ALT-002984,108738,2026-07-27 05:33:22,100.0,Critical,Critical,P1,Investigating,Incident Response Team,Malware Infection,Immediately isolate the endpoint
ALT-001532,54831,2026-07-27 05:33:32,100.0,Critical,Critical,P1,Open,Incident Response Team,Data Exfiltration,Immediately isolate the endpoint
ALT-001668,58892,2026-07-27 05:33:42,98.78,Critical,Critical,P1,Investigating,Incident Response Team,Privilege Escalation,Immediately isolate the endpoint
ALT-002664,96171,2026-07-27 05:34:28,100.0,Critical,Critical,P1,Open,Incident Response Team,Malware Infection,Immediately isolate the endpoint
ALT-002525,86277,2026-07-27 05:34:37,39.27,Medium,Low,P3,Open,Tier-1 SOC Analyst,Port Scan,Investigate suspicious activity
ALT-001011,40467,2026-07-27 05:34:47,100.0,Critical,Critical,P1,Investigating,Incident Response Team,Data Exfiltration,Immediately isolate the endpoint
ALT-004564,184167,2026-07-27 05:34:48,100.0,Critical,Critical,P1,Investigating,Incident Response Team,Data Exfiltration,Immediately isolate the endpoint
ALT-002822,103424,2026-07-27 05:34:51,100.0,Critical,Critical,P1,Open,Incident Response Team,Ransomware,Immediately isolate the endpoint
ALT-002410,84067,2026-07-27 05:35:28,100.0,Critical,Critical,P1,Resolved,Incident Response Team,Malware Infection,Immediately isolate the endpoint
ALT-004135,159354,2026-07-27 05:35:28,99.28,Critical,Critical,P1,Open,Incident Response Team,Ransomware,Immediately isolate the endpoint
ALT-006051,234098,2026-07-27 05:35:35,100.0,Critical,Critical,P1,Investigating,Incident Response Team,Data Exfiltration,Immediately isolate the endpoint
ALT-005758,229617,2026-07-27 05:36:18,100.0,Critical,Critical,P1,Open,Incident Response Team,Privilege Escalation,Immediately isolate the endpoint
ALT-003170,114373,2026-07-27 05:36:20,100.0,Critical,Critical,P1,Investigating,Incident Response Team,Malware Infection,Immediately isolate the endpoint
ALT-003134,112213,2026-07-27 05:36:23,28.9,Medium,Low,P3,Resolved,Tier-1 SOC Analyst,Abnormal Traffic,Investigate suspicious activity
ALT-000354,13157,2026-07-27 05:36:29,100.0,Critical,Critical,P1,Open,Incident Response Team,Data Exfiltration,Immediately isolate the endpoint
ALT-000965,38862,2026-07-27 05:36:31,100.0,Critical,Critical,P1,Resolved,Incident Response Team,Malware Infection,Immediately isolate the endpoint
ALT-003199,114402,2026-07-27 05:36:38,100.0,Critical,Critical,P1,Investigating,Incident Response Team,Malware Infection,Immediately isolate the endpoint
ALT-003217,114587,2026-07-27 05:36:41,97.99,Critical,Critical,P1,Investigating,Incident Response Team,Ransomware,Immediately isolate the endpoint
ALT-001885,64093,2026-07-27 05:36:42,100.0,Critical,Critical,P1,Open,Incident Response Team,Ransomware,Immediately isolate the endpoint
ALT-005635,223718,2026-07-27 05:36:49,99.62,Critical,Critical,P1,Investigating,Incident Response Team,Malware Infection,Immediately isolate the endpoint
ALT-002107,70770,2026-07-27 05:37:14,100.0,Critical,Critical,P1,Investigating,Incident Response Team,Malware Infection,Immediately isolate the endpoint
ALT-000929,35106,2026-07-27 05:38:09,100.0,Critical,Critical,P1,Open,Incident Response Team,Privilege Escalation,Immediately isolate the endpoint
ALT-003538,127920,2026-07-27 05:38:37,100.0,Critical,Critical,P1,Resolved,Incident Response Team,Privilege Escalation,Immediately isolate the endpoint
ALT-003877,142681,2026-07-27 05:39:23,100.0,Critical,Critical,P1,Open,Incident Response Team,Ransomware,Immediately isolate the endpoint
ALT-004087,158640,2026-07-27 05:39:28,69.91,High,Medium,P2,Open,Tier-2 SOC Analyst,Suspicious Login,Notify security team
ALT-005337,210727,2026-07-27 05:39:44,52.73,High,Medium,P2,Open,Tier-2 SOC Analyst,Network Intrusion,Notify security team
ALT-003908,146568,2026-07-27 05:40:12,57.72,High,Medium,P2,Open,Tier-2 SOC Analyst,Unauthorized Access,Notify security team
ALT-006018,233886,2026-07-27 05:40:12,100.0,Critical,Critical,P1,Investigating,Incident Response Team,Data Exfiltration,Immediately isolate the endpoint
ALT-005558,217565,2026-07-27 05:40:17,99.02,Critical,Critical,P1,Open,Incident Response Team,Data Exfiltration,Immediately isolate the endpoint
ALT-003565,130467,2026-07-27 05:40:21,100.0,Critical,Critical,P1,Resolved,Incident Response Team,Privilege Escalation,Immediately isolate the endpoint
ALT-001812,62263,2026-07-27 05:41:06,100.0,Critical,Critical,P1,Open,Incident Response Team,Privilege Escalation,Immediately isolate the endpoint
ALT-000523,19828,2026-07-27 05:41:12,98.73,Critical,Critical,P1,Open,Incident Response Team,Privilege Escalation,Immediately isolate the endpoint
ALT-001159,44908,2026-07-27 05:41:17,66.9,High,Medium,P2,Open,Tier-2 SOC Analyst,Suspicious Login,Notify security team
ALT-003720,137613,2026-07-27 05:41:24,100.0,Critical,Critical,P1,Open,Incident Response Team,Data Exfiltration,Immediately isolate the endpoint
ALT-000153,4892,2026-07-27 05:41:52,24.37,Medium,Low,P3,Resolved,Tier-1 SOC Analyst,Reconnaissance,Investigate suspicious activity
ALT-004288,167683,2026-07-27 05:42:00,99.94,Critical,Critical,P1,Investigating,Incident Response Team,Ransomware,Immediately isolate the endpoint
ALT-000013,1774,2026-07-27 05:42:02,100.0,Critical,Critical,P1,Investigating,Incident Response Team,Privilege Escalation,Immediately isolate the endpoint
ALT-002535,86287,2026-07-27 05:42:04,38.03,Medium,Low,P3,Open,Tier-1 SOC Analyst,Abnormal Traffic,Investigate suspicious activity
ALT-003886,142690,2026-07-27 05:42:12,100.0,Critical,Critical,P1,Open,Incident Response Team,Privilege Escalation,Immediately isolate the endpoint
ALT-005539,216611,2026-07-27 05:42:28,27.45,Medium,Low,P3,Open,Tier-1 SOC Analyst,Port Scan,Investigate suspicious activity
ALT-005650,225042,2026-07-27 05:43:07,100.0,Critical,Critical,P1,Open,Incident Response Team,Ransomware,Immediately isolate the endpoint
ALT-002538,86290,2026-07-27 05:43:27,39.37,Medium,Low,P3,Open,Tier-1 SOC Analyst,Policy Violation,Investigate suspicious activity
ALT-005743,229301,2026-07-27 05:43:35,40.75,Medium,Low,P3,Investigating,Tier-1 SOC Analyst,Policy Violation,Investigate suspicious activity
ALT-001799,61228,2026-07-27 05:43:54,99.53,Critical,Critical,P1,Open,Incident Response Team,Privilege Escalation,Immediately isolate the endpoint
ALT-004914,201554,2026-07-27 05:43:56,100.0,Critical,Critical,P1,Investigating,Incident Response Team,Privilege Escalation,Immediately isolate the endpoint
ALT-003281,117569,2026-07-27 05:44:16,100.0,Critical,Critical,P1,Open,Incident Response Team,Data Exfiltration,Immediately isolate the endpoint
ALT-001444,52868,2026-07-27 05:44:21,53.8,High,Medium,P2,Open,Tier-2 SOC Analyst,Suspicious Login,Notify security team
ALT-004739,191734,2026-07-27 05:44:25,100.0,Critical,Critical,P1,Investigating,Incident Response Team,Privilege Escalation,Immediately isolate the endpoint
ALT-004776,196701,2026-07-27 05:45:29,27.79,Medium,Low,P3,Open,Tier-1 SOC Analyst,Reconnaissance,Investigate suspicious activity
ALT-001027,40483,2026-07-27 05:46:17,100.0,Critical,Critical,P1,Investigating,Incident Response Team,Data Exfiltration,Immediately isolate the endpoint
ALT-003548,128096,2026-07-27 05:46:26,100.0,Critical,Critical,P1,Investigating,Incident Response Team,Malware Infection,Immediately isolate the endpoint
ALT-000909,35086,2026-07-27 05:46:52,100.0,Critical,Critical,P1,Open,Incident Response Team,Data Exfiltration,Immediately isolate the endpoint
ALT-001791,61220,2026-07-27 05:46:57,99.5,Critical,Critical,P1,Resolved,Incident Response Team,Privilege Escalation,Immediately isolate the endpoint
ALT-005730,229288,2026-07-27 05:46:59,35.36,Medium,Low,P3,Open,Tier-1 SOC Analyst,Port Scan,Investigate suspicious activity
ALT-004968,202768,2026-07-27 05:47:22,66.49,High,Medium,P2,Open,Tier-2 SOC Analyst,Unauthorized Access,Notify security team
ALT-000884,34294,2026-07-27 05:47:26,100.0,Critical,Critical,P1,Investigating,Incident Response Team,Ransomware,Immediately isolate the endpoint
ALT-005567,218193,2026-07-27 05:47:27,99.95,Critical,Critical,P1,Open,Incident Response Team,Privilege Escalation,Immediately isolate the endpoint
ALT-006050,234097,2026-07-27 05:47:28,100.0,Critical,Critical,P1,Investigating,Incident Response Team,Data Exfiltration,Immediately isolate the endpoint
ALT-000722,27546,2026-07-27 05:47:33,22.23,Medium,Low,P3,Investigating,Tier-1 SOC Analyst,Reconnaissance,Investigate suspicious activity
ALT-004150,159369,2026-07-27 05:47:42,99.35,Critical,Critical,P1,Resolved,Incident Response Team,Malware Infection,Immediately isolate the endpoint
ALT-005689,225204,2026-07-27 05:48:22,100.0,Critical,Critical,P1,Open,Incident Response Team,Ransomware,Immediately isolate the endpoint
ALT-003482,126459,2026-07-27 05:48:36,98.81,Critical,Critical,P1,Open,Incident Response Team,Malware Infection,Immediately isolate the endpoint
ALT-000264,9932,2026-07-27 05:48:39,61.46,High,Medium,P2,Investigating,Tier-2 SOC Analyst,Network Intrusion,Notify security team
ALT-001605,57491,2026-07-27 05:48:40,100.0,Critical,Critical,P1,Open,Incident Response Team,Malware Infection,Immediately isolate the endpoint
ALT-001672,58896,2026-07-27 05:48:41,99.04,Critical,Critical,P1,Open,Incident Response Team,Privilege Escalation,Immediately isolate the endpoint
ALT-002553,90718,2026-07-27 05:48:47,100.0,Critical,Critical,P1,Open,Incident Response Team,Privilege Escalation,Immediately isolate the endpoint
ALT-003510,126667,2026-07-27 05:49:02,98.69,Critical,Critical,P1,Open,Incident Response Team,Malware Infection,Immediately isolate the endpoint
ALT-003228,115138,2026-07-27 05:49:12,100.0,Critical,Critical,P1,Open,Incident Response Team,Privilege Escalation,Immediately isolate the endpoint
ALT-006036,234083,2026-07-27 05:49:14,100.0,Critical,Critical,P1,Investigating,Incident Response Team,Ransomware,Immediately isolate the endpoint
ALT-000480,17637,2026-07-27 05:49:27,99.4,Critical,Critical,P1,Investigating,Incident Response Team,Ransomware,Immediately isolate the endpoint
ALT-006045,234092,2026-07-27 05:49:35,100.0,Critical,Critical,P1,Open,Incident Response Team,Ransomware,Immediately isolate the endpoint
ALT-003519,126676,2026-07-27 05:49:37,98.99,Critical,Critical,P1,Open,Incident Response Team,Data Exfiltration,Immediately isolate the endpoint
ALT-002173,75893,2026-07-27 05:49:37,29.71,Medium,Low,P3,Open,Tier-1 SOC Analyst,Abnormal Traffic,Investigate suspicious activity
ALT-003742,137635,2026-07-27 05:49:54,100.0,Critical,Critical,P1,Investigating,Incident Response Team,Data Exfiltration,Immediately isolate the endpoint
ALT-000643,26266,2026-07-27 05:50:04,100.0,Critical,Critical,P1,Open,Incident Response Team,Malware Infection,Immediately isolate the endpoint
ALT-005613,223406,2026-07-27 05:50:11,100.0,Critical,Critical,P1,Investigating,Incident Response Team,Malware Infection,Immediately isolate the endpoint
ALT-003924,147832,2026-07-27 05:50:16,100.0,Critical,Critical,P1,Open,Incident Response Team,Malware Infection,Immediately isolate the endpoint
ALT-001099,44818,2026-07-27 05:50:39,100.0,Critical,Critical,P1,Investigating,Incident Response Team,Malware Infection,Immediately isolate the endpoint
ALT-003296,118037,2026-07-27 05:50:41,100.0,Critical,Critical,P1,Open,Incident Response Team,Data Exfiltration,Immediately isolate the endpoint
ALT-000986,40000,2026-07-27 05:50:47,100.0,Critical,Critical,P1,Investigating,Incident Response Team,Privilege Escalation,Immediately isolate the endpoint
ALT-002530,86282,2026-07-27 05:50:58,37.29,Medium,Low,P3,Open,Tier-1 SOC Analyst,Policy Violation,Investigate suspicious activity
ALT-003555,130457,2026-07-27 05:51:10,100.0,Critical,Critical,P1,Investigating,Incident Response Team,Privilege Escalation,Immediately isolate the endpoint
ALT-004363,174248,2026-07-27 05:51:20,100.0,Critical,Critical,P1,Open,Incident Response Team,Data Exfiltration,Immediately isolate the endpoint
ALT-004585,185238,2026-07-27 05:51:55,100.0,Critical,Critical,P1,Investigating,Incident Response Team,Data Exfiltration,Immediately isolate the endpoint
ALT-001579,56185,2026-07-27 05:52:12,100.0,Critical,Critical,P1,Investigating,Incident Response Team,Malware Infection,Immediately isolate the endpoint
ALT-000698,27209,2026-07-27 05:52:13,100.0,Critical,Critical,P1,Open,Incident Response Team,Malware Infection,Immediately isolate the endpoint
ALT-001923,64525,2026-07-27 05:52:19,99.99,Critical,Critical,P1,Investigating,Incident Response Team,Data Exfiltration,Immediately isolate the endpoint
ALT-002925,107955,2026-07-27 05:52:30,100.0,Critical,Critical,P1,Open,Incident Response Team,Data Exfiltration,Immediately isolate the endpoint
ALT-005747,229308,2026-07-27 05:52:45,50.65,High,Medium,P2,Open,Tier-2 SOC Analyst,Brute Force Attack,Notify security team
ALT-001223,45985,2026-07-27 05:53:04,100.0,Critical,Critical,P1,Open,Incident Response Team,Malware Infection,Immediately isolate the endpoint
ALT-000699,27210,2026-07-27 05:53:31,100.0,Critical,Critical,P1,Open,Incident Response Team,Privilege Escalation,Immediately isolate the endpoint
ALT-000752,28157,2026-07-27 05:54:07,97.95,Critical,Critical,P1,Investigating,Incident Response Team,Data Exfiltration,Immediately isolate the endpoint
ALT-001438,52862,2026-07-27 05:54:27,45.84,Medium,Low,P3,Investigating,Tier-1 SOC Analyst,Reconnaissance,Investigate suspicious activity
ALT-003839,142176,2026-07-27 05:54:29,100.0,Critical,Critical,P1,Open,Incident Response Team,Ransomware,Immediately isolate the endpoint
ALT-004122,158860,2026-07-27 05:54:31,100.0,Critical,Critical,P1,Open,Incident Response Team,Malware Infection,Immediately isolate the endpoint
ALT-001645,58827,2026-07-27 05:54:39,100.0,Critical,Critical,P1,Investigating,Incident Response Team,Privilege Escalation,Immediately isolate the endpoint
ALT-003619,131726,2026-07-27 05:54:47,100.0,Critical,Critical,P1,Resolved,Incident Response Team,Data Exfiltration,Immediately isolate the endpoint
ALT-003311,119204,2026-07-27 05:54:48,99.7,Critical,Critical,P1,Open,Incident Response Team,Malware Infection,Immediately isolate the endpoint
ALT-001219,45981,2026-07-27 05:54:49,100.0,Critical,Critical,P1,Resolved,Incident Response Team,Ransomware,Immediately isolate the endpoint
ALT-005614,223407,2026-07-27 05:55:31,100.0,Critical,Critical,P1,Open,Incident Response Team,Malware Infection,Immediately isolate the endpoint
ALT-000904,35081,2026-07-27 05:55:37,100.0,Critical,Critical,P1,Open,Incident Response Team,Data Exfiltration,Immediately isolate the endpoint
ALT-005308,210593,2026-07-27 05:55:41,99.08,Critical,Critical,P1,Investigating,Incident Response Team,Malware Infection,Immediately isolate the endpoint
ALT-001678,58902,2026-07-27 05:55:58,98.96,Critical,Critical,P1,Open,Incident Response Team,Privilege Escalation,Immediately isolate the endpoint
ALT-001245,46343,2026-07-27 05:56:01,32.51,Medium,Low,P3,Open,Tier-1 SOC Analyst,Reconnaissance,Investigate suspicious activity
ALT-001519,54548,2026-07-27 05:56:16,100.0,Critical,Critical,P1,Open,Incident Response Team,Malware Infection,Immediately isolate the endpoint
ALT-005133,205571,2026-07-27 05:56:34,98.7,Critical,Critical,P1,Investigating,Incident Response Team,Privilege Escalation,Immediately isolate the endpoint
ALT-000606,24909,2026-07-27 05:56:39,100.0,Critical,Critical,P1,Investigating,Incident Response Team,Data Exfiltration,Immediately isolate the endpoint
ALT-004548,182812,2026-07-27 05:56:51,56.56,High,Medium,P2,Open,Tier-2 SOC Analyst,Brute Force Attack,Notify security team
ALT-003644,135897,2026-07-27 05:57:08,99.69,Critical,Critical,P1,Open,Incident Response Team,Privilege Escalation,Immediately isolate the endpoint
ALT-004028,154645,2026-07-27 05:57:19,100.0,Critical,Critical,P1,Open,Incident Response Team,Data Exfiltration,Immediately isolate the endpoint
ALT-004137,159356,2026-07-27 05:57:44,99.32,Critical,Critical,P1,Open,Incident Response Team,Data Exfiltration,Immediately isolate the endpoint
ALT-002999,108753,2026-07-27 05:57:50,99.99,Critical,Critical,P1,Open,Incident Response Team,Malware Infection,Immediately isolate the endpoint
ALT-006086,234888,2026-07-27 05:57:53,99.09,Critical,Critical,P1,Investigating,Incident Response Team,Malware Infection,Immediately isolate the endpoint
ALT-005700,225422,2026-07-27 05:58:07,100.0,Critical,Critical,P1,Open,Incident Response Team,Ransomware,Immediately isolate the endpoint
ALT-003736,137629,2026-07-27 05:58:11,100.0,Critical,Critical,P1,Open,Incident Response Team,Data Exfiltration,Immediately isolate the endpoint
ALT-003056,110863,2026-07-27 05:58:28,100.0,Critical,Critical,P1,Open,Incident Response Team,Ransomware,Immediately isolate the endpoint
ALT-004485,181858,2026-07-27 05:58:44,100.0,Critical,Critical,P1,Open,Incident Response Team,Privilege Escalation,Immediately isolate the endpoint
ALT-001458,53786,2026-07-27 05:58:52,58.8,High,Medium,P2,Resolved,Tier-2 SOC Analyst,Unauthorized Access,Notify security team
ALT-002722,98280,2026-07-27 05:59:03,100.0,Critical,Critical,P1,Open,Incident Response Team,Malware Infection,Immediately isolate the endpoint
ALT-004978,202778,2026-07-27 05:59:33,60.18,High,Medium,P2,Open,Tier-2 SOC Analyst,Network Intrusion,Notify security team
ALT-001947,65959,2026-07-27 05:59:38,100.0,Critical,Critical,P1,Open,Incident Response Team,Privilege Escalation,Immediately isolate the endpoint
ALT-000653,26276,2026-07-27 05:59:54,100.0,Critical,Critical,P1,Open,Incident Response Team,Malware Infection,Immediately isolate the endpoint
ALT-005049,203221,2026-07-27 06:00:01,100.0,Critical,Critical,P1,Open,Incident Response Team,Privilege Escalation,Immediately isolate the endpoint
ALT-002143,74330,2026-07-27 06:00:16,100.0,Critical,Critical,P1,Open,Incident Response Team,Malware Infection,Immediately isolate the endpoint
ALT-002640,92179,2026-07-27 06:00:16,100.0,Critical,Critical,P1,Open,Incident Response Team,Ransomware,Immediately isolate the endpoint
ALT-004105,158843,2026-07-27 06:00:20,99.26,Critical,Critical,P1,Open,Incident Response Team,Malware Infection,Immediately isolate the endpoint
ALT-004617,185959,2026-07-27 06:00:43,20.58,Medium,Low,P3,Open,Tier-1 SOC Analyst,Policy Violation,Investigate suspicious activity
ALT-004891,201441,2026-07-27 06:00:54,21.81,Medium,Low,P3,Open,Tier-1 SOC Analyst,Abnormal Traffic,Investigate suspicious activity
ALT-005426,213239,2026-07-27 06:01:03,100.0,Critical,Critical,P1,Resolved,Incident Response Team,Malware Infection,Immediately isolate the endpoint
ALT-003127,112206,2026-07-27 06:01:23,32.75,Medium,Low,P3,Open,Tier-1 SOC Analyst,Reconnaissance,Investigate suspicious activity
ALT-000873,32765,2026-07-27 06:01:29,100.0,Critical,Critical,P1,Open,Incident Response Team,Ransomware,Immediately isolate the endpoint
ALT-004705,189115,2026-07-27 06:01:31,100.0,Critical,Critical,P1,Open,Incident Response Team,Data Exfiltration,Immediately isolate the endpoint
ALT-001233,45995,2026-07-27 06:02:49,100.0,Critical,Critical,P1,Open,Incident Response Team,Malware Infection,Immediately isolate the endpoint
ALT-003435,123136,2026-07-27 06:02:51,97.79,Critical,Critical,P1,Investigating,Incident Response Team,Ransomware,Immediately isolate the endpoint
ALT-000221,7758,2026-07-27 06:02:56,100.0,Critical,Critical,P1,Open,Incident Response Team,Ransomware,Immediately isolate the endpoint
ALT-006040,234087,2026-07-27 06:03:33,100.0,Critical,Critical,P1,Investigating,Incident Response Team,Ransomware,Immediately isolate the endpoint
ALT-003407,121702,2026-07-27 06:03:36,77.32,High,Medium,P2,Open,Tier-2 SOC Analyst,Suspicious Login,Notify security team
ALT-005107,204230,2026-07-27 06:03:53,100.0,Critical,Critical,P1,Open,Incident Response Team,Privilege Escalation,Immediately isolate the endpoint
ALT-000333,11463,2026-07-27 06:04:12,99.98,Critical,Critical,P1,Investigating,Incident Response Team,Data Exfiltration,Immediately isolate the endpoint
ALT-003800,140900,2026-07-27 06:04:14,100.0,Critical,Critical,P1,Open,Incident Response Team,Ransomware,Immediately isolate the endpoint
ALT-000223,7760,2026-07-27 06:04:33,100.0,Critical,Critical,P1,Open,Incident Response Team,Data Exfiltration,Immediately isolate the endpoint
ALT-005131,205569,2026-07-27 06:04:34,100.0,Critical,Critical,P1,Open,Incident Response Team,Malware Infection,Immediately isolate the endpoint
ALT-003887,142691,2026-07-27 06:04:40,100.0,Critical,Critical,P1,Investigating,Incident Response Team,Data Exfiltration,Immediately isolate the endpoint
ALT-005621,223704,2026-07-27 06:05:17,99.54,Critical,Critical,P1,Open,Incident Response Team,Malware Infection,Immediately isolate the endpoint
ALT-002428,84085,2026-07-27 06:05:21,100.0,Critical,Critical,P1,Investigating,Incident Response Team,Ransomware,Immediately isolate the endpoint
ALT-000991,40005,2026-07-27 06:05:45,100.0,Critical,Critical,P1,Open,Incident Response Team,Ransomware,Immediately isolate the endpoint
ALT-003798,140898,2026-07-27 06:06:14,100.0,Critical,Critical,P1,Investigating,Incident Response Team,Malware Infection,Immediately isolate the endpoint
ALT-000538,19843,2026-07-27 06:06:18,100.0,Critical,Critical,P1,Open,Incident Response Team,Data Exfiltration,Immediately isolate the endpoint
ALT-004433,177897,2026-07-27 06:06:21,49.38,Medium,Low,P3,Investigating,Tier-1 SOC Analyst,Policy Violation,Investigate suspicious activity
ALT-003122,112201,2026-07-27 06:06:36,27.0,Medium,Low,P3,Open,Tier-1 SOC Analyst,Abnormal Traffic,Investigate suspicious activity
ALT-002890,105098,2026-07-27 06:06:44,100.0,Critical,Critical,P1,Resolved,Incident Response Team,Ransomware,Immediately isolate the endpoint
ALT-001740,60626,2026-07-27 06:06:57,100.0,Critical,Critical,P1,Open,Incident Response Team,Malware Infection,Immediately isolate the endpoint
ALT-002236,77693,2026-07-27 06:07:06,100.0,Critical,Critical,P1,Open,Incident Response Team,Malware Infection,Immediately isolate the endpoint
ALT-003473,126450,2026-07-27 06:07:31,100.0,Critical,Critical,P1,Open,Incident Response Team,Privilege Escalation,Immediately isolate the endpoint
ALT-002043,69542,2026-07-27 06:07:49,100.0,Critical,Critical,P1,Open,Incident Response Team,Ransomware,Immediately isolate the endpoint
ALT-002734,98834,2026-07-27 06:08:00,100.0,Critical,Critical,P1,Open,Incident Response Team,Malware Infection,Immediately isolate the endpoint
ALT-005951,232684,2026-07-27 06:09:10,98.69,Critical,Critical,P1,Resolved,Incident Response Team,Malware Infection,Immediately isolate the endpoint
ALT-003291,118032,2026-07-27 06:09:12,100.0,Critical,Critical,P1,Resolved,Incident Response Team,Data Exfiltration,Immediately isolate the endpoint
ALT-001431,52855,2026-07-27 06:09:13,43.9,Medium,Low,P3,Open,Tier-1 SOC Analyst,Port Scan,Investigate suspicious activity
ALT-002237,77694,2026-07-27 06:09:15,100.0,Critical,Critical,P1,Resolved,Incident Response Team,Data Exfiltration,Immediately isolate the endpoint
ALT-000857,32749,2026-07-27 06:09:24,100.0,Critical,Critical,P1,Open,Incident Response Team,Data Exfiltration,Immediately isolate the endpoint
ALT-003626,135879,2026-07-27 06:09:29,100.0,Critical,Critical,P1,Open,Incident Response Team,Malware Infection,Immediately isolate the endpoint
ALT-002614,92125,2026-07-27 06:09:34,100.0,Critical,Critical,P1,Investigating,Incident Response Team,Data Exfiltration,Immediately isolate the endpoint
ALT-002564,90729,2026-07-27 06:09:43,99.99,Critical,Critical,P1,Investigating,Incident Response Team,Privilege Escalation,Immediately isolate the endpoint
ALT-001048,41914,2026-07-27 06:09:47,100.0,Critical,Critical,P1,Resolved,Incident Response Team,Privilege Escalation,Immediately isolate the endpoint
ALT-004878,201415,2026-07-27 06:10:03,26.52,Medium,Low,P3,Open,Tier-1 SOC Analyst,Port Scan,Investigate suspicious activity
ALT-000704,27215,2026-07-27 06:10:20,100.0,Critical,Critical,P1,Investigating,Incident Response Team,Data Exfiltration,Immediately isolate the endpoint
ALT-001258,46999,2026-07-27 06:10:21,100.0,Critical,Critical,P1,Open,Incident Response Team,Privilege Escalation,Immediately isolate the endpoint
ALT-002277,81707,2026-07-27 06:10:43,98.82,Critical,Critical,P1,Open,Incident Response Team,Privilege Escalation,Immediately isolate the endpoint
ALT-004401,176652,2026-07-27 06:10:58,100.0,Critical,Critical,P1,Open,Incident Response Team,Malware Infection,Immediately isolate the endpoint
ALT-004522,182726,2026-07-27 06:11:14,51.59,High,Medium,P2,Resolved,Tier-2 SOC Analyst,Network Intrusion,Notify security team
ALT-000451,15565,2026-07-27 06:11:29,100.0,Critical,Critical,P1,Investigating,Incident Response Team,Ransomware,Immediately isolate the endpoint
ALT-000611,24914,2026-07-27 06:12:26,100.0,Critical,Critical,P1,Investigating,Incident Response Team,Malware Infection,Immediately isolate the endpoint
ALT-005037,203209,2026-07-27 06:12:33,27.39,Medium,Low,P3,Open,Tier-1 SOC Analyst,Reconnaissance,Investigate suspicious activity
ALT-005422,213235,2026-07-27 06:12:39,100.0,Critical,Critical,P1,Open,Incident Response Team,Ransomware,Immediately isolate the endpoint
ALT-005234,207288,2026-07-27 06:13:25,100.0,Critical,Critical,P1,Open,Incident Response Team,Malware Infection,Immediately isolate the endpoint
ALT-005856,231196,2026-07-27 06:13:31,100.0,Critical,Critical,P1,Open,Incident Response Team,Ransomware,Immediately isolate the endpoint
ALT-000880,34290,2026-07-27 06:13:38,100.0,Critical,Critical,P1,Open,Incident Response Team,Ransomware,Immediately isolate the endpoint
ALT-006070,234731,2026-07-27 06:14:19,21.77,Medium,Low,P3,Investigating,Tier-1 SOC Analyst,Abnormal Traffic,Investigate suspicious activity
ALT-001570,56176,2026-07-27 06:14:27,100.0,Critical,Critical,P1,Open,Incident Response Team,Data Exfiltration,Immediately isolate the endpoint
ALT-003480,126457,2026-07-27 06:14:33,98.31,Critical,Critical,P1,Open,Incident Response Team,Privilege Escalation,Immediately isolate the endpoint
ALT-003824,140924,2026-07-27 06:14:39,100.0,Critical,Critical,P1,Open,Incident Response Team,Privilege Escalation,Immediately isolate the endpoint
ALT-001355,51469,2026-07-27 06:14:48,100.0,Critical,Critical,P1,Open,Incident Response Team,Ransomware,Immediately isolate the endpoint
ALT-003465,123166,2026-07-27 06:15:16,98.23,Critical,Critical,P1,Open,Incident Response Team,Privilege Escalation,Immediately isolate the endpoint
ALT-000918,35095,2026-07-27 06:15:20,100.0,Critical,Critical,P1,Resolved,Incident Response Team,Ransomware,Immediately isolate the endpoint
ALT-005245,207299,2026-07-27 06:15:59,100.0,Critical,Critical,P1,Investigating,Incident Response Team,Data Exfiltration,Immediately isolate the endpoint
ALT-003508,126665,2026-07-27 06:16:02,98.82,Critical,Critical,P1,Investigating,Incident Response Team,Privilege Escalation,Immediately isolate the endpoint
ALT-001010,40466,2026-07-27 06:16:11,100.0,Critical,Critical,P1,Open,Incident Response Team,Ransomware,Immediately isolate the endpoint
ALT-005952,232685,2026-07-27 06:16:49,98.68,Critical,Critical,P1,Open,Incident Response Team,Malware Infection,Immediately isolate the endpoint
ALT-002523,86275,2026-07-27 06:16:49,39.62,Medium,Low,P3,Open,Tier-1 SOC Analyst,Abnormal Traffic,Investigate suspicious activity
ALT-001047,41913,2026-07-27 06:17:03,100.0,Critical,Critical,P1,Investigating,Incident Response Team,Data Exfiltration,Immediately isolate the endpoint
ALT-000435,15549,2026-07-27 06:17:04,100.0,Critical,Critical,P1,Investigating,Incident Response Team,Data Exfiltration,Immediately isolate the endpoint
ALT-002273,81703,2026-07-27 06:17:22,98.95,Critical,Critical,P1,Open,Incident Response Team,Malware Infection,Immediately isolate the endpoint
ALT-000620,24923,2026-07-27 06:17:37,100.0,Critical,Critical,P1,Open,Incident Response Team,Privilege Escalation,Immediately isolate the endpoint
ALT-001167,44916,2026-07-27 06:17:42,66.86,High,Medium,P2,Open,Tier-2 SOC Analyst,Brute Force Attack,Notify security team
ALT-003822,140922,2026-07-27 06:17:48,100.0,Critical,Critical,P1,Investigating,Incident Response Team,Data Exfiltration,Immediately isolate the endpoint
ALT-000968,38865,2026-07-27 06:18:09,100.0,Critical,Critical,P1,Resolved,Incident Response Team,Malware Infection,Immediately isolate the endpoint
ALT-001965,66032,2026-07-27 06:18:14,73.27,High,Medium,P2,Open,Tier-2 SOC Analyst,Suspicious Login,Notify security team
ALT-002096,70759,2026-07-27 06:18:20,99.3,Critical,Critical,P1,Open,Incident Response Team,Privilege Escalation,Immediately isolate the endpoint
ALT-000201,5738,2026-07-27 06:18:40,99.98,Critical,Critical,P1,Open,Incident Response Team,Ransomware,Immediately isolate the endpoint
ALT-002351,83762,2026-07-27 06:18:52,50.4,High,Medium,P2,Open,Tier-2 SOC Analyst,Unauthorized Access,Notify security team
ALT-005162,205600,2026-07-27 06:19:03,99.11,Critical,Critical,P1,Open,Incident Response Team,Privilege Escalation,Immediately isolate the endpoint
ALT-000232,9489,2026-07-27 06:19:23,99.56,Critical,Critical,P1,Open,Incident Response Team,Privilege Escalation,Immediately isolate the endpoint
ALT-000308,10650,2026-07-27 06:19:27,100.0,Critical,Critical,P1,Investigating,Incident Response Team,Privilege Escalation,Immediately isolate the endpoint
ALT-006106,235250,2026-07-27 06:19:31,100.0,Critical,Critical,P1,Investigating,Incident Response Team,Malware Infection,Immediately isolate the endpoint
ALT-005172,205786,2026-07-27 06:19:35,99.99,Critical,Critical,P1,Open,Incident Response Team,Malware Infection,Immediately isolate the endpoint
ALT-005836,230818,2026-07-27 06:19:47,99.99,Critical,Critical,P1,Investigating,Incident Response Team,Data Exfiltration,Immediately isolate the endpoint
ALT-004505,181878,2026-07-27 06:19:48,100.0,Critical,Critical,P1,Open,Incident Response Team,Data Exfiltration,Immediately isolate the endpoint
ALT-003050,110857,2026-07-27 06:20:10,100.0,Critical,Critical,P1,Open,Incident Response Team,Privilege Escalation,Immediately isolate the endpoint
ALT-002151,74503,2026-07-27 06:20:14,99.99,Critical,Critical,P1,Open,Incident Response Team,Malware Infection,Immediately isolate the endpoint
ALT-005779,229987,2026-07-27 06:20:28,100.0,Critical,Critical,P1,Open,Incident Response Team,Malware Infection,Immediately isolate the endpoint
ALT-002904,105798,2026-07-27 06:20:40,100.0,Critical,Critical,P1,Open,Incident Response Team,Malware Infection,Immediately isolate the endpoint
ALT-000038,2380,2026-07-27 06:20:50,97.96,Critical,Critical,P1,Open,Incident Response Team,Malware Infection,Immediately isolate the endpoint
ALT-002087,70750,2026-07-27 06:20:51,100.0,Critical,Critical,P1,Open,Incident Response Team,Privilege Escalation,Immediately isolate the endpoint
